relpath,district,split
Khulna/khl1.wav,Khulna,train
Khulna/khl10.wav,Khulna,train
Khulna/khl100.wav,Khulna,val
Khulna/khl101.wav,Khulna,test
Khulna/khl102.wav,Khulna,train
Khulna/khl103.wav,Khulna,train
Khulna/khl104.wav,Khulna,train
Khulna/khl105.wav,Khulna,train
Khulna/khl106.wav,Khulna,val
Khulna/khl107.wav,Khulna,train
Khulna/khl108.wav,Khulna,test
Khulna/khl109.wav,Khulna,train
Khulna/khl11.wav,Khulna,val
Khulna/khl110.wav,Khulna,train
Khulna/khl111.wav,Khulna,train
Khulna/khl112.wav,Khulna,train
Khulna/khl113.wav,Khulna,train
Khulna/khl114.wav,Khulna,train
Khulna/khl115.wav,Khulna,train
Khulna/khl116.wav,Khulna,train
Khulna/khl117.wav,Khulna,train
Khulna/khl118.wav,Khulna,train
Khulna/khl119.wav,Khulna,train
Khulna/khl12.wav,Khulna,train
Khulna/khl120.wav,Khulna,train
Khulna/khl121.wav,Khulna,train
Khulna/khl122.wav,Khulna,train
Khulna/khl123.wav,Khulna,train
Khulna/khl124.wav,Khulna,train
Khulna/khl125.wav,Khulna,train
Khulna/khl126.wav,Khulna,train
Khulna/khl127.wav,Khulna,train
Khulna/khl128.wav,Khulna,train
Khulna/khl129.wav,Khulna,train
Khulna/khl13.wav,Khulna,train
Khulna/khl130.wav,Khulna,train
Khulna/khl131.wav,Khulna,train
Khulna/khl132.wav,Khulna,train
Khulna/khl133.wav,Khulna,train
Khulna/khl134.wav,Khulna,train
Khulna/khl135.wav,Khulna,train
Khulna/khl136.wav,Khulna,train
Khulna/khl137.wav,Khulna,train
Khulna/khl138.wav,Khulna,test
Khulna/khl139.wav,Khulna,train
Khulna/khl14.wav,Khulna,train
Khulna/khl140.wav,Khulna,val
Khulna/khl141.wav,Khulna,train
Khulna/khl142.wav,Khulna,val
Khulna/khl143.wav,Khulna,train
Khulna/khl144.wav,Khulna,train
Khulna/khl145.wav,Khulna,train
Khulna/khl146.wav,Khulna,train
Khulna/khl147.wav,Khulna,test
Khulna/khl148.wav,Khulna,train
Khulna/khl149.wav,Khulna,train
Khulna/khl15.wav,Khulna,train
Khulna/khl150.wav,Khulna,train
Khulna/khl151.wav,Khulna,val
Khulna/khl152.wav,Khulna,test
Khulna/khl153.wav,Khulna,train
Khulna/khl154.wav,Khulna,train
Khulna/khl155.wav,Khulna,train
Khulna/khl156.wav,Khulna,val
Khulna/khl157.wav,Khulna,val
Khulna/khl158.wav,Khulna,train
Khulna/khl159.wav,Khulna,val
Khulna/khl16.wav,Khulna,test
Khulna/khl160.wav,Khulna,train
Khulna/khl161.wav,Khulna,train
Khulna/khl162.wav,Khulna,train
Khulna/khl163.wav,Khulna,train
Khulna/khl164.wav,Khulna,train
Khulna/khl165.wav,Khulna,train
Khulna/khl166.wav,Khulna,train
Khulna/khl167.wav,Khulna,train
Khulna/khl168.wav,Khulna,train
Khulna/khl169.wav,Khulna,train
Khulna/khl17.wav,Khulna,train
Khulna/khl170.wav,Khulna,test
Khulna/khl171.wav,Khulna,test
Khulna/khl172.wav,Khulna,train
Khulna/khl173.wav,Khulna,train
Khulna/khl174.wav,Khulna,train
Khulna/khl175.wav,Khulna,test
Khulna/khl176.wav,Khulna,train
Khulna/khl177.wav,Khulna,val
Khulna/khl178.wav,Khulna,train
Khulna/khl179.wav,Khulna,train
Khulna/khl18.wav,Khulna,test
Khulna/khl180.wav,Khulna,train
Khulna/khl181.wav,Khulna,train
Khulna/khl182.wav,Khulna,val
Khulna/khl183.wav,Khulna,test
Khulna/khl184.wav,Khulna,train
Khulna/khl185.wav,Khulna,train
Khulna/khl186.wav,Khulna,train
Khulna/khl187.wav,Khulna,test
Khulna/khl188.wav,Khulna,train
Khulna/khl189.wav,Khulna,train
Khulna/khl19.wav,Khulna,train
Khulna/khl190.wav,Khulna,train
Khulna/khl191.wav,Khulna,train
Khulna/khl192.wav,Khulna,train
Khulna/khl193.wav,Khulna,train
Khulna/khl194.wav,Khulna,train
Khulna/khl195.wav,Khulna,test
Khulna/khl196.wav,Khulna,train
Khulna/khl197.wav,Khulna,train
Khulna/khl198.wav,Khulna,train
Khulna/khl199.wav,Khulna,train
Khulna/khl2.wav,Khulna,train
Khulna/khl20.wav,Khulna,train
Khulna/khl200.wav,Khulna,train
Khulna/khl201.wav,Khulna,train
Khulna/khl202.wav,Khulna,test
Khulna/khl203.wav,Khulna,test
Khulna/khl204.wav,Khulna,train
Khulna/khl205.wav,Khulna,train
Khulna/khl206.wav,Khulna,train
Khulna/khl207.wav,Khulna,test
Khulna/khl208.wav,Khulna,train
Khulna/khl209.wav,Khulna,train
Khulna/khl21.wav,Khulna,train
Khulna/khl210.wav,Khulna,test
Khulna/khl211.wav,Khulna,train
Khulna/khl212.wav,Khulna,val
Khulna/khl213.wav,Khulna,val
Khulna/khl214.wav,Khulna,train
Khulna/khl215.wav,Khulna,train
Khulna/khl216.wav,Khulna,test
Khulna/khl217.wav,Khulna,train
Khulna/khl218.wav,Khulna,val
Khulna/khl219.wav,Khulna,train
Khulna/khl22.wav,Khulna,train
Khulna/khl220.wav,Khulna,train
Khulna/khl221.wav,Khulna,val
Khulna/khl222.wav,Khulna,train
Khulna/khl223.wav,Khulna,train
Khulna/khl224.wav,Khulna,train
Khulna/khl225.wav,Khulna,train
Khulna/khl226.wav,Khulna,test
Khulna/khl227.wav,Khulna,train
Khulna/khl228.wav,Khulna,train
Khulna/khl229.wav,Khulna,train
Khulna/khl23.wav,Khulna,train
Khulna/khl230.wav,Khulna,train
Khulna/khl231.wav,Khulna,test
Khulna/khl232.wav,Khulna,test
Khulna/khl233.wav,Khulna,train
Khulna/khl234.wav,Khulna,test
Khulna/khl235.wav,Khulna,test
Khulna/khl236.wav,Khulna,train
Khulna/khl237.wav,Khulna,train
Khulna/khl238.wav,Khulna,train
Khulna/khl239.wav,Khulna,val
Khulna/khl24.wav,Khulna,train
Khulna/khl240.wav,Khulna,test
Khulna/khl241.wav,Khulna,test
Khulna/khl242.wav,Khulna,train
Khulna/khl243.wav,Khulna,test
Khulna/khl244.wav,Khulna,train
Khulna/khl245.wav,Khulna,train
Khulna/khl246.wav,Khulna,train
Khulna/khl247.wav,Khulna,train
Khulna/khl248.wav,Khulna,val
Khulna/khl249.wav,Khulna,val
Khulna/khl25.wav,Khulna,train
Khulna/khl250.wav,Khulna,train
Khulna/khl251.wav,Khulna,train
Khulna/khl252.wav,Khulna,train
Khulna/khl253.wav,Khulna,train
Khulna/khl254.wav,Khulna,train
Khulna/khl255.wav,Khulna,train
Khulna/khl256.wav,Khulna,train
Khulna/khl257.wav,Khulna,val
Khulna/khl258.wav,Khulna,train
Khulna/khl259.wav,Khulna,train
Khulna/khl26.wav,Khulna,train
Khulna/khl260.wav,Khulna,val
Khulna/khl261.wav,Khulna,train
Khulna/khl262.wav,Khulna,train
Khulna/khl263.wav,Khulna,train
Khulna/khl264.wav,Khulna,train
Khulna/khl265.wav,Khulna,train
Khulna/khl266.wav,Khulna,train
Khulna/khl267.wav,Khulna,train
Khulna/khl268.wav,Khulna,val
Khulna/khl269.wav,Khulna,test
Khulna/khl27.wav,Khulna,train
Khulna/khl270.wav,Khulna,train
Khulna/khl271.wav,Khulna,train
Khulna/khl272.wav,Khulna,test
Khulna/khl273.wav,Khulna,train
Khulna/khl274.wav,Khulna,train
Khulna/khl275.wav,Khulna,test
Khulna/khl276.wav,Khulna,train
Khulna/khl277.wav,Khulna,train
Khulna/khl278.wav,Khulna,train
Khulna/khl279.wav,Khulna,val
Khulna/khl28.wav,Khulna,train
Khulna/khl280.wav,Khulna,train
Khulna/khl281.wav,Khulna,train
Khulna/khl282.wav,Khulna,val
Khulna/khl283.wav,Khulna,test
Khulna/khl284.wav,Khulna,train
Khulna/khl285.wav,Khulna,val
Khulna/khl286.wav,Khulna,train
Khulna/khl287.wav,Khulna,train
Khulna/khl288.wav,Khulna,train
Khulna/khl289.wav,Khulna,train
Khulna/khl29.wav,Khulna,test
Khulna/khl290.wav,Khulna,val
Khulna/khl291.wav,Khulna,train
Khulna/khl292.wav,Khulna,test
Khulna/khl293.wav,Khulna,test
Khulna/khl294.wav,Khulna,train
Khulna/khl295.wav,Khulna,train
Khulna/khl296.wav,Khulna,train
Khulna/khl297.wav,Khulna,train
Khulna/khl298.wav,Khulna,train
Khulna/khl299.wav,Khulna,train
Khulna/khl3.wav,Khulna,test
Khulna/khl30.wav,Khulna,train
Khulna/khl300.wav,Khulna,test
Khulna/khl301.wav,Khulna,train
Khulna/khl302.wav,Khulna,train
Khulna/khl303.wav,Khulna,train
Khulna/khl304.wav,Khulna,train
Khulna/khl305.wav,Khulna,train
Khulna/khl306.wav,Khulna,train
Khulna/khl307.wav,Khulna,train
Khulna/khl308.wav,Khulna,train
Khulna/khl309.wav,Khulna,train
Khulna/khl31.wav,Khulna,test
Khulna/khl310.wav,Khulna,train
Khulna/khl311.wav,Khulna,test
Khulna/khl312.wav,Khulna,train
Khulna/khl313.wav,Khulna,train
Khulna/khl314.wav,Khulna,val
Khulna/khl315.wav,Khulna,train
Khulna/khl316.wav,Khulna,val
Khulna/khl317.wav,Khulna,train
Khulna/khl318.wav,Khulna,train
Khulna/khl319.wav,Khulna,train
Khulna/khl32.wav,Khulna,train
Khulna/khl320.wav,Khulna,train
Khulna/khl321.wav,Khulna,test
Khulna/khl322.wav,Khulna,train
Khulna/khl323.wav,Khulna,train
Khulna/khl324.wav,Khulna,train
Khulna/khl325.wav,Khulna,train
Khulna/khl326.wav,Khulna,train
Khulna/khl327.wav,Khulna,train
Khulna/khl328.wav,Khulna,train
Khulna/khl329.wav,Khulna,test
Khulna/khl33.wav,Khulna,val
Khulna/khl330.wav,Khulna,train
Khulna/khl331.wav,Khulna,train
Khulna/khl332.wav,Khulna,train
Khulna/khl333.wav,Khulna,train
Khulna/khl334.wav,Khulna,test
Khulna/khl335.wav,Khulna,train
Khulna/khl336.wav,Khulna,test
Khulna/khl337.wav,Khulna,test
Khulna/khl338.wav,Khulna,train
Khulna/khl339.wav,Khulna,train
Khulna/khl34.wav,Khulna,train
Khulna/khl340.wav,Khulna,train
Khulna/khl341.wav,Khulna,val
Khulna/khl342.wav,Khulna,train
Khulna/khl343.wav,Khulna,train
Khulna/khl344.wav,Khulna,train
Khulna/khl345.wav,Khulna,train
Khulna/khl346.wav,Khulna,train
Khulna/khl347.wav,Khulna,train
Khulna/khl348.wav,Khulna,test
Khulna/khl349.wav,Khulna,train
Khulna/khl35.wav,Khulna,train
Khulna/khl350.wav,Khulna,val
Khulna/khl351.wav,Khulna,test
Khulna/khl352.wav,Khulna,train
Khulna/khl353.wav,Khulna,train
Khulna/khl354.wav,Khulna,train
Khulna/khl355.wav,Khulna,train
Khulna/khl356.wav,Khulna,val
Khulna/khl357.wav,Khulna,train
Khulna/khl358.wav,Khulna,train
Khulna/khl359.wav,Khulna,train
Khulna/khl36.wav,Khulna,test
Khulna/khl360.wav,Khulna,train
Khulna/khl361.wav,Khulna,train
Khulna/khl362.wav,Khulna,train
Khulna/khl363.wav,Khulna,train
Khulna/khl364.wav,Khulna,train
Khulna/khl365.wav,Khulna,train
Khulna/khl366.wav,Khulna,train
Khulna/khl367.wav,Khulna,train
Khulna/khl368.wav,Khulna,test
Khulna/khl369.wav,Khulna,train
Khulna/khl37.wav,Khulna,train
Khulna/khl370.wav,Khulna,test
Khulna/khl371.wav,Khulna,train
Khulna/khl372.wav,Khulna,train
Khulna/khl373.wav,Khulna,train
Khulna/khl374.wav,Khulna,train
Khulna/khl375.wav,Khulna,train
Khulna/khl376.wav,Khulna,train
Khulna/khl377.wav,Khulna,train
Khulna/khl378.wav,Khulna,train
Khulna/khl379.wav,Khulna,test
Khulna/khl38.wav,Khulna,test
Khulna/khl380.wav,Khulna,train
Khulna/khl381.wav,Khulna,train
Khulna/khl382.wav,Khulna,train
Khulna/khl383.wav,Khulna,train
Khulna/khl384.wav,Khulna,train
Khulna/khl385.wav,Khulna,train
Khulna/khl386.wav,Khulna,train
Khulna/khl387.wav,Khulna,val
Khulna/khl388.wav,Khulna,test
Khulna/khl389.wav,Khulna,train
Khulna/khl39.wav,Khulna,val
Khulna/khl390.wav,Khulna,train
Khulna/khl391.wav,Khulna,val
Khulna/khl392.wav,Khulna,train
Khulna/khl393.wav,Khulna,train
Khulna/khl394.wav,Khulna,train
Khulna/khl395.wav,Khulna,train
Khulna/khl396.wav,Khulna,train
Khulna/khl397.wav,Khulna,val
Khulna/khl398.wav,Khulna,val
Khulna/khl399.wav,Khulna,train
Khulna/khl4.wav,Khulna,train
Khulna/khl40.wav,Khulna,train
Khulna/khl400.wav,Khulna,train
Khulna/khl401.wav,Khulna,train
Khulna/khl402.wav,Khulna,train
Khulna/khl403.wav,Khulna,train
Khulna/khl404.wav,Khulna,train
Khulna/khl405.wav,Khulna,test
Khulna/khl406.wav,Khulna,test
Khulna/khl407.wav,Khulna,train
Khulna/khl408.wav,Khulna,train
Khulna/khl409.wav,Khulna,train
Khulna/khl41.wav,Khulna,train
Khulna/khl410.wav,Khulna,train
Khulna/khl411.wav,Khulna,train
Khulna/khl412.wav,Khulna,train
Khulna/khl413.wav,Khulna,train
Khulna/khl414.wav,Khulna,train
Khulna/khl415.wav,Khulna,train
Khulna/khl416.wav,Khulna,train
Khulna/khl417.wav,Khulna,val
Khulna/khl418.wav,Khulna,train
Khulna/khl419.wav,Khulna,train
Khulna/khl42.wav,Khulna,train
Khulna/khl420.wav,Khulna,train
Khulna/khl421.wav,Khulna,train
Khulna/khl422.wav,Khulna,test
Khulna/khl423.wav,Khulna,test
Khulna/khl424.wav,Khulna,train
Khulna/khl425.wav,Khulna,train
Khulna/khl426.wav,Khulna,val
Khulna/khl427.wav,Khulna,train
Khulna/khl428.wav,Khulna,val
Khulna/khl429.wav,Khulna,train
Khulna/khl43.wav,Khulna,train
Khulna/khl430.wav,Khulna,train
Khulna/khl431.wav,Khulna,train
Khulna/khl432.wav,Khulna,train
Khulna/khl433.wav,Khulna,train
Khulna/khl434.wav,Khulna,train
Khulna/khl435.wav,Khulna,train
Khulna/khl436.wav,Khulna,train
Khulna/khl437.wav,Khulna,train
Khulna/khl438.wav,Khulna,train
Khulna/khl439.wav,Khulna,train
Khulna/khl44.wav,Khulna,train
Khulna/khl440.wav,Khulna,train
Khulna/khl441.wav,Khulna,train
Khulna/khl442.wav,Khulna,train
Khulna/khl443.wav,Khulna,val
Khulna/khl444.wav,Khulna,train
Khulna/khl445.wav,Khulna,test
Khulna/khl446.wav,Khulna,train
Khulna/khl447.wav,Khulna,train
Khulna/khl448.wav,Khulna,test
Khulna/khl449.wav,Khulna,test
Khulna/khl45.wav,Khulna,train
Khulna/khl450.wav,Khulna,train
Khulna/khl451.wav,Khulna,train
Khulna/khl452.wav,Khulna,train
Khulna/khl453.wav,Khulna,train
Khulna/khl454.wav,Khulna,train
Khulna/khl455.wav,Khulna,train
Khulna/khl456.wav,Khulna,train
Khulna/khl457.wav,Khulna,train
Khulna/khl458.wav,Khulna,train
Khulna/khl459.wav,Khulna,train
Khulna/khl46.wav,Khulna,val
Khulna/khl460.wav,Khulna,train
Khulna/khl461.wav,Khulna,train
Khulna/khl462.wav,Khulna,train
Khulna/khl463.wav,Khulna,train
Khulna/khl464.wav,Khulna,train
Khulna/khl465.wav,Khulna,test
Khulna/khl466.wav,Khulna,train
Khulna/khl467.wav,Khulna,train
Khulna/khl468.wav,Khulna,train
Khulna/khl469.wav,Khulna,train
Khulna/khl47.wav,Khulna,train
Khulna/khl470.wav,Khulna,train
Khulna/khl471.wav,Khulna,val
Khulna/khl472.wav,Khulna,train
Khulna/khl473.wav,Khulna,train
Khulna/khl474.wav,Khulna,test
Khulna/khl475.wav,Khulna,test
Khulna/khl476.wav,Khulna,train
Khulna/khl477.wav,Khulna,val
Khulna/khl478.wav,Khulna,test
Khulna/khl479.wav,Khulna,train
Khulna/khl48.wav,Khulna,train
Khulna/khl480.wav,Khulna,val
Khulna/khl481.wav,Khulna,train
Khulna/khl482.wav,Khulna,val
Khulna/khl483.wav,Khulna,train
Khulna/khl484.wav,Khulna,train
Khulna/khl485.wav,Khulna,train
Khulna/khl486.wav,Khulna,train
Khulna/khl487.wav,Khulna,train
Khulna/khl488.wav,Khulna,val
Khulna/khl489.wav,Khulna,train
Khulna/khl49.wav,Khulna,train
Khulna/khl490.wav,Khulna,test
Khulna/khl491.wav,Khulna,train
Khulna/khl492.wav,Khulna,train
Khulna/khl493.wav,Khulna,train
Khulna/khl494.wav,Khulna,val
Khulna/khl495.wav,Khulna,val
Khulna/khl496.wav,Khulna,test
Khulna/khl497.wav,Khulna,train
Khulna/khl498.wav,Khulna,val
Khulna/khl499.wav,Khulna,train
Khulna/khl5.wav,Khulna,train
Khulna/khl50.wav,Khulna,train
Khulna/khl500.wav,Khulna,train
Khulna/khl501.wav,Khulna,train
Khulna/khl502.wav,Khulna,val
Khulna/khl503.wav,Khulna,train
Khulna/khl504.wav,Khulna,val
Khulna/khl505.wav,Khulna,train
Khulna/khl506.wav,Khulna,train
Khulna/khl507.wav,Khulna,train
Khulna/khl508.wav,Khulna,train
Khulna/khl509.wav,Khulna,train
Khulna/khl51.wav,Khulna,train
Khulna/khl510.wav,Khulna,train
Khulna/khl511.wav,Khulna,val
Khulna/khl512.wav,Khulna,train
Khulna/khl513.wav,Khulna,train
Khulna/khl514.wav,Khulna,train
Khulna/khl515.wav,Khulna,train
Khulna/khl516.wav,Khulna,val
Khulna/khl517.wav,Khulna,train
Khulna/khl518.wav,Khulna,train
Khulna/khl519.wav,Khulna,test
Khulna/khl52.wav,Khulna,train
Khulna/khl520.wav,Khulna,train
Khulna/khl521.wav,Khulna,train
Khulna/khl522.wav,Khulna,train
Khulna/khl523.wav,Khulna,test
Khulna/khl524.wav,Khulna,train
Khulna/khl525.wav,Khulna,train
Khulna/khl526.wav,Khulna,val
Khulna/khl527.wav,Khulna,train
Khulna/khl528.wav,Khulna,test
Khulna/khl529.wav,Khulna,train
Khulna/khl53.wav,Khulna,train
Khulna/khl530.wav,Khulna,train
Khulna/khl531.wav,Khulna,train
Khulna/khl532.wav,Khulna,train
Khulna/khl533.wav,Khulna,train
Khulna/khl534.wav,Khulna,train
Khulna/khl535.wav,Khulna,train
Khulna/khl536.wav,Khulna,train
Khulna/khl537.wav,Khulna,train
Khulna/khl538.wav,Khulna,test
Khulna/khl539.wav,Khulna,train
Khulna/khl54.wav,Khulna,train
Khulna/khl540.wav,Khulna,train
Khulna/khl541.wav,Khulna,train
Khulna/khl542.wav,Khulna,train
Khulna/khl543.wav,Khulna,train
Khulna/khl544.wav,Khulna,train
Khulna/khl545.wav,Khulna,train
Khulna/khl546.wav,Khulna,train
Khulna/khl547.wav,Khulna,train
Khulna/khl548.wav,Khulna,train
Khulna/khl549.wav,Khulna,test
Khulna/khl55.wav,Khulna,train
Khulna/khl550.wav,Khulna,train
Khulna/khl551.wav,Khulna,train
Khulna/khl552.wav,Khulna,train
Khulna/khl553.wav,Khulna,train
Khulna/khl554.wav,Khulna,train
Khulna/khl555.wav,Khulna,train
Khulna/khl556.wav,Khulna,train
Khulna/khl557.wav,Khulna,test
Khulna/khl558.wav,Khulna,train
Khulna/khl559.wav,Khulna,train
Khulna/khl56.wav,Khulna,test
Khulna/khl560.wav,Khulna,train
Khulna/khl561.wav,Khulna,train
Khulna/khl562.wav,Khulna,train
Khulna/khl563.wav,Khulna,train
Khulna/khl564.wav,Khulna,train
Khulna/khl565.wav,Khulna,test
Khulna/khl566.wav,Khulna,train
Khulna/khl567.wav,Khulna,train
Khulna/khl568.wav,Khulna,train
Khulna/khl569.wav,Khulna,test
Khulna/khl57.wav,Khulna,train
Khulna/khl570.wav,Khulna,train
Khulna/khl571.wav,Khulna,train
Khulna/khl572.wav,Khulna,train
Khulna/khl573.wav,Khulna,train
Khulna/khl574.wav,Khulna,train
Khulna/khl575.wav,Khulna,test
Khulna/khl576.wav,Khulna,val
Khulna/khl577.wav,Khulna,train
Khulna/khl578.wav,Khulna,train
Khulna/khl579.wav,Khulna,train
Khulna/khl58.wav,Khulna,test
Khulna/khl580.wav,Khulna,test
Khulna/khl581.wav,Khulna,train
Khulna/khl582.wav,Khulna,val
Khulna/khl583.wav,Khulna,val
Khulna/khl584.wav,Khulna,val
Khulna/khl585.wav,Khulna,train
Khulna/khl586.wav,Khulna,test
Khulna/khl587.wav,Khulna,train
Khulna/khl588.wav,Khulna,train
Khulna/khl589.wav,Khulna,train
Khulna/khl59.wav,Khulna,train
Khulna/khl590.wav,Khulna,train
Khulna/khl591.wav,Khulna,test
Khulna/khl592.wav,Khulna,test
Khulna/khl593.wav,Khulna,test
Khulna/khl594.wav,Khulna,test
Khulna/khl595.wav,Khulna,train
Khulna/khl596.wav,Khulna,train
Khulna/khl597.wav,Khulna,val
Khulna/khl598.wav,Khulna,train
Khulna/khl599.wav,Khulna,train
Khulna/khl6.wav,Khulna,val
Khulna/khl60.wav,Khulna,train
Khulna/khl600.wav,Khulna,train
Khulna/khl601.wav,Khulna,train
Khulna/khl602.wav,Khulna,train
Khulna/khl603.wav,Khulna,train
Khulna/khl604.wav,Khulna,val
Khulna/khl605.wav,Khulna,test
Khulna/khl606.wav,Khulna,train
Khulna/khl607.wav,Khulna,train
Khulna/khl608.wav,Khulna,train
Khulna/khl609.wav,Khulna,train
Khulna/khl61.wav,Khulna,train
Khulna/khl610.wav,Khulna,train
Khulna/khl611.wav,Khulna,test
Khulna/khl612.wav,Khulna,train
Khulna/khl613.wav,Khulna,train
Khulna/khl614.wav,Khulna,val
Khulna/khl615.wav,Khulna,val
Khulna/khl616.wav,Khulna,val
Khulna/khl617.wav,Khulna,train
Khulna/khl618.wav,Khulna,train
Khulna/khl619.wav,Khulna,train
Khulna/khl62.wav,Khulna,train
Khulna/khl620.wav,Khulna,train
Khulna/khl621.wav,Khulna,train
Khulna/khl622.wav,Khulna,train
Khulna/khl623.wav,Khulna,train
Khulna/khl624.wav,Khulna,train
Khulna/khl625.wav,Khulna,train
Khulna/khl626.wav,Khulna,train
Khulna/khl627.wav,Khulna,train
Khulna/khl628.wav,Khulna,train
Khulna/khl629.wav,Khulna,train
Khulna/khl63.wav,Khulna,train
Khulna/khl630.wav,Khulna,train
Khulna/khl631.wav,Khulna,train
Khulna/khl632.wav,Khulna,val
Khulna/khl633.wav,Khulna,val
Khulna/khl634.wav,Khulna,train
Khulna/khl635.wav,Khulna,train
Khulna/khl636.wav,Khulna,test
Khulna/khl637.wav,Khulna,val
Khulna/khl638.wav,Khulna,train
Khulna/khl639.wav,Khulna,train
Khulna/khl64.wav,Khulna,test
Khulna/khl640.wav,Khulna,train
Khulna/khl641.wav,Khulna,test
Khulna/khl642.wav,Khulna,train
Khulna/khl643.wav,Khulna,val
Khulna/khl644.wav,Khulna,train
Khulna/khl645.wav,Khulna,train
Khulna/khl646.wav,Khulna,test
Khulna/khl647.wav,Khulna,train
Khulna/khl648.wav,Khulna,test
Khulna/khl649.wav,Khulna,train
Khulna/khl65.wav,Khulna,train
Khulna/khl650.wav,Khulna,test
Khulna/khl651.wav,Khulna,train
Khulna/khl652.wav,Khulna,train
Khulna/khl653.wav,Khulna,train
Khulna/khl654.wav,Khulna,train
Khulna/khl655.wav,Khulna,train
Khulna/khl656.wav,Khulna,train
Khulna/khl657.wav,Khulna,train
Khulna/khl658.wav,Khulna,train
Khulna/khl659.wav,Khulna,train
Khulna/khl66.wav,Khulna,train
Khulna/khl660.wav,Khulna,train
Khulna/khl661.wav,Khulna,test
Khulna/khl662.wav,Khulna,train
Khulna/khl663.wav,Khulna,train
Khulna/khl664.wav,Khulna,val
Khulna/khl665.wav,Khulna,train
Khulna/khl666.wav,Khulna,test
Khulna/khl667.wav,Khulna,train
Khulna/khl668.wav,Khulna,val
Khulna/khl669.wav,Khulna,val
Khulna/khl67.wav,Khulna,train
Khulna/khl670.wav,Khulna,train
Khulna/khl671.wav,Khulna,test
Khulna/khl672.wav,Khulna,train
Khulna/khl673.wav,Khulna,train
Khulna/khl674.wav,Khulna,train
Khulna/khl675.wav,Khulna,train
Khulna/khl676.wav,Khulna,test
Khulna/khl677.wav,Khulna,train
Khulna/khl678.wav,Khulna,train
Khulna/khl679.wav,Khulna,test
Khulna/khl68.wav,Khulna,test
Khulna/khl680.wav,Khulna,test
Khulna/khl681.wav,Khulna,train
Khulna/khl682.wav,Khulna,train
Khulna/khl683.wav,Khulna,train
Khulna/khl684.wav,Khulna,train
Khulna/khl685.wav,Khulna,train
Khulna/khl686.wav,Khulna,test
Khulna/khl687.wav,Khulna,train
Khulna/khl688.wav,Khulna,train
Khulna/khl689.wav,Khulna,train
Khulna/khl69.wav,Khulna,train
Khulna/khl690.wav,Khulna,train
Khulna/khl691.wav,Khulna,train
Khulna/khl692.wav,Khulna,test
Khulna/khl693.wav,Khulna,train
Khulna/khl694.wav,Khulna,train
Khulna/khl695.wav,Khulna,train
Khulna/khl696.wav,Khulna,train
Khulna/khl697.wav,Khulna,train
Khulna/khl698.wav,Khulna,test
Khulna/khl699.wav,Khulna,val
Khulna/khl7.wav,Khulna,train
Khulna/khl70.wav,Khulna,train
Khulna/khl700.wav,Khulna,test
Khulna/khl701.wav,Khulna,train
Khulna/khl702.wav,Khulna,train
Khulna/khl703.wav,Khulna,train
Khulna/khl704.wav,Khulna,train
Khulna/khl705.wav,Khulna,train
Khulna/khl706.wav,Khulna,train
Khulna/khl707.wav,Khulna,train
Khulna/khl708.wav,Khulna,test
Khulna/khl709.wav,Khulna,train
Khulna/khl71.wav,Khulna,train
Khulna/khl710.wav,Khulna,train
Khulna/khl711.wav,Khulna,train
Khulna/khl712.wav,Khulna,val
Khulna/khl713.wav,Khulna,train
Khulna/khl714.wav,Khulna,train
Khulna/khl715.wav,Khulna,train
Khulna/khl716.wav,Khulna,train
Khulna/khl717.wav,Khulna,train
Khulna/khl718.wav,Khulna,val
Khulna/khl719.wav,Khulna,train
Khulna/khl72.wav,Khulna,val
Khulna/khl720.wav,Khulna,train
Khulna/khl721.wav,Khulna,train
Khulna/khl722.wav,Khulna,test
Khulna/khl723.wav,Khulna,test
Khulna/khl724.wav,Khulna,train
Khulna/khl725.wav,Khulna,train
Khulna/khl726.wav,Khulna,test
Khulna/khl727.wav,Khulna,train
Khulna/khl728.wav,Khulna,train
Khulna/khl729.wav,Khulna,val
Khulna/khl73.wav,Khulna,train
Khulna/khl730.wav,Khulna,train
Khulna/khl731.wav,Khulna,test
Khulna/khl732.wav,Khulna,train
Khulna/khl733.wav,Khulna,train
Khulna/khl734.wav,Khulna,train
Khulna/khl735.wav,Khulna,train
Khulna/khl736.wav,Khulna,train
Khulna/khl737.wav,Khulna,train
Khulna/khl738.wav,Khulna,train
Khulna/khl739.wav,Khulna,train
Khulna/khl74.wav,Khulna,train
Khulna/khl740.wav,Khulna,train
Khulna/khl741.wav,Khulna,train
Khulna/khl742.wav,Khulna,train
Khulna/khl743.wav,Khulna,train
Khulna/khl744.wav,Khulna,test
Khulna/khl745.wav,Khulna,train
Khulna/khl746.wav,Khulna,train
Khulna/khl747.wav,Khulna,val
Khulna/khl748.wav,Khulna,train
Khulna/khl749.wav,Khulna,train
Khulna/khl75.wav,Khulna,val
Khulna/khl750.wav,Khulna,train
Khulna/khl76.wav,Khulna,test
Khulna/khl77.wav,Khulna,train
Khulna/khl78.wav,Khulna,train
Khulna/khl79.wav,Khulna,train
Khulna/khl8.wav,Khulna,test
Khulna/khl80.wav,Khulna,train
Khulna/khl81.wav,Khulna,train
Khulna/khl82.wav,Khulna,train
Khulna/khl83.wav,Khulna,train
Khulna/khl84.wav,Khulna,train
Khulna/khl85.wav,Khulna,train
Khulna/khl86.wav,Khulna,train
Khulna/khl87.wav,Khulna,train
Khulna/khl88.wav,Khulna,train
Khulna/khl89.wav,Khulna,train
Khulna/khl9.wav,Khulna,train
Khulna/khl90.wav,Khulna,val
Khulna/khl91.wav,Khulna,train
Khulna/khl92.wav,Khulna,train
Khulna/khl93.wav,Khulna,train
Khulna/khl94.wav,Khulna,train
Khulna/khl95.wav,Khulna,train
Khulna/khl96.wav,Khulna,train
Khulna/khl97.wav,Khulna,train
Khulna/khl98.wav,Khulna,val
Khulna/khl99.wav,Khulna,train
Barishal/br1.wav,Barishal,train
Barishal/br10.wav,Barishal,train
Barishal/br100.wav,Barishal,test
Barishal/br1000.wav,Barishal,train
Barishal/br1001.wav,Barishal,train
Barishal/br1002.wav,Barishal,train
Barishal/br1003.wav,Barishal,train
Barishal/br1004.wav,Barishal,test
Barishal/br1005.wav,Barishal,train
Barishal/br1006.wav,Barishal,train
Barishal/br1007.wav,Barishal,test
Barishal/br1008.wav,Barishal,val
Barishal/br1009.wav,Barishal,train
Barishal/br101.wav,Barishal,val
Barishal/br1010.wav,Barishal,train
Barishal/br1011.wav,Barishal,train
Barishal/br1012.wav,Barishal,val
Barishal/br1013.wav,Barishal,train
Barishal/br1014.wav,Barishal,train
Barishal/br1015.wav,Barishal,train
Barishal/br1016.wav,Barishal,train
Barishal/br1017.wav,Barishal,train
Barishal/br1018.wav,Barishal,train
Barishal/br1019.wav,Barishal,train
Barishal/br102.wav,Barishal,train
Barishal/br1020.wav,Barishal,test
Barishal/br1021.wav,Barishal,train
Barishal/br1022.wav,Barishal,train
Barishal/br1023.wav,Barishal,val
Barishal/br1024.wav,Barishal,val
Barishal/br1025.wav,Barishal,train
Barishal/br1026.wav,Barishal,train
Barishal/br1027.wav,Barishal,test
Barishal/br1028.wav,Barishal,train
Barishal/br1029.wav,Barishal,train
Barishal/br103.wav,Barishal,train
Barishal/br1030.wav,Barishal,train
Barishal/br1031.wav,Barishal,train
Barishal/br1032.wav,Barishal,val
Barishal/br1033.wav,Barishal,train
Barishal/br1034.wav,Barishal,test
Barishal/br1035.wav,Barishal,train
Barishal/br1036.wav,Barishal,train
Barishal/br1037.wav,Barishal,train
Barishal/br1038.wav,Barishal,train
Barishal/br1039.wav,Barishal,train
Barishal/br104.wav,Barishal,train
Barishal/br1040.wav,Barishal,train
Barishal/br1041.wav,Barishal,train
Barishal/br1042.wav,Barishal,val
Barishal/br1043.wav,Barishal,train
Barishal/br1044.wav,Barishal,test
Barishal/br1045.wav,Barishal,train
Barishal/br1046.wav,Barishal,val
Barishal/br1047.wav,Barishal,val
Barishal/br1048.wav,Barishal,train
Barishal/br1049.wav,Barishal,train
Barishal/br105.wav,Barishal,train
Barishal/br1050.wav,Barishal,train
Barishal/br1051.wav,Barishal,train
Barishal/br1052.wav,Barishal,val
Barishal/br1053.wav,Barishal,test
Barishal/br1054.wav,Barishal,train
Barishal/br1055.wav,Barishal,val
Barishal/br1056.wav,Barishal,train
Barishal/br1057.wav,Barishal,train
Barishal/br1058.wav,Barishal,train
Barishal/br1059.wav,Barishal,train
Barishal/br106.wav,Barishal,train
Barishal/br1060.wav,Barishal,train
Barishal/br1061.wav,Barishal,train
Barishal/br1062.wav,Barishal,test
Barishal/br1063.wav,Barishal,train
Barishal/br1064.wav,Barishal,train
Barishal/br1065.wav,Barishal,train
Barishal/br1066.wav,Barishal,train
Barishal/br1067.wav,Barishal,train
Barishal/br1068.wav,Barishal,train
Barishal/br1069.wav,Barishal,train
Barishal/br107.wav,Barishal,train
Barishal/br1070.wav,Barishal,train
Barishal/br1071.wav,Barishal,train
Barishal/br1072.wav,Barishal,test
Barishal/br1073.wav,Barishal,train
Barishal/br1074.wav,Barishal,test
Barishal/br1075.wav,Barishal,train
Barishal/br1076.wav,Barishal,train
Barishal/br1077.wav,Barishal,train
Barishal/br1078.wav,Barishal,train
Barishal/br1079.wav,Barishal,train
Barishal/br108.wav,Barishal,test
Barishal/br1080.wav,Barishal,train
Barishal/br1081.wav,Barishal,train
Barishal/br1082.wav,Barishal,train
Barishal/br1083.wav,Barishal,train
Barishal/br1084.wav,Barishal,train
Barishal/br1085.wav,Barishal,train
Barishal/br1086.wav,Barishal,test
Barishal/br1087.wav,Barishal,train
Barishal/br1088.wav,Barishal,train
Barishal/br1089.wav,Barishal,train
Barishal/br109.wav,Barishal,train
Barishal/br1090.wav,Barishal,train
Barishal/br1091.wav,Barishal,train
Barishal/br1092.wav,Barishal,train
Barishal/br1093.wav,Barishal,train
Barishal/br1094.wav,Barishal,train
Barishal/br1095.wav,Barishal,train
Barishal/br1096.wav,Barishal,train
Barishal/br1097.wav,Barishal,train
Barishal/br1098.wav,Barishal,val
Barishal/br1099.wav,Barishal,train
Barishal/br11.wav,Barishal,train
Barishal/br110.wav,Barishal,test
Barishal/br1100.wav,Barishal,train
Barishal/br1101.wav,Barishal,train
Barishal/br1102.wav,Barishal,train
Barishal/br1103.wav,Barishal,train
Barishal/br1104.wav,Barishal,train
Barishal/br1105.wav,Barishal,val
Barishal/br1106.wav,Barishal,train
Barishal/br1107.wav,Barishal,train
Barishal/br1108.wav,Barishal,train
Barishal/br1109.wav,Barishal,train
Barishal/br111.wav,Barishal,train
Barishal/br1110.wav,Barishal,train
Barishal/br1111.wav,Barishal,train
Barishal/br1112.wav,Barishal,train
Barishal/br1113.wav,Barishal,train
Barishal/br1114.wav,Barishal,train
Barishal/br1115.wav,Barishal,train
Barishal/br1116.wav,Barishal,train
Barishal/br1117.wav,Barishal,train
Barishal/br1118.wav,Barishal,train
Barishal/br1119.wav,Barishal,val
Barishal/br112.wav,Barishal,train
Barishal/br1120.wav,Barishal,train
Barishal/br1121.wav,Barishal,train
Barishal/br1122.wav,Barishal,train
Barishal/br1123.wav,Barishal,train
Barishal/br1124.wav,Barishal,train
Barishal/br1125.wav,Barishal,val
Barishal/br1126.wav,Barishal,train
Barishal/br1127.wav,Barishal,train
Barishal/br1128.wav,Barishal,train
Barishal/br1129.wav,Barishal,val
Barishal/br113.wav,Barishal,train
Barishal/br1130.wav,Barishal,train
Barishal/br1131.wav,Barishal,train
Barishal/br1132.wav,Barishal,val
Barishal/br1133.wav,Barishal,train
Barishal/br1134.wav,Barishal,train
Barishal/br1135.wav,Barishal,test
Barishal/br1136.wav,Barishal,train
Barishal/br1137.wav,Barishal,train
Barishal/br1138.wav,Barishal,train
Barishal/br1139.wav,Barishal,train
Barishal/br114.wav,Barishal,train
Barishal/br1140.wav,Barishal,train
Barishal/br1141.wav,Barishal,train
Barishal/br1142.wav,Barishal,train
Barishal/br1143.wav,Barishal,val
Barishal/br1144.wav,Barishal,train
Barishal/br1145.wav,Barishal,train
Barishal/br1146.wav,Barishal,train
Barishal/br1147.wav,Barishal,val
Barishal/br1148.wav,Barishal,train
Barishal/br1149.wav,Barishal,train
Barishal/br115.wav,Barishal,train
Barishal/br1150.wav,Barishal,train
Barishal/br1151.wav,Barishal,train
Barishal/br1152.wav,Barishal,test
Barishal/br1153.wav,Barishal,train
Barishal/br1154.wav,Barishal,train
Barishal/br1155.wav,Barishal,train
Barishal/br1156.wav,Barishal,train
Barishal/br1157.wav,Barishal,train
Barishal/br1158.wav,Barishal,train
Barishal/br1159.wav,Barishal,train
Barishal/br116.wav,Barishal,test
Barishal/br1160.wav,Barishal,test
Barishal/br1161.wav,Barishal,train
Barishal/br1162.wav,Barishal,train
Barishal/br1163.wav,Barishal,train
Barishal/br1164.wav,Barishal,train
Barishal/br1165.wav,Barishal,train
Barishal/br1166.wav,Barishal,train
Barishal/br1167.wav,Barishal,train
Barishal/br1168.wav,Barishal,train
Barishal/br1169.wav,Barishal,train
Barishal/br117.wav,Barishal,train
Barishal/br1170.wav,Barishal,test
Barishal/br1171.wav,Barishal,train
Barishal/br1172.wav,Barishal,train
Barishal/br1173.wav,Barishal,train
Barishal/br1174.wav,Barishal,train
Barishal/br1175.wav,Barishal,test
Barishal/br1176.wav,Barishal,train
Barishal/br1177.wav,Barishal,train
Barishal/br1178.wav,Barishal,train
Barishal/br1179.wav,Barishal,test
Barishal/br118.wav,Barishal,test
Barishal/br1180.wav,Barishal,test
Barishal/br1181.wav,Barishal,test
Barishal/br1182.wav,Barishal,test
Barishal/br1183.wav,Barishal,test
Barishal/br1184.wav,Barishal,train
Barishal/br1185.wav,Barishal,train
Barishal/br1186.wav,Barishal,train
Barishal/br1187.wav,Barishal,test
Barishal/br1188.wav,Barishal,train
Barishal/br1189.wav,Barishal,train
Barishal/br119.wav,Barishal,val
Barishal/br1190.wav,Barishal,train
Barishal/br1191.wav,Barishal,test
Barishal/br1192.wav,Barishal,train
Barishal/br1193.wav,Barishal,train
Barishal/br1194.wav,Barishal,train
Barishal/br1195.wav,Barishal,train
Barishal/br1196.wav,Barishal,train
Barishal/br1197.wav,Barishal,train
Barishal/br1198.wav,Barishal,train
Barishal/br1199.wav,Barishal,train
Barishal/br12.wav,Barishal,train
Barishal/br120.wav,Barishal,train
Barishal/br1200.wav,Barishal,train
Barishal/br1201.wav,Barishal,train
Barishal/br1202.wav,Barishal,test
Barishal/br1203.wav,Barishal,train
Barishal/br1204.wav,Barishal,train
Barishal/br1205.wav,Barishal,train
Barishal/br1206.wav,Barishal,train
Barishal/br1207.wav,Barishal,test
Barishal/br1208.wav,Barishal,train
Barishal/br1209.wav,Barishal,train
Barishal/br121.wav,Barishal,test
Barishal/br1210.wav,Barishal,test
Barishal/br1211.wav,Barishal,test
Barishal/br1212.wav,Barishal,train
Barishal/br1213.wav,Barishal,train
Barishal/br1214.wav,Barishal,train
Barishal/br1215.wav,Barishal,train
Barishal/br1216.wav,Barishal,train
Barishal/br1217.wav,Barishal,train
Barishal/br1218.wav,Barishal,train
Barishal/br1219.wav,Barishal,train
Barishal/br122.wav,Barishal,train
Barishal/br1220.wav,Barishal,train
Barishal/br1221.wav,Barishal,train
Barishal/br1222.wav,Barishal,train
Barishal/br1223.wav,Barishal,val
Barishal/br1224.wav,Barishal,train
Barishal/br1225.wav,Barishal,train
Barishal/br1226.wav,Barishal,val
Barishal/br1227.wav,Barishal,train
Barishal/br1228.wav,Barishal,train
Barishal/br1229.wav,Barishal,train
Barishal/br123.wav,Barishal,train
Barishal/br1230.wav,Barishal,train
Barishal/br1231.wav,Barishal,train
Barishal/br1232.wav,Barishal,test
Barishal/br1233.wav,Barishal,train
Barishal/br1234.wav,Barishal,train
Barishal/br1235.wav,Barishal,train
Barishal/br1236.wav,Barishal,val
Barishal/br1237.wav,Barishal,val
Barishal/br1238.wav,Barishal,train
Barishal/br1239.wav,Barishal,train
Barishal/br124.wav,Barishal,test
Barishal/br1240.wav,Barishal,val
Barishal/br1241.wav,Barishal,train
Barishal/br1242.wav,Barishal,train
Barishal/br1243.wav,Barishal,train
Barishal/br1244.wav,Barishal,train
Barishal/br1245.wav,Barishal,train
Barishal/br1246.wav,Barishal,val
Barishal/br1247.wav,Barishal,val
Barishal/br1248.wav,Barishal,val
Barishal/br1249.wav,Barishal,train
Barishal/br125.wav,Barishal,train
Barishal/br1250.wav,Barishal,val
Barishal/br1251.wav,Barishal,train
Barishal/br1252.wav,Barishal,test
Barishal/br1253.wav,Barishal,train
Barishal/br1254.wav,Barishal,val
Barishal/br1255.wav,Barishal,train
Barishal/br1256.wav,Barishal,val
Barishal/br1257.wav,Barishal,train
Barishal/br126.wav,Barishal,train
Barishal/br127.wav,Barishal,train
Barishal/br128.wav,Barishal,val
Barishal/br129.wav,Barishal,train
Barishal/br13.wav,Barishal,train
Barishal/br130.wav,Barishal,train
Barishal/br131.wav,Barishal,train
Barishal/br132.wav,Barishal,val
Barishal/br133.wav,Barishal,train
Barishal/br134.wav,Barishal,test
Barishal/br135.wav,Barishal,train
Barishal/br136.wav,Barishal,train
Barishal/br137.wav,Barishal,train
Barishal/br138.wav,Barishal,val
Barishal/br139.wav,Barishal,train
Barishal/br14.wav,Barishal,val
Barishal/br140.wav,Barishal,train
Barishal/br141.wav,Barishal,train
Barishal/br142.wav,Barishal,val
Barishal/br143.wav,Barishal,train
Barishal/br144.wav,Barishal,train
Barishal/br145.wav,Barishal,train
Barishal/br146.wav,Barishal,train
Barishal/br147.wav,Barishal,train
Barishal/br148.wav,Barishal,train
Barishal/br149.wav,Barishal,train
Barishal/br15.wav,Barishal,val
Barishal/br150.wav,Barishal,train
Barishal/br151.wav,Barishal,train
Barishal/br152.wav,Barishal,train
Barishal/br153.wav,Barishal,test
Barishal/br154.wav,Barishal,train
Barishal/br155.wav,Barishal,train
Barishal/br156.wav,Barishal,test
Barishal/br157.wav,Barishal,train
Barishal/br158.wav,Barishal,train
Barishal/br159.wav,Barishal,train
Barishal/br16.wav,Barishal,train
Barishal/br160.wav,Barishal,val
Barishal/br161.wav,Barishal,train
Barishal/br162.wav,Barishal,val
Barishal/br163.wav,Barishal,train
Barishal/br164.wav,Barishal,train
Barishal/br165.wav,Barishal,test
Barishal/br166.wav,Barishal,train
Barishal/br167.wav,Barishal,train
Barishal/br168.wav,Barishal,train
Barishal/br169.wav,Barishal,train
Barishal/br17.wav,Barishal,test
Barishal/br170.wav,Barishal,train
Barishal/br171.wav,Barishal,train
Barishal/br172.wav,Barishal,train
Barishal/br173.wav,Barishal,train
Barishal/br174.wav,Barishal,test
Barishal/br175.wav,Barishal,val
Barishal/br176.wav,Barishal,train
Barishal/br177.wav,Barishal,test
Barishal/br178.wav,Barishal,train
Barishal/br179.wav,Barishal,train
Barishal/br18.wav,Barishal,test
Barishal/br180.wav,Barishal,train
Barishal/br181.wav,Barishal,train
Barishal/br182.wav,Barishal,train
Barishal/br183.wav,Barishal,test
Barishal/br184.wav,Barishal,train
Barishal/br185.wav,Barishal,val
Barishal/br186.wav,Barishal,train
Barishal/br187.wav,Barishal,train
Barishal/br188.wav,Barishal,test
Barishal/br189.wav,Barishal,train
Barishal/br19.wav,Barishal,train
Barishal/br190.wav,Barishal,val
Barishal/br191.wav,Barishal,test
Barishal/br192.wav,Barishal,train
Barishal/br193.wav,Barishal,train
Barishal/br194.wav,Barishal,train
Barishal/br195.wav,Barishal,train
Barishal/br196.wav,Barishal,train
Barishal/br197.wav,Barishal,train
Barishal/br198.wav,Barishal,train
Barishal/br199.wav,Barishal,train
Barishal/br2.wav,Barishal,train
Barishal/br20.wav,Barishal,train
Barishal/br200.wav,Barishal,train
Barishal/br201.wav,Barishal,train
Barishal/br202.wav,Barishal,train
Barishal/br203.wav,Barishal,train
Barishal/br204.wav,Barishal,train
Barishal/br205.wav,Barishal,train
Barishal/br206.wav,Barishal,train
Barishal/br207.wav,Barishal,train
Barishal/br208.wav,Barishal,test
Barishal/br209.wav,Barishal,test
Barishal/br21.wav,Barishal,train
Barishal/br210.wav,Barishal,train
Barishal/br211.wav,Barishal,train
Barishal/br212.wav,Barishal,train
Barishal/br213.wav,Barishal,train
Barishal/br214.wav,Barishal,test
Barishal/br215.wav,Barishal,test
Barishal/br216.wav,Barishal,train
Barishal/br217.wav,Barishal,train
Barishal/br218.wav,Barishal,train
Barishal/br219.wav,Barishal,val
Barishal/br22.wav,Barishal,val
Barishal/br220.wav,Barishal,train
Barishal/br221.wav,Barishal,train
Barishal/br222.wav,Barishal,test
Barishal/br223.wav,Barishal,test
Barishal/br224.wav,Barishal,test
Barishal/br225.wav,Barishal,train
Barishal/br226.wav,Barishal,test
Barishal/br227.wav,Barishal,test
Barishal/br228.wav,Barishal,train
Barishal/br229.wav,Barishal,train
Barishal/br23.wav,Barishal,train
Barishal/br230.wav,Barishal,test
Barishal/br231.wav,Barishal,train
Barishal/br232.wav,Barishal,test
Barishal/br233.wav,Barishal,train
Barishal/br234.wav,Barishal,train
Barishal/br235.wav,Barishal,train
Barishal/br236.wav,Barishal,train
Barishal/br237.wav,Barishal,train
Barishal/br238.wav,Barishal,train
Barishal/br239.wav,Barishal,train
Barishal/br24.wav,Barishal,val
Barishal/br240.wav,Barishal,train
Barishal/br241.wav,Barishal,train
Barishal/br242.wav,Barishal,train
Barishal/br243.wav,Barishal,train
Barishal/br244.wav,Barishal,train
Barishal/br245.wav,Barishal,train
Barishal/br246.wav,Barishal,test
Barishal/br247.wav,Barishal,train
Barishal/br248.wav,Barishal,train
Barishal/br249.wav,Barishal,train
Barishal/br25.wav,Barishal,train
Barishal/br250.wav,Barishal,train
Barishal/br251.wav,Barishal,train
Barishal/br252.wav,Barishal,train
Barishal/br253.wav,Barishal,test
Barishal/br254.wav,Barishal,train
Barishal/br255.wav,Barishal,train
Barishal/br256.wav,Barishal,train
Barishal/br257.wav,Barishal,train
Barishal/br258.wav,Barishal,train
Barishal/br259.wav,Barishal,train
Barishal/br26.wav,Barishal,val
Barishal/br260.wav,Barishal,train
Barishal/br261.wav,Barishal,train
Barishal/br262.wav,Barishal,train
Barishal/br263.wav,Barishal,train
Barishal/br264.wav,Barishal,train
Barishal/br265.wav,Barishal,val
Barishal/br266.wav,Barishal,test
Barishal/br267.wav,Barishal,test
Barishal/br268.wav,Barishal,train
Barishal/br269.wav,Barishal,train
Barishal/br27.wav,Barishal,train
Barishal/br270.wav,Barishal,val
Barishal/br271.wav,Barishal,train
Barishal/br272.wav,Barishal,train
Barishal/br273.wav,Barishal,test
Barishal/br274.wav,Barishal,test
Barishal/br275.wav,Barishal,train
Barishal/br276.wav,Barishal,val
Barishal/br277.wav,Barishal,train
Barishal/br278.wav,Barishal,val
Barishal/br279.wav,Barishal,train
Barishal/br28.wav,Barishal,train
Barishal/br280.wav,Barishal,train
Barishal/br281.wav,Barishal,train
Barishal/br282.wav,Barishal,test
Barishal/br283.wav,Barishal,train
Barishal/br284.wav,Barishal,train
Barishal/br285.wav,Barishal,train
Barishal/br286.wav,Barishal,train
Barishal/br287.wav,Barishal,train
Barishal/br288.wav,Barishal,train
Barishal/br289.wav,Barishal,train
Barishal/br29.wav,Barishal,val
Barishal/br290.wav,Barishal,train
Barishal/br291.wav,Barishal,train
Barishal/br292.wav,Barishal,val
Barishal/br293.wav,Barishal,test
Barishal/br294.wav,Barishal,train
Barishal/br295.wav,Barishal,train
Barishal/br296.wav,Barishal,train
Barishal/br297.wav,Barishal,train
Barishal/br298.wav,Barishal,train
Barishal/br299.wav,Barishal,train
Barishal/br3.wav,Barishal,train
Barishal/br30.wav,Barishal,train
Barishal/br300.wav,Barishal,train
Barishal/br301.wav,Barishal,train
Barishal/br302.wav,Barishal,train
Barishal/br303.wav,Barishal,train
Barishal/br304.wav,Barishal,train
Barishal/br305.wav,Barishal,train
Barishal/br306.wav,Barishal,train
Barishal/br307.wav,Barishal,test
Barishal/br308.wav,Barishal,train
Barishal/br309.wav,Barishal,train
Barishal/br31.wav,Barishal,train
Barishal/br310.wav,Barishal,train
Barishal/br311.wav,Barishal,train
Barishal/br312.wav,Barishal,train
Barishal/br313.wav,Barishal,train
Barishal/br314.wav,Barishal,train
Barishal/br315.wav,Barishal,test
Barishal/br316.wav,Barishal,test
Barishal/br317.wav,Barishal,train
Barishal/br318.wav,Barishal,train
Barishal/br319.wav,Barishal,train
Barishal/br32.wav,Barishal,train
Barishal/br320.wav,Barishal,train
Barishal/br321.wav,Barishal,train
Barishal/br322.wav,Barishal,train
Barishal/br323.wav,Barishal,train
Barishal/br324.wav,Barishal,train
Barishal/br325.wav,Barishal,test
Barishal/br326.wav,Barishal,val
Barishal/br327.wav,Barishal,train
Barishal/br328.wav,Barishal,val
Barishal/br329.wav,Barishal,train
Barishal/br33.wav,Barishal,train
Barishal/br330.wav,Barishal,train
Barishal/br331.wav,Barishal,test
Barishal/br332.wav,Barishal,train
Barishal/br333.wav,Barishal,train
Barishal/br334.wav,Barishal,train
Barishal/br335.wav,Barishal,train
Barishal/br336.wav,Barishal,test
Barishal/br337.wav,Barishal,train
Barishal/br338.wav,Barishal,train
Barishal/br339.wav,Barishal,train
Barishal/br34.wav,Barishal,train
Barishal/br340.wav,Barishal,train
Barishal/br341.wav,Barishal,train
Barishal/br342.wav,Barishal,test
Barishal/br343.wav,Barishal,test
Barishal/br344.wav,Barishal,train
Barishal/br345.wav,Barishal,train
Barishal/br346.wav,Barishal,val
Barishal/br347.wav,Barishal,train
Barishal/br348.wav,Barishal,train
Barishal/br349.wav,Barishal,train
Barishal/br35.wav,Barishal,test
Barishal/br350.wav,Barishal,train
Barishal/br351.wav,Barishal,train
Barishal/br352.wav,Barishal,train
Barishal/br353.wav,Barishal,train
Barishal/br354.wav,Barishal,test
Barishal/br355.wav,Barishal,train
Barishal/br356.wav,Barishal,train
Barishal/br357.wav,Barishal,train
Barishal/br358.wav,Barishal,train
Barishal/br359.wav,Barishal,train
Barishal/br36.wav,Barishal,train
Barishal/br360.wav,Barishal,train
Barishal/br361.wav,Barishal,train
Barishal/br362.wav,Barishal,train
Barishal/br363.wav,Barishal,train
Barishal/br364.wav,Barishal,train
Barishal/br365.wav,Barishal,train
Barishal/br366.wav,Barishal,train
Barishal/br367.wav,Barishal,train
Barishal/br368.wav,Barishal,train
Barishal/br369.wav,Barishal,val
Barishal/br37.wav,Barishal,train
Barishal/br370.wav,Barishal,test
Barishal/br371.wav,Barishal,train
Barishal/br372.wav,Barishal,train
Barishal/br373.wav,Barishal,test
Barishal/br374.wav,Barishal,train
Barishal/br375.wav,Barishal,train
Barishal/br376.wav,Barishal,test
Barishal/br377.wav,Barishal,test
Barishal/br378.wav,Barishal,train
Barishal/br379.wav,Barishal,val
Barishal/br38.wav,Barishal,train
Barishal/br380.wav,Barishal,test
Barishal/br381.wav,Barishal,train
Barishal/br382.wav,Barishal,train
Barishal/br383.wav,Barishal,train
Barishal/br384.wav,Barishal,train
Barishal/br385.wav,Barishal,train
Barishal/br386.wav,Barishal,val
Barishal/br387.wav,Barishal,train
Barishal/br388.wav,Barishal,train
Barishal/br389.wav,Barishal,train
Barishal/br39.wav,Barishal,test
Barishal/br390.wav,Barishal,train
Barishal/br391.wav,Barishal,train
Barishal/br392.wav,Barishal,train
Barishal/br393.wav,Barishal,test
Barishal/br394.wav,Barishal,test
Barishal/br395.wav,Barishal,train
Barishal/br396.wav,Barishal,val
Barishal/br397.wav,Barishal,train
Barishal/br398.wav,Barishal,train
Barishal/br399.wav,Barishal,train
Barishal/br4.wav,Barishal,train
Barishal/br40.wav,Barishal,val
Barishal/br400.wav,Barishal,train
Barishal/br401.wav,Barishal,val
Barishal/br402.wav,Barishal,train
Barishal/br403.wav,Barishal,train
Barishal/br404.wav,Barishal,train
Barishal/br405.wav,Barishal,test
Barishal/br406.wav,Barishal,train
Barishal/br407.wav,Barishal,val
Barishal/br408.wav,Barishal,test
Barishal/br409.wav,Barishal,train
Barishal/br41.wav,Barishal,train
Barishal/br410.wav,Barishal,train
Barishal/br411.wav,Barishal,test
Barishal/br412.wav,Barishal,val
Barishal/br413.wav,Barishal,train
Barishal/br414.wav,Barishal,train
Barishal/br415.wav,Barishal,train
Barishal/br416.wav,Barishal,val
Barishal/br417.wav,Barishal,train
Barishal/br418.wav,Barishal,train
Barishal/br419.wav,Barishal,train
Barishal/br42.wav,Barishal,train
Barishal/br420.wav,Barishal,train
Barishal/br421.wav,Barishal,train
Barishal/br422.wav,Barishal,train
Barishal/br423.wav,Barishal,train
Barishal/br424.wav,Barishal,train
Barishal/br425.wav,Barishal,val
Barishal/br426.wav,Barishal,train
Barishal/br427.wav,Barishal,train
Barishal/br428.wav,Barishal,train
Barishal/br429.wav,Barishal,train
Barishal/br43.wav,Barishal,val
Barishal/br430.wav,Barishal,val
Barishal/br431.wav,Barishal,test
Barishal/br432.wav,Barishal,train
Barishal/br433.wav,Barishal,train
Barishal/br434.wav,Barishal,train
Barishal/br435.wav,Barishal,train
Barishal/br436.wav,Barishal,train
Barishal/br437.wav,Barishal,test
Barishal/br438.wav,Barishal,train
Barishal/br439.wav,Barishal,test
Barishal/br44.wav,Barishal,train
Barishal/br440.wav,Barishal,train
Barishal/br441.wav,Barishal,train
Barishal/br442.wav,Barishal,train
Barishal/br443.wav,Barishal,train
Barishal/br444.wav,Barishal,train
Barishal/br445.wav,Barishal,train
Barishal/br446.wav,Barishal,train
Barishal/br447.wav,Barishal,train
Barishal/br448.wav,Barishal,test
Barishal/br449.wav,Barishal,train
Barishal/br45.wav,Barishal,train
Barishal/br450.wav,Barishal,test
Barishal/br451.wav,Barishal,train
Barishal/br452.wav,Barishal,train
Barishal/br453.wav,Barishal,train
Barishal/br454.wav,Barishal,test
Barishal/br455.wav,Barishal,train
Barishal/br456.wav,Barishal,train
Barishal/br457.wav,Barishal,train
Barishal/br458.wav,Barishal,test
Barishal/br459.wav,Barishal,train
Barishal/br46.wav,Barishal,train
Barishal/br460.wav,Barishal,train
Barishal/br461.wav,Barishal,test
Barishal/br462.wav,Barishal,train
Barishal/br463.wav,Barishal,train
Barishal/br464.wav,Barishal,train
Barishal/br465.wav,Barishal,train
Barishal/br466.wav,Barishal,val
Barishal/br467.wav,Barishal,test
Barishal/br468.wav,Barishal,train
Barishal/br469.wav,Barishal,train
Barishal/br47.wav,Barishal,train
Barishal/br470.wav,Barishal,train
Barishal/br471.wav,Barishal,train
Barishal/br472.wav,Barishal,val
Barishal/br473.wav,Barishal,train
Barishal/br474.wav,Barishal,train
Barishal/br475.wav,Barishal,train
Barishal/br476.wav,Barishal,train
Barishal/br477.wav,Barishal,train
Barishal/br478.wav,Barishal,train
Barishal/br479.wav,Barishal,train
Barishal/br48.wav,Barishal,train
Barishal/br480.wav,Barishal,train
Barishal/br481.wav,Barishal,test
Barishal/br482.wav,Barishal,train
Barishal/br483.wav,Barishal,train
Barishal/br484.wav,Barishal,test
Barishal/br485.wav,Barishal,train
Barishal/br486.wav,Barishal,train
Barishal/br487.wav,Barishal,train
Barishal/br488.wav,Barishal,train
Barishal/br489.wav,Barishal,train
Barishal/br49.wav,Barishal,train
Barishal/br490.wav,Barishal,train
Barishal/br491.wav,Barishal,test
Barishal/br492.wav,Barishal,train
Barishal/br493.wav,Barishal,train
Barishal/br494.wav,Barishal,train
Barishal/br495.wav,Barishal,train
Barishal/br496.wav,Barishal,train
Barishal/br497.wav,Barishal,train
Barishal/br498.wav,Barishal,train
Barishal/br499.wav,Barishal,test
Barishal/br5.wav,Barishal,test
Barishal/br50.wav,Barishal,train
Barishal/br500.wav,Barishal,val
Barishal/br501.wav,Barishal,train
Barishal/br502.wav,Barishal,train
Barishal/br503.wav,Barishal,val
Barishal/br504.wav,Barishal,train
Barishal/br505.wav,Barishal,train
Barishal/br506.wav,Barishal,test
Barishal/br507.wav,Barishal,val
Barishal/br508.wav,Barishal,train
Barishal/br509.wav,Barishal,train
Barishal/br51.wav,Barishal,train
Barishal/br510.wav,Barishal,val
Barishal/br511.wav,Barishal,train
Barishal/br512.wav,Barishal,test
Barishal/br513.wav,Barishal,train
Barishal/br514.wav,Barishal,train
Barishal/br515.wav,Barishal,val
Barishal/br516.wav,Barishal,train
Barishal/br517.wav,Barishal,train
Barishal/br518.wav,Barishal,train
Barishal/br519.wav,Barishal,train
Barishal/br52.wav,Barishal,train
Barishal/br520.wav,Barishal,train
Barishal/br521.wav,Barishal,test
Barishal/br522.wav,Barishal,train
Barishal/br523.wav,Barishal,train
Barishal/br524.wav,Barishal,train
Barishal/br525.wav,Barishal,test
Barishal/br526.wav,Barishal,train
Barishal/br527.wav,Barishal,train
Barishal/br528.wav,Barishal,train
Barishal/br529.wav,Barishal,train
Barishal/br53.wav,Barishal,train
Barishal/br530.wav,Barishal,test
Barishal/br531.wav,Barishal,train
Barishal/br532.wav,Barishal,train
Barishal/br533.wav,Barishal,train
Barishal/br534.wav,Barishal,train
Barishal/br535.wav,Barishal,train
Barishal/br536.wav,Barishal,val
Barishal/br537.wav,Barishal,train
Barishal/br538.wav,Barishal,train
Barishal/br539.wav,Barishal,train
Barishal/br54.wav,Barishal,train
Barishal/br540.wav,Barishal,train
Barishal/br541.wav,Barishal,val
Barishal/br542.wav,Barishal,train
Barishal/br543.wav,Barishal,train
Barishal/br544.wav,Barishal,train
Barishal/br545.wav,Barishal,train
Barishal/br546.wav,Barishal,train
Barishal/br547.wav,Barishal,train
Barishal/br548.wav,Barishal,train
Barishal/br549.wav,Barishal,train
Barishal/br55.wav,Barishal,train
Barishal/br550.wav,Barishal,train
Barishal/br551.wav,Barishal,val
Barishal/br552.wav,Barishal,train
Barishal/br553.wav,Barishal,train
Barishal/br554.wav,Barishal,val
Barishal/br555.wav,Barishal,train
Barishal/br556.wav,Barishal,train
Barishal/br557.wav,Barishal,val
Barishal/br558.wav,Barishal,test
Barishal/br559.wav,Barishal,train
Barishal/br56.wav,Barishal,train
Barishal/br560.wav,Barishal,train
Barishal/br561.wav,Barishal,test
Barishal/br562.wav,Barishal,train
Barishal/br563.wav,Barishal,train
Barishal/br564.wav,Barishal,train
Barishal/br565.wav,Barishal,train
Barishal/br566.wav,Barishal,train
Barishal/br567.wav,Barishal,train
Barishal/br568.wav,Barishal,train
Barishal/br569.wav,Barishal,train
Barishal/br57.wav,Barishal,test
Barishal/br570.wav,Barishal,train
Barishal/br571.wav,Barishal,train
Barishal/br572.wav,Barishal,train
Barishal/br573.wav,Barishal,train
Barishal/br574.wav,Barishal,train
Barishal/br575.wav,Barishal,train
Barishal/br576.wav,Barishal,test
Barishal/br577.wav,Barishal,train
Barishal/br578.wav,Barishal,train
Barishal/br579.wav,Barishal,train
Barishal/br58.wav,Barishal,train
Barishal/br580.wav,Barishal,train
Barishal/br581.wav,Barishal,train
Barishal/br582.wav,Barishal,train
Barishal/br583.wav,Barishal,train
Barishal/br584.wav,Barishal,test
Barishal/br585.wav,Barishal,train
Barishal/br586.wav,Barishal,train
Barishal/br587.wav,Barishal,test
Barishal/br588.wav,Barishal,train
Barishal/br589.wav,Barishal,train
Barishal/br59.wav,Barishal,test
Barishal/br590.wav,Barishal,train
Barishal/br591.wav,Barishal,train
Barishal/br592.wav,Barishal,train
Barishal/br593.wav,Barishal,test
Barishal/br594.wav,Barishal,val
Barishal/br595.wav,Barishal,train
Barishal/br596.wav,Barishal,train
Barishal/br597.wav,Barishal,test
Barishal/br598.wav,Barishal,train
Barishal/br599.wav,Barishal,train
Barishal/br6.wav,Barishal,test
Barishal/br60.wav,Barishal,train
Barishal/br600.wav,Barishal,val
Barishal/br601.wav,Barishal,val
Barishal/br602.wav,Barishal,train
Barishal/br603.wav,Barishal,train
Barishal/br604.wav,Barishal,train
Barishal/br605.wav,Barishal,train
Barishal/br606.wav,Barishal,train
Barishal/br607.wav,Barishal,val
Barishal/br608.wav,Barishal,train
Barishal/br609.wav,Barishal,train
Barishal/br61.wav,Barishal,train
Barishal/br610.wav,Barishal,train
Barishal/br611.wav,Barishal,train
Barishal/br612.wav,Barishal,train
Barishal/br613.wav,Barishal,train
Barishal/br614.wav,Barishal,val
Barishal/br615.wav,Barishal,val
Barishal/br616.wav,Barishal,train
Barishal/br617.wav,Barishal,train
Barishal/br618.wav,Barishal,train
Barishal/br619.wav,Barishal,train
Barishal/br62.wav,Barishal,val
Barishal/br620.wav,Barishal,train
Barishal/br621.wav,Barishal,val
Barishal/br622.wav,Barishal,val
Barishal/br623.wav,Barishal,test
Barishal/br624.wav,Barishal,train
Barishal/br625.wav,Barishal,train
Barishal/br626.wav,Barishal,train
Barishal/br627.wav,Barishal,val
Barishal/br628.wav,Barishal,train
Barishal/br629.wav,Barishal,val
Barishal/br63.wav,Barishal,train
Barishal/br630.wav,Barishal,test
Barishal/br631.wav,Barishal,train
Barishal/br632.wav,Barishal,val
Barishal/br633.wav,Barishal,train
Barishal/br634.wav,Barishal,train
Barishal/br635.wav,Barishal,test
Barishal/br636.wav,Barishal,train
Barishal/br637.wav,Barishal,test
Barishal/br638.wav,Barishal,train
Barishal/br639.wav,Barishal,test
Barishal/br64.wav,Barishal,train
Barishal/br640.wav,Barishal,train
Barishal/br641.wav,Barishal,train
Barishal/br642.wav,Barishal,train
Barishal/br643.wav,Barishal,val
Barishal/br644.wav,Barishal,val
Barishal/br645.wav,Barishal,train
Barishal/br646.wav,Barishal,train
Barishal/br647.wav,Barishal,train
Barishal/br648.wav,Barishal,val
Barishal/br649.wav,Barishal,train
Barishal/br65.wav,Barishal,train
Barishal/br650.wav,Barishal,test
Barishal/br651.wav,Barishal,test
Barishal/br652.wav,Barishal,train
Barishal/br653.wav,Barishal,train
Barishal/br654.wav,Barishal,test
Barishal/br655.wav,Barishal,train
Barishal/br656.wav,Barishal,train
Barishal/br657.wav,Barishal,test
Barishal/br658.wav,Barishal,train
Barishal/br659.wav,Barishal,train
Barishal/br66.wav,Barishal,train
Barishal/br660.wav,Barishal,test
Barishal/br661.wav,Barishal,train
Barishal/br662.wav,Barishal,train
Barishal/br663.wav,Barishal,test
Barishal/br664.wav,Barishal,val
Barishal/br665.wav,Barishal,train
Barishal/br666.wav,Barishal,train
Barishal/br667.wav,Barishal,train
Barishal/br668.wav,Barishal,val
Barishal/br669.wav,Barishal,train
Barishal/br67.wav,Barishal,test
Barishal/br670.wav,Barishal,train
Barishal/br671.wav,Barishal,test
Barishal/br672.wav,Barishal,train
Barishal/br673.wav,Barishal,train
Barishal/br674.wav,Barishal,train
Barishal/br675.wav,Barishal,train
Barishal/br676.wav,Barishal,train
Barishal/br677.wav,Barishal,train
Barishal/br678.wav,Barishal,train
Barishal/br679.wav,Barishal,train
Barishal/br68.wav,Barishal,train
Barishal/br680.wav,Barishal,train
Barishal/br681.wav,Barishal,val
Barishal/br682.wav,Barishal,train
Barishal/br683.wav,Barishal,train
Barishal/br684.wav,Barishal,test
Barishal/br685.wav,Barishal,train
Barishal/br686.wav,Barishal,test
Barishal/br687.wav,Barishal,train
Barishal/br688.wav,Barishal,train
Barishal/br689.wav,Barishal,train
Barishal/br69.wav,Barishal,train
Barishal/br690.wav,Barishal,train
Barishal/br691.wav,Barishal,train
Barishal/br692.wav,Barishal,train
Barishal/br693.wav,Barishal,train
Barishal/br694.wav,Barishal,train
Barishal/br695.wav,Barishal,train
Barishal/br696.wav,Barishal,train
Barishal/br697.wav,Barishal,train
Barishal/br698.wav,Barishal,train
Barishal/br699.wav,Barishal,train
Barishal/br7.wav,Barishal,val
Barishal/br70.wav,Barishal,test
Barishal/br700.wav,Barishal,train
Barishal/br701.wav,Barishal,train
Barishal/br702.wav,Barishal,train
Barishal/br703.wav,Barishal,train
Barishal/br704.wav,Barishal,train
Barishal/br705.wav,Barishal,train
Barishal/br706.wav,Barishal,train
Barishal/br707.wav,Barishal,train
Barishal/br708.wav,Barishal,train
Barishal/br709.wav,Barishal,train
Barishal/br71.wav,Barishal,train
Barishal/br710.wav,Barishal,train
Barishal/br711.wav,Barishal,train
Barishal/br712.wav,Barishal,train
Barishal/br713.wav,Barishal,train
Barishal/br714.wav,Barishal,train
Barishal/br715.wav,Barishal,test
Barishal/br716.wav,Barishal,train
Barishal/br717.wav,Barishal,train
Barishal/br718.wav,Barishal,train
Barishal/br719.wav,Barishal,train
Barishal/br72.wav,Barishal,train
Barishal/br720.wav,Barishal,train
Barishal/br721.wav,Barishal,train
Barishal/br722.wav,Barishal,train
Barishal/br723.wav,Barishal,val
Barishal/br724.wav,Barishal,test
Barishal/br725.wav,Barishal,train
Barishal/br726.wav,Barishal,test
Barishal/br727.wav,Barishal,train
Barishal/br728.wav,Barishal,test
Barishal/br729.wav,Barishal,train
Barishal/br73.wav,Barishal,train
Barishal/br730.wav,Barishal,train
Barishal/br731.wav,Barishal,train
Barishal/br732.wav,Barishal,val
Barishal/br733.wav,Barishal,train
Barishal/br734.wav,Barishal,train
Barishal/br735.wav,Barishal,train
Barishal/br736.wav,Barishal,train
Barishal/br737.wav,Barishal,train
Barishal/br738.wav,Barishal,train
Barishal/br739.wav,Barishal,val
Barishal/br74.wav,Barishal,train
Barishal/br740.wav,Barishal,train
Barishal/br741.wav,Barishal,train
Barishal/br742.wav,Barishal,val
Barishal/br743.wav,Barishal,train
Barishal/br744.wav,Barishal,train
Barishal/br745.wav,Barishal,train
Barishal/br746.wav,Barishal,train
Barishal/br747.wav,Barishal,train
Barishal/br748.wav,Barishal,train
Barishal/br749.wav,Barishal,train
Barishal/br75.wav,Barishal,train
Barishal/br750.wav,Barishal,train
Barishal/br751.wav,Barishal,train
Barishal/br752.wav,Barishal,test
Barishal/br753.wav,Barishal,test
Barishal/br754.wav,Barishal,train
Barishal/br755.wav,Barishal,train
Barishal/br756.wav,Barishal,test
Barishal/br757.wav,Barishal,test
Barishal/br758.wav,Barishal,train
Barishal/br759.wav,Barishal,train
Barishal/br76.wav,Barishal,train
Barishal/br760.wav,Barishal,train
Barishal/br761.wav,Barishal,train
Barishal/br762.wav,Barishal,train
Barishal/br763.wav,Barishal,train
Barishal/br764.wav,Barishal,train
Barishal/br765.wav,Barishal,train
Barishal/br766.wav,Barishal,train
Barishal/br767.wav,Barishal,test
Barishal/br768.wav,Barishal,test
Barishal/br769.wav,Barishal,train
Barishal/br77.wav,Barishal,train
Barishal/br770.wav,Barishal,train
Barishal/br771.wav,Barishal,val
Barishal/br772.wav,Barishal,train
Barishal/br773.wav,Barishal,train
Barishal/br774.wav,Barishal,train
Barishal/br775.wav,Barishal,train
Barishal/br776.wav,Barishal,train
Barishal/br777.wav,Barishal,train
Barishal/br778.wav,Barishal,train
Barishal/br779.wav,Barishal,train
Barishal/br78.wav,Barishal,train
Barishal/br780.wav,Barishal,train
Barishal/br781.wav,Barishal,train
Barishal/br782.wav,Barishal,val
Barishal/br783.wav,Barishal,train
Barishal/br784.wav,Barishal,test
Barishal/br785.wav,Barishal,test
Barishal/br786.wav,Barishal,train
Barishal/br787.wav,Barishal,train
Barishal/br788.wav,Barishal,train
Barishal/br789.wav,Barishal,test
Barishal/br79.wav,Barishal,test
Barishal/br790.wav,Barishal,train
Barishal/br791.wav,Barishal,train
Barishal/br792.wav,Barishal,train
Barishal/br793.wav,Barishal,train
Barishal/br794.wav,Barishal,val
Barishal/br795.wav,Barishal,train
Barishal/br796.wav,Barishal,train
Barishal/br797.wav,Barishal,test
Barishal/br798.wav,Barishal,test
Barishal/br799.wav,Barishal,val
Barishal/br8.wav,Barishal,train
Barishal/br80.wav,Barishal,train
Barishal/br800.wav,Barishal,train
Barishal/br801.wav,Barishal,train
Barishal/br802.wav,Barishal,train
Barishal/br803.wav,Barishal,train
Barishal/br804.wav,Barishal,train
Barishal/br805.wav,Barishal,val
Barishal/br806.wav,Barishal,train
Barishal/br807.wav,Barishal,test
Barishal/br808.wav,Barishal,test
Barishal/br809.wav,Barishal,train
Barishal/br81.wav,Barishal,test
Barishal/br810.wav,Barishal,train
Barishal/br811.wav,Barishal,train
Barishal/br812.wav,Barishal,test
Barishal/br813.wav,Barishal,train
Barishal/br814.wav,Barishal,train
Barishal/br815.wav,Barishal,train
Barishal/br816.wav,Barishal,train
Barishal/br817.wav,Barishal,train
Barishal/br818.wav,Barishal,train
Barishal/br819.wav,Barishal,val
Barishal/br82.wav,Barishal,train
Barishal/br820.wav,Barishal,test
Barishal/br821.wav,Barishal,train
Barishal/br822.wav,Barishal,test
Barishal/br823.wav,Barishal,train
Barishal/br824.wav,Barishal,train
Barishal/br825.wav,Barishal,test
Barishal/br826.wav,Barishal,test
Barishal/br827.wav,Barishal,train
Barishal/br828.wav,Barishal,test
Barishal/br829.wav,Barishal,train
Barishal/br83.wav,Barishal,test
Barishal/br830.wav,Barishal,train
Barishal/br831.wav,Barishal,train
Barishal/br832.wav,Barishal,test
Barishal/br833.wav,Barishal,train
Barishal/br834.wav,Barishal,test
Barishal/br835.wav,Barishal,train
Barishal/br836.wav,Barishal,train
Barishal/br837.wav,Barishal,val
Barishal/br838.wav,Barishal,val
Barishal/br839.wav,Barishal,train
Barishal/br84.wav,Barishal,train
Barishal/br840.wav,Barishal,train
Barishal/br841.wav,Barishal,train
Barishal/br842.wav,Barishal,train
Barishal/br843.wav,Barishal,train
Barishal/br844.wav,Barishal,train
Barishal/br845.wav,Barishal,train
Barishal/br846.wav,Barishal,train
Barishal/br847.wav,Barishal,train
Barishal/br848.wav,Barishal,train
Barishal/br849.wav,Barishal,val
Barishal/br85.wav,Barishal,train
Barishal/br850.wav,Barishal,train
Barishal/br851.wav,Barishal,train
Barishal/br852.wav,Barishal,train
Barishal/br853.wav,Barishal,val
Barishal/br854.wav,Barishal,val
Barishal/br855.wav,Barishal,val
Barishal/br856.wav,Barishal,train
Barishal/br857.wav,Barishal,train
Barishal/br858.wav,Barishal,train
Barishal/br859.wav,Barishal,train
Barishal/br86.wav,Barishal,val
Barishal/br860.wav,Barishal,train
Barishal/br861.wav,Barishal,train
Barishal/br862.wav,Barishal,train
Barishal/br863.wav,Barishal,train
Barishal/br864.wav,Barishal,train
Barishal/br865.wav,Barishal,train
Barishal/br866.wav,Barishal,train
Barishal/br867.wav,Barishal,train
Barishal/br868.wav,Barishal,val
Barishal/br869.wav,Barishal,train
Barishal/br87.wav,Barishal,train
Barishal/br870.wav,Barishal,train
Barishal/br871.wav,Barishal,train
Barishal/br872.wav,Barishal,train
Barishal/br873.wav,Barishal,train
Barishal/br874.wav,Barishal,test
Barishal/br875.wav,Barishal,train
Barishal/br876.wav,Barishal,test
Barishal/br877.wav,Barishal,train
Barishal/br878.wav,Barishal,train
Barishal/br879.wav,Barishal,train
Barishal/br88.wav,Barishal,train
Barishal/br880.wav,Barishal,train
Barishal/br881.wav,Barishal,train
Barishal/br882.wav,Barishal,train
Barishal/br883.wav,Barishal,train
Barishal/br884.wav,Barishal,train
Barishal/br885.wav,Barishal,train
Barishal/br886.wav,Barishal,train
Barishal/br887.wav,Barishal,train
Barishal/br888.wav,Barishal,test
Barishal/br889.wav,Barishal,train
Barishal/br89.wav,Barishal,test
Barishal/br890.wav,Barishal,train
Barishal/br891.wav,Barishal,test
Barishal/br892.wav,Barishal,val
Barishal/br893.wav,Barishal,val
Barishal/br894.wav,Barishal,train
Barishal/br895.wav,Barishal,train
Barishal/br896.wav,Barishal,train
Barishal/br897.wav,Barishal,train
Barishal/br898.wav,Barishal,val
Barishal/br899.wav,Barishal,train
Barishal/br9.wav,Barishal,train
Barishal/br90.wav,Barishal,test
Barishal/br900.wav,Barishal,train
Barishal/br901.wav,Barishal,val
Barishal/br902.wav,Barishal,train
Barishal/br903.wav,Barishal,train
Barishal/br904.wav,Barishal,train
Barishal/br905.wav,Barishal,train
Barishal/br906.wav,Barishal,train
Barishal/br907.wav,Barishal,test
Barishal/br908.wav,Barishal,train
Barishal/br909.wav,Barishal,val
Barishal/br91.wav,Barishal,train
Barishal/br910.wav,Barishal,test
Barishal/br911.wav,Barishal,train
Barishal/br912.wav,Barishal,train
Barishal/br913.wav,Barishal,val
Barishal/br914.wav,Barishal,val
Barishal/br915.wav,Barishal,train
Barishal/br916.wav,Barishal,val
Barishal/br917.wav,Barishal,train
Barishal/br918.wav,Barishal,train
Barishal/br919.wav,Barishal,train
Barishal/br92.wav,Barishal,train
Barishal/br920.wav,Barishal,test
Barishal/br921.wav,Barishal,train
Barishal/br922.wav,Barishal,train
Barishal/br923.wav,Barishal,train
Barishal/br924.wav,Barishal,train
Barishal/br925.wav,Barishal,train
Barishal/br926.wav,Barishal,train
Barishal/br927.wav,Barishal,val
Barishal/br928.wav,Barishal,train
Barishal/br929.wav,Barishal,train
Barishal/br93.wav,Barishal,train
Barishal/br930.wav,Barishal,train
Barishal/br931.wav,Barishal,train
Barishal/br932.wav,Barishal,train
Barishal/br933.wav,Barishal,train
Barishal/br934.wav,Barishal,train
Barishal/br935.wav,Barishal,train
Barishal/br936.wav,Barishal,train
Barishal/br937.wav,Barishal,test
Barishal/br938.wav,Barishal,val
Barishal/br939.wav,Barishal,train
Barishal/br94.wav,Barishal,train
Barishal/br940.wav,Barishal,train
Barishal/br941.wav,Barishal,train
Barishal/br942.wav,Barishal,test
Barishal/br943.wav,Barishal,test
Barishal/br944.wav,Barishal,train
Barishal/br945.wav,Barishal,test
Barishal/br946.wav,Barishal,train
Barishal/br947.wav,Barishal,train
Barishal/br948.wav,Barishal,train
Barishal/br949.wav,Barishal,train
Barishal/br95.wav,Barishal,train
Barishal/br950.wav,Barishal,train
Barishal/br951.wav,Barishal,train
Barishal/br952.wav,Barishal,train
Barishal/br953.wav,Barishal,test
Barishal/br954.wav,Barishal,train
Barishal/br955.wav,Barishal,train
Barishal/br956.wav,Barishal,val
Barishal/br957.wav,Barishal,val
Barishal/br958.wav,Barishal,val
Barishal/br959.wav,Barishal,train
Barishal/br96.wav,Barishal,train
Barishal/br960.wav,Barishal,train
Barishal/br961.wav,Barishal,train
Barishal/br962.wav,Barishal,train
Barishal/br963.wav,Barishal,train
Barishal/br964.wav,Barishal,train
Barishal/br965.wav,Barishal,train
Barishal/br966.wav,Barishal,val
Barishal/br967.wav,Barishal,train
Barishal/br968.wav,Barishal,val
Barishal/br969.wav,Barishal,train
Barishal/br97.wav,Barishal,train
Barishal/br970.wav,Barishal,train
Barishal/br971.wav,Barishal,train
Barishal/br972.wav,Barishal,train
Barishal/br973.wav,Barishal,train
Barishal/br974.wav,Barishal,train
Barishal/br975.wav,Barishal,train
Barishal/br976.wav,Barishal,train
Barishal/br977.wav,Barishal,train
Barishal/br978.wav,Barishal,train
Barishal/br979.wav,Barishal,test
Barishal/br98.wav,Barishal,train
Barishal/br980.wav,Barishal,test
Barishal/br981.wav,Barishal,test
Barishal/br982.wav,Barishal,train
Barishal/br983.wav,Barishal,test
Barishal/br984.wav,Barishal,train
Barishal/br985.wav,Barishal,train
Barishal/br986.wav,Barishal,train
Barishal/br987.wav,Barishal,val
Barishal/br988.wav,Barishal,train
Barishal/br989.wav,Barishal,train
Barishal/br99.wav,Barishal,train
Barishal/br990.wav,Barishal,train
Barishal/br991.wav,Barishal,val
Barishal/br992.wav,Barishal,train
Barishal/br993.wav,Barishal,train
Barishal/br994.wav,Barishal,train
Barishal/br995.wav,Barishal,train
Barishal/br996.wav,Barishal,val
Barishal/br997.wav,Barishal,test
Barishal/br998.wav,Barishal,val
Barishal/br999.wav,Barishal,train
Formal/1 - Mohammad Sajid Miah.mp3.wav,Formal,train
Formal/1 - Rownak Raihan.mp3.wav,Formal,test
Formal/1.2s - 46.2s (uNJMNAuOnys).mp3.wav,Formal,train
Formal/1.4s - 6.5s (zdKkNC0Mns0).mp3.wav,Formal,test
Formal/1.5s - 6.5s (IBUcrejYVu8).mp3.wav,Formal,train
Formal/1.6s - 7.5s (oVJSUTNS15g).mp3.wav,Formal,train
Formal/1.7s - 6.5s (ZF3bfdpxnTQ).mp3.wav,Formal,train
Formal/1.9s - 6.9s (uNJMNAuOnys).mp3.wav,Formal,train
Formal/1.9s - 7.1s (80EQIUHpfi0).mp3.wav,Formal,test
Formal/10.4s - 15.9s (3FGaiarksCw).mp3.wav,Formal,train
Formal/10m14.3s - 10m19.2s (L0ZAiCbRw1g).mp3.wav,Formal,val
Formal/10m20.3s - 10m26.7s (L0ZAiCbRw1g).mp3.wav,Formal,val
Formal/10m26.7s - 10m31.9s (L0ZAiCbRw1g).mp3.wav,Formal,val
Formal/10m32.9s - 10m39.1s (L0ZAiCbRw1g).mp3.wav,Formal,val
Formal/10m40.7s - 10m47.2s (L0ZAiCbRw1g).mp3.wav,Formal,val
Formal/10m6.4s - 10m11.7s (ZF3bfdpxnTQ).mp3.wav,Formal,train
Formal/10m9s - 10m13.1s (L0ZAiCbRw1g).mp3.wav,Formal,val
Formal/11.8s - 16.7s (zdKkNC0Mns0).mp3.wav,Formal,test
Formal/12.1s - 17.8s (ZF3bfdpxnTQ).mp3.wav,Formal,train
Formal/12.2s - 17.6s (oVJSUTNS15g).mp3.wav,Formal,train
Formal/12m28.3s - 12m33.9s (ZF3bfdpxnTQ).mp3.wav,Formal,train
Formal/12m34.3s - 12m39.2s (ZF3bfdpxnTQ).mp3.wav,Formal,train
Formal/13s - 18s (uNJMNAuOnys).mp3.wav,Formal,train
Formal/16.4s - 21.5s (UjzDGoFW_G4).mp3.wav,Formal,train
Formal/16.8s - 20s (zdKkNC0Mns0).mp3.wav,Formal,test
Formal/17.3s - 22.8s (3FGaiarksCw).mp3.wav,Formal,train
Formal/17.6s - 23.2s (oVJSUTNS15g).mp3.wav,Formal,train
Formal/1m0.2s - 1m5.5s (P9cdaDzDTzU).mp3.wav,Formal,train
Formal/1m10.1s - 1m15.9s (m7kb1jyINKU).mp3.wav,Formal,test
Formal/1m10.8s - 1m16.5s (UjzDGoFW_G4).mp3.wav,Formal,train
Formal/1m11.9s - 1m17.9s (oVJSUTNS15g).mp3.wav,Formal,train
Formal/1m12.1s - 1m17.5s (80EQIUHpfi0).mp3.wav,Formal,test
Formal/1m15.5s - 1m20.7s (1We_apeU12Y).mp3.wav,Formal,train
Formal/1m16.2s - 1m22.7s (3FGaiarksCw).mp3.wav,Formal,train
Formal/1m16.3s - 1m21.7s (m7kb1jyINKU).mp3.wav,Formal,test
Formal/1m17.7s - 1m24.2s (UjzDGoFW_G4).mp3.wav,Formal,train
Formal/1m17.9s - 1m22.7s (oVJSUTNS15g).mp3.wav,Formal,train
Formal/1m17.9s - 1m23.7s (80EQIUHpfi0).mp3.wav,Formal,test
Formal/1m2.1s - 1m6.6s (oVJSUTNS15g).mp3.wav,Formal,train
Formal/1m21.4s - 1m26.5s (1We_apeU12Y).mp3.wav,Formal,train
Formal/1m22.2s - 1m27.7s (m7kb1jyINKU).mp3.wav,Formal,test
Formal/1m22.7s - 1m27.6s (oVJSUTNS15g).mp3.wav,Formal,train
Formal/1m24.2s - 1m29.2s (80EQIUHpfi0).mp3.wav,Formal,test
Formal/1m24.4s - 1m30.6s (3FGaiarksCw).mp3.wav,Formal,train
Formal/1m24.9s - 1m30.2s (UjzDGoFW_G4).mp3.wav,Formal,train
Formal/1m27.6s - 1m32.6s (oVJSUTNS15g).mp3.wav,Formal,train
Formal/1m3.2s - 1m9.4s (UjzDGoFW_G4).mp3.wav,Formal,train
Formal/1m3.3s - 1m9.5s (3FGaiarksCw).mp3.wav,Formal,train
Formal/1m30.2s - 1m35.8s (UjzDGoFW_G4).mp3.wav,Formal,train
Formal/1m30.6s - 1m35.7s (3FGaiarksCw).mp3.wav,Formal,train
Formal/1m30s - 1m35.1s (80EQIUHpfi0).mp3.wav,Formal,test
Formal/1m33s - 1m38.5s (1We_apeU12Y).mp3.wav,Formal,train
Formal/1m35.7s - 1m40.7s (3FGaiarksCw).mp3.wav,Formal,train
Formal/1m35.8s - 1m39.3s (UjzDGoFW_G4).mp3.wav,Formal,train
Formal/1m35.9s - 1m41.8s (oVJSUTNS15g).mp3.wav,Formal,train
Formal/1m37.1s - 1m42.7s (80EQIUHpfi0).mp3.wav,Formal,test
Formal/1m4.4s - 1m9.8s (m7kb1jyINKU).mp3.wav,Formal,test
Formal/1m40.6s - 1m46.1s (UjzDGoFW_G4).mp3.wav,Formal,train
Formal/1m40.7s - 1m45.8s (3FGaiarksCw).mp3.wav,Formal,train
Formal/1m43.2s - 1m48.8s (1We_apeU12Y).mp3.wav,Formal,train
Formal/1m44.8s - 1m51.5s (oVJSUTNS15g).mp3.wav,Formal,train
Formal/1m45.8s - 1m50.2s (3FGaiarksCw).mp3.wav,Formal,train
Formal/1m46.8s - 1m51.6s (UjzDGoFW_G4).mp3.wav,Formal,train
Formal/1m48.4s - 1m53.7s (uNJMNAuOnys).mp3.wav,Formal,train
Formal/1m5.5s - 1m9s (L0ZAiCbRw1g).mp3.wav,Formal,val
Formal/1m5.7s - 1m10.7s (2jnM7ZYaXdo).mp3.wav,Formal,val
Formal/1m52.2s - 1m58s (UjzDGoFW_G4).mp3.wav,Formal,train
Formal/1m54.1s - 1m59.6s (uNJMNAuOnys).mp3.wav,Formal,train
Formal/1m58s - 2m3.6s (UjzDGoFW_G4).mp3.wav,Formal,train
Formal/1m59.6s - 2m4.4s (3FGaiarksCw).mp3.wav,Formal,train
Formal/1m6.1s - 1m11.6s (80EQIUHpfi0).mp3.wav,Formal,test
Formal/1m6.2s - 1m11.2s (P9cdaDzDTzU).mp3.wav,Formal,train
Formal/1m6.6s - 1m11.9s (oVJSUTNS15g).mp3.wav,Formal,train
Formal/1m9.3s - 1m14.2s (1We_apeU12Y).mp3.wav,Formal,train
Formal/1m9.5s - 1m16s (3FGaiarksCw).mp3.wav,Formal,train
Formal/2 - Mohammad Sajid Miah.mp3.wav,Formal,train
Formal/2 - Rownak Raihan.mp3.wav,Formal,train
Formal/20190807_001 - Barira Yasmin 162-15-7886.amr.wav,Formal,train
Formal/20190807_002 - Barira Yasmin 162-15-7886.amr.wav,Formal,train
Formal/20190807_003 - Barira Yasmin 162-15-7886.amr.wav,Formal,train
Formal/20190807_004 - Barira Yasmin 162-15-7886.amr.wav,Formal,train
Formal/20190807_005 - Barira Yasmin 162-15-7886.amr.wav,Formal,train
Formal/20190809_234356 - Lingkon Ahmed Tomal.amr.wav,Formal,train
Formal/20190809_234523 - Lingkon Ahmed Tomal.amr.wav,Formal,test
Formal/20190809_234553 - Lingkon Ahmed Tomal.amr.wav,Formal,test
Formal/20190809_234600 - Naila Noshin.amr.wav,Formal,train
Formal/20190809_234622 - Lingkon Ahmed Tomal.amr.wav,Formal,train
Formal/20190809_234622 - Naila Noshin.amr.wav,Formal,train
Formal/20190809_234641 - Naila Noshin.amr.wav,Formal,train
Formal/20190809_234655 - Lingkon Ahmed Tomal.amr.wav,Formal,train
Formal/20190809_234701 - Naila Noshin.amr.wav,Formal,train
Formal/20190809_234731 - Naila Noshin.amr.wav,Formal,val
Formal/20190810_131945 - Farzana Sarker Bristy 162-15-8238.amr.wav,Formal,train
Formal/20190810_132011 - Farzana Sarker Bristy 162-15-8238.amr.wav,Formal,train
Formal/20190810_132026 - Farzana Sarker Bristy 162-15-8238.amr.wav,Formal,train
Formal/20190810_132040 - Farzana Sarker Bristy 162-15-8238.amr.wav,Formal,train
Formal/20190810_132056 - Farzana Sarker Bristy 162-15-8238.amr.wav,Formal,val
Formal/22.1s - 28s (UjzDGoFW_G4).mp3.wav,Formal,train
Formal/22.8s - 28.8s (3FGaiarksCw).mp3.wav,Formal,train
Formal/23.1s - 28.9s (I32fja_t2DY).mp3.wav,Formal,test
Formal/24.2s - 30.1s (oVJSUTNS15g).mp3.wav,Formal,train
Formal/27.9s - 33.1s (IBUcrejYVu8).mp3.wav,Formal,train
Formal/27005 - Esrat Jahan Esha.mp3.wav,Formal,test
Formal/27006 - Esrat Jahan Esha.mp3.wav,Formal,train
Formal/27007 - Esrat Jahan Esha.mp3.wav,Formal,train
Formal/27008 - Esrat Jahan Esha.mp3.wav,Formal,train
Formal/27009 - Esrat Jahan Esha.mp3.wav,Formal,train
Formal/28.9s - 35s (I32fja_t2DY).mp3.wav,Formal,test
Formal/28s - 34.2s (UjzDGoFW_G4).mp3.wav,Formal,train
Formal/2m10.5s - 2m16.9s (3FGaiarksCw).mp3.wav,Formal,train
Formal/2m11.3s - 2m16.4s (UjzDGoFW_G4).mp3.wav,Formal,train
Formal/2m15.1s - 2m21.8s (3FGaiarksCw).mp3.wav,Formal,train
Formal/2m17s - 2m21.4s (UjzDGoFW_G4).mp3.wav,Formal,train
Formal/2m21.4s - 2m26.8s (UjzDGoFW_G4).mp3.wav,Formal,train
Formal/2m26.8s - 2m32.1s (UjzDGoFW_G4).mp3.wav,Formal,train
Formal/2m27s - 2m32.6s (3FGaiarksCw).mp3.wav,Formal,train
Formal/2m2s - 2m9s (oVJSUTNS15g).mp3.wav,Formal,train
Formal/2m32.1s - 2m38.4s (UjzDGoFW_G4).mp3.wav,Formal,train
Formal/2m32.6s - 2m38.4s (3FGaiarksCw).mp3.wav,Formal,train
Formal/2m37s - 2m42.8s (L0ZAiCbRw1g).mp3.wav,Formal,val
Formal/2m38.4s - 2m43.8s (UjzDGoFW_G4).mp3.wav,Formal,train
Formal/2m4.4s - 2m10.5s (3FGaiarksCw).mp3.wav,Formal,train
Formal/2m43.8s - 2m49.9s (UjzDGoFW_G4).mp3.wav,Formal,train
Formal/2m44.7s - 2m50.5s (L0ZAiCbRw1g).mp3.wav,Formal,val
Formal/2m52s - 2m57.1s (L0ZAiCbRw1g).mp3.wav,Formal,val
Formal/2m53.4s - 2m58.2s (UjzDGoFW_G4).mp3.wav,Formal,train
Formal/3 - Mohammad Sajid Miah.mp3.wav,Formal,train
Formal/3 - Rownak Raihan.mp3.wav,Formal,test
Formal/30.1s - 35.4s (uNJMNAuOnys).mp3.wav,Formal,train
Formal/30.4s - 35.6s (P9cdaDzDTzU).mp3.wav,Formal,train
Formal/32.3s - 37.5s (oVJSUTNS15g).mp3.wav,Formal,train
Formal/33.6s - 38.9s (IBUcrejYVu8).mp3.wav,Formal,train
Formal/34.2s - 39.5s (UjzDGoFW_G4).mp3.wav,Formal,train
Formal/34061 - Faiza Islam Nahin 162-15-7722.mp3.wav,Formal,train
Formal/34062 - Faiza Islam Nahin 162-15-7722.mp3.wav,Formal,train
Formal/34063 - Faiza Islam Nahin 162-15-7722.mp3.wav,Formal,train
Formal/34064 - Faiza Islam Nahin 162-15-7722.mp3.wav,Formal,train
Formal/34065 - Faiza Islam Nahin 162-15-7722.mp3.wav,Formal,train
Formal/35.6s - 40.6s (uNJMNAuOnys).mp3.wav,Formal,train
Formal/36.1s - 41.2s (P9cdaDzDTzU).mp3.wav,Formal,train
Formal/37.5s - 44s (oVJSUTNS15g).mp3.wav,Formal,train
Formal/38.3s - 43.3s (zdKkNC0Mns0).mp3.wav,Formal,test
Formal/39.4s - 44.7s (IBUcrejYVu8).mp3.wav,Formal,train
Formal/39m2.1s - 45m6.6s (oVJSUTNS15g).mp3.wav,Formal,train
Formal/3m0.3s - 3m5.9s (UjzDGoFW_G4).mp3.wav,Formal,train
Formal/3m0.7s - 3m5.2s (L0ZAiCbRw1g).mp3.wav,Formal,val
Formal/3m11.9s - 3m16.4s (L0ZAiCbRw1g).mp3.wav,Formal,val
Formal/3m15.2s - 3m21.2s (UjzDGoFW_G4).mp3.wav,Formal,train
Formal/3m17.8s - 3m21.9s (L0ZAiCbRw1g).mp3.wav,Formal,val
Formal/3m21.2s - 3m27s (UjzDGoFW_G4).mp3.wav,Formal,train
Formal/3m23.5s - 3m29.5s (L0ZAiCbRw1g).mp3.wav,Formal,val
Formal/3m27s - 3m34.5s (UjzDGoFW_G4).mp3.wav,Formal,train
Formal/3m31.3s - 3m36.6s (L0ZAiCbRw1g).mp3.wav,Formal,val
Formal/3m34.8s - 3m41s (UjzDGoFW_G4).mp3.wav,Formal,train
Formal/3m38.2s - 3m43.1s (L0ZAiCbRw1g).mp3.wav,Formal,val
Formal/3m41s - 3m46.7s (UjzDGoFW_G4).mp3.wav,Formal,train
Formal/3m49.2s - 3m53.5s (L0ZAiCbRw1g).mp3.wav,Formal,val
Formal/3m5.4s - 3m10.7s (L0ZAiCbRw1g).mp3.wav,Formal,val
Formal/3m53.1s - 3m58.2s (UjzDGoFW_G4).mp3.wav,Formal,train
Formal/3m54.8s - 4m60s (L0ZAiCbRw1g).mp3.wav,Formal,val
Formal/3m9.3s - 3m14.5s (UjzDGoFW_G4).mp3.wav,Formal,train
Formal/4 - Mohammad Sajid Miah.mp3.wav,Formal,test
Formal/4 - Rownak Raihan.mp3.wav,Formal,train
Formal/4.8s - 29.9s (uNJMNAuOnys).mp3.wav,Formal,train
Formal/41.8s - 46.8s (P9cdaDzDTzU).mp3.wav,Formal,train
Formal/43.3s - 48.6s (UjzDGoFW_G4).mp3.wav,Formal,train
Formal/46.1s - 52.7s (3FGaiarksCw).mp3.wav,Formal,train
Formal/47.7s - 53.1s (P9cdaDzDTzU).mp3.wav,Formal,train
Formal/49.4s - 55.8s (UjzDGoFW_G4).mp3.wav,Formal,train
Formal/4m19.2s - 4m25.1s (L0ZAiCbRw1g).mp3.wav,Formal,val
Formal/4m2.8s - 4m7.9s (L0ZAiCbRw1g).mp3.wav,Formal,val
Formal/4m26.4s - 4m29.7s (L0ZAiCbRw1g).mp3.wav,Formal,val
Formal/4m32.3s - 4m37.3s (L0ZAiCbRw1g).mp3.wav,Formal,val
Formal/4m38.3s - 4m43.8s (L0ZAiCbRw1g).mp3.wav,Formal,val
Formal/4m43.3s - 4m48.4s (UjzDGoFW_G4).mp3.wav,Formal,train
Formal/4m47.3s - 4m54s (L0ZAiCbRw1g).mp3.wav,Formal,val
Formal/4m53.2s - 4m58.8s (zdKkNC0Mns0).mp3.wav,Formal,test
Formal/4m55.7s - 5m1.9s (L0ZAiCbRw1g).mp3.wav,Formal,val
Formal/4m9s - 4m13.8s (L0ZAiCbRw1g).mp3.wav,Formal,val
Formal/5 - Mohammad Sajid Miah.mp3.wav,Formal,test
Formal/5 - Rownak Raihan.mp3.wav,Formal,test
Formal/5.7s - 10.4s (3FGaiarksCw).mp3.wav,Formal,train
Formal/50.5s - 56s (IBUcrejYVu8).mp3.wav,Formal,train
Formal/50.8s - 55.8s (2jnM7ZYaXdo).mp3.wav,Formal,val
Formal/50s - 56.8s (oVJSUTNS15g).mp3.wav,Formal,train
Formal/51.6s - 56.6s (L0ZAiCbRw1g).mp3.wav,Formal,val
Formal/52.7s - 58s (3FGaiarksCw).mp3.wav,Formal,train
Formal/54.1s - 59.7s (P9cdaDzDTzU).mp3.wav,Formal,train
Formal/55.8s - 1m0.7s (UjzDGoFW_G4).mp3.wav,Formal,train
Formal/56.8s - 1m2.1s (oVJSUTNS15g).mp3.wav,Formal,train
Formal/57.9s - 1m4.1s (L0ZAiCbRw1g).mp3.wav,Formal,val
Formal/58s - 1m3.3s (3FGaiarksCw).mp3.wav,Formal,train
Formal/59.7s - 1m5s (2jnM7ZYaXdo).mp3.wav,Formal,val
Formal/5m12.1s - 5m19s (L0ZAiCbRw1g).mp3.wav,Formal,val
Formal/5m20.9s - 5m25.8s (L0ZAiCbRw1g).mp3.wav,Formal,val
Formal/5m30.3s - 5m35.9s (L0ZAiCbRw1g).mp3.wav,Formal,val
Formal/5m37.4s - 5m43.5s (L0ZAiCbRw1g).mp3.wav,Formal,val
Formal/5m4.7s - 5m10.3s (L0ZAiCbRw1g).mp3.wav,Formal,val
Formal/5m45.1s - 5m50.8s (L0ZAiCbRw1g).mp3.wav,Formal,val
Formal/5m51.9s - 5m56.8s (zdKkNC0Mns0).mp3.wav,Formal,test
Formal/5m52.3s - 5m57.9s (L0ZAiCbRw1g).mp3.wav,Formal,val
Formal/5m57.4s - 6m2.8s (zdKkNC0Mns0).mp3.wav,Formal,test
Formal/5m59.3s - 6m5.3s (L0ZAiCbRw1g).mp3.wav,Formal,val
Formal/6.3s - 51.7s (uNJMNAuOnys).mp3.wav,Formal,train
Formal/6.6s - 11.6s (zdKkNC0Mns0).mp3.wav,Formal,test
Formal/6.8s - 11.8s (ZF3bfdpxnTQ).mp3.wav,Formal,train
Formal/6m15.1s - 6m20.2s (zdKkNC0Mns0).mp3.wav,Formal,test
Formal/6m16.4s - 6m21.5s (L0ZAiCbRw1g).mp3.wav,Formal,val
Formal/6m22.8s - 6m28.7s (L0ZAiCbRw1g).mp3.wav,Formal,val
Formal/6m36.5s - 6m42s (L0ZAiCbRw1g).mp3.wav,Formal,val
Formal/6m3s - 6m8.6s (zdKkNC0Mns0).mp3.wav,Formal,test
Formal/6m43s - 6m49.5s (L0ZAiCbRw1g).mp3.wav,Formal,val
Formal/6m51s - 6m55.6s (L0ZAiCbRw1g).mp3.wav,Formal,val
Formal/6m56.6s - 7m1.5s (L0ZAiCbRw1g).mp3.wav,Formal,val
Formal/6m58.7s - 7m3.7s (zdKkNC0Mns0).mp3.wav,Formal,test
Formal/6m9.2s - 6m14.6s (zdKkNC0Mns0).mp3.wav,Formal,test
"Formal/7 Aug, 7.38 PM.mp3.wav",Formal,train
"Formal/7 Aug, 7.39 PM.mp3.wav",Formal,train
"Formal/7 Aug, 7.40 PM.mp3.wav",Formal,test
"Formal/7 Aug, 7.41 PM.mp3.wav",Formal,train
Formal/7.5s - 12.2s (oVJSUTNS15g).mp3.wav,Formal,train
Formal/7m10.2s - 7m15.4s (L0ZAiCbRw1g).mp3.wav,Formal,val
Formal/7m17.2s - 7m24s (L0ZAiCbRw1g).mp3.wav,Formal,val
Formal/7m2.6s - 7m8.5s (L0ZAiCbRw1g).mp3.wav,Formal,val
Formal/7m25.3s - 7m33.3s (L0ZAiCbRw1g).mp3.wav,Formal,val
Formal/7m3.8s - 7m9s (zdKkNC0Mns0).mp3.wav,Formal,test
Formal/7m34.3s - 7m40.3s (L0ZAiCbRw1g).mp3.wav,Formal,val
Formal/7m41.6s - 7m47s (L0ZAiCbRw1g).mp3.wav,Formal,val
Formal/7m51.4s - 7m56.2s (L0ZAiCbRw1g).mp3.wav,Formal,val
Formal/7m9.3s - 7m14.2s (zdKkNC0Mns0).mp3.wav,Formal,test
Formal/7s - 12.5s (uNJMNAuOnys).mp3.wav,Formal,train
Formal/8m14.2s - 8m19.6s (zdKkNC0Mns0).mp3.wav,Formal,test
Formal/8m19.8s - 8m24.8s (zdKkNC0Mns0).mp3.wav,Formal,test
Formal/8m2.8s - 8m7.9s (zdKkNC0Mns0).mp3.wav,Formal,test
Formal/8m25.2s - 8m30.9s (zdKkNC0Mns0).mp3.wav,Formal,test
Formal/8m8.3s - 8m13.7s (zdKkNC0Mns0).mp3.wav,Formal,test
Formal/9m18.1s - 9m23s (ZF3bfdpxnTQ).mp3.wav,Formal,train
Formal/ATN Bangla News at 7pm _ 12.08.2019 1m1.8s - 1m6.2s (dBw1VTKyqhg).mp3.wav,Formal,train
Formal/ATN Bangla News at 7pm _ 12.08.2019 3m39.4s - 3m44.5s (dBw1VTKyqhg).mp3.wav,Formal,train
Formal/ATN Bangla News at 7pm _ 12.08.2019 3m45.1s - 3m50.1s (dBw1VTKyqhg).mp3.wav,Formal,train
Formal/ATN Bangla News at 7pm _ 12.08.2019 50.3s - 55.4s (dBw1VTKyqhg).mp3.wav,Formal,train
Formal/ATN Bangla News at 7pm _ 12.08.2019 56s - 1m1.3s (dBw1VTKyqhg).mp3.wav,Formal,train
Formal/ATN Bangla News at 7pm _ 12.08.2019 5m43.2s - 5m48.9s (dBw1VTKyqhg).mp3.wav,Formal,train
Formal/ATN Bangla News at 7pm _ 12.08.2019 5m49.3s - 5m54.4s (dBw1VTKyqhg).mp3.wav,Formal,train
Formal/ATN Bangla News at 7pm _ 12.08.2019 5m54.8s - 5m59.7s (dBw1VTKyqhg).mp3.wav,Formal,train
Formal/Aa - Abeer Mahmud.m4a.wav,Formal,val
Formal/Anondojog _ Ekattor TV 0.5s - 5.9s (o0eLSG76-Zw).mp3.wav,Formal,train
Formal/Anondojog _ Ekattor TV 11.7s - 16.7s (o0eLSG76-Zw).mp3.wav,Formal,train
Formal/Anondojog _ Ekattor TV 17.3s - 22.8s (o0eLSG76-Zw).mp3.wav,Formal,train
Formal/Anondojog _ Ekattor TV 23.4s - 29.1s (o0eLSG76-Zw).mp3.wav,Formal,train
Formal/Anondojog _ Ekattor TV 29.5s - 34.7s (o0eLSG76-Zw).mp3.wav,Formal,train
Formal/Anondojog _ Ekattor TV 34.8s - 39.8s (o0eLSG76-Zw).mp3.wav,Formal,train
Formal/Anondojog _ Ekattor TV 6.2s - 11.3s (o0eLSG76-Zw).mp3.wav,Formal,train
Formal/August 11_ 2019 12.8s - 17.7s (IyaA63I3G7E).mp3.wav,Formal,train
Formal/August 11_ 2019 17.7s - 22.7s (IyaA63I3G7E).mp3.wav,Formal,train
Formal/August 11_ 2019 1m0.9s - 1m6.5s (IyaA63I3G7E).mp3.wav,Formal,train
Formal/August 11_ 2019 1m11.7s - 1m16.8s (IyaA63I3G7E).mp3.wav,Formal,train
Formal/August 11_ 2019 1m16.8s - 1m22s (IyaA63I3G7E).mp3.wav,Formal,train
Formal/August 11_ 2019 1m22s - 1m27.7s (IyaA63I3G7E).mp3.wav,Formal,train
Formal/August 11_ 2019 1m27.7s - 1m33s (IyaA63I3G7E).mp3.wav,Formal,train
Formal/August 11_ 2019 1m33s - 1m38.4s (IyaA63I3G7E).mp3.wav,Formal,train
Formal/August 11_ 2019 1m38.4s - 1m43.5s (IyaA63I3G7E).mp3.wav,Formal,train
Formal/August 11_ 2019 1m47.8s - 1m53.5s (IyaA63I3G7E).mp3.wav,Formal,train
Formal/August 11_ 2019 1m52s - 1m57.8s (PfFRGJB9z4U).mp3.wav,Formal,test
Formal/August 11_ 2019 1m53.5s - 1m58.4s (IyaA63I3G7E).mp3.wav,Formal,train
Formal/August 11_ 2019 1m57.8s - 2m3.3s (PfFRGJB9z4U).mp3.wav,Formal,test
Formal/August 11_ 2019 1m6.5s - 1m11.7s (IyaA63I3G7E).mp3.wav,Formal,train
Formal/August 11_ 2019 22.7s - 27.9s (IyaA63I3G7E).mp3.wav,Formal,train
Formal/August 11_ 2019 27.9s - 33.1s (IyaA63I3G7E).mp3.wav,Formal,train
Formal/August 11_ 2019 2m13.7s - 2m18.8s (IyaA63I3G7E).mp3.wav,Formal,train
Formal/August 11_ 2019 2m13.7s - 2m18.8s (PfFRGJB9z4U).mp3.wav,Formal,test
Formal/August 11_ 2019 2m18.8s - 2m23.8s (IyaA63I3G7E).mp3.wav,Formal,train
Formal/August 11_ 2019 2m18.8s - 2m24.1s (PfFRGJB9z4U).mp3.wav,Formal,test
Formal/August 11_ 2019 2m23.8s - 2m28.8s (IyaA63I3G7E).mp3.wav,Formal,train
Formal/August 11_ 2019 2m24.1s - 2m29.6s (PfFRGJB9z4U).mp3.wav,Formal,test
Formal/August 11_ 2019 2m28.8s - 2m33.1s (IyaA63I3G7E).mp3.wav,Formal,train
Formal/August 11_ 2019 2m29.6s - 2m35.2s (PfFRGJB9z4U).mp3.wav,Formal,test
Formal/August 11_ 2019 2m3.3s - 2m8.8s (PfFRGJB9z4U).mp3.wav,Formal,test
Formal/August 11_ 2019 2m3.5s - 2m8.8s (IyaA63I3G7E).mp3.wav,Formal,train
Formal/August 11_ 2019 2m35.2s - 2m40.8s (PfFRGJB9z4U).mp3.wav,Formal,test
Formal/August 11_ 2019 2m41.2s - 2m45s (IyaA63I3G7E).mp3.wav,Formal,train
Formal/August 11_ 2019 2m47.7s - 2m53.3s (IyaA63I3G7E).mp3.wav,Formal,train
Formal/August 11_ 2019 2m8.8s - 2m13.7s (IyaA63I3G7E).mp3.wav,Formal,train
Formal/August 11_ 2019 2m8.8s - 2m13.7s (PfFRGJB9z4U).mp3.wav,Formal,test
Formal/August 11_ 2019 33.1s - 39s (IyaA63I3G7E).mp3.wav,Formal,train
Formal/August 11_ 2019 39s - 44.7s (IyaA63I3G7E).mp3.wav,Formal,train
Formal/August 11_ 2019 3m1.1s - 3m6.3s (IyaA63I3G7E).mp3.wav,Formal,train
Formal/August 11_ 2019 3m11.5s - 3m16.9s (IyaA63I3G7E).mp3.wav,Formal,train
Formal/August 11_ 2019 3m16.9s - 3m21.3s (IyaA63I3G7E).mp3.wav,Formal,train
Formal/August 11_ 2019 3m33.3s - 3m38.8s (IyaA63I3G7E).mp3.wav,Formal,train
Formal/August 11_ 2019 3m38.8s - 3m44.2s (IyaA63I3G7E).mp3.wav,Formal,train
Formal/August 11_ 2019 3m44.2s - 3m49.7s (IyaA63I3G7E).mp3.wav,Formal,train
Formal/August 11_ 2019 3m49.7s - 3m54.7s (IyaA63I3G7E).mp3.wav,Formal,train
Formal/August 11_ 2019 3m55.6s - 4m1s (PfFRGJB9z4U).mp3.wav,Formal,test
Formal/August 11_ 2019 3m6.3s - 3m11.5s (IyaA63I3G7E).mp3.wav,Formal,train
Formal/August 11_ 2019 44.7s - 49.6s (IyaA63I3G7E).mp3.wav,Formal,train
Formal/August 11_ 2019 4m1s - 4m6.9s (PfFRGJB9z4U).mp3.wav,Formal,test
Formal/August 11_ 2019 4m53.1s - 4m58.6s (IyaA63I3G7E).mp3.wav,Formal,train
Formal/August 11_ 2019 4m58.6s - 5m2s (IyaA63I3G7E).mp3.wav,Formal,train
Formal/August 11_ 2019 5m39.5s - 5m44.2s (IyaA63I3G7E).mp3.wav,Formal,train
Formal/August 11_ 2019 5m44.2s - 5m49.8s (IyaA63I3G7E).mp3.wav,Formal,train
Formal/August 11_ 2019 5m49.8s - 5m54.5s (IyaA63I3G7E).mp3.wav,Formal,train
Formal/Bangla New Natok 11m48.1s - 11m53.7s (FQBqI0TohlU).mp3.wav,Formal,train
Formal/Bangla New Natok 11m53.7s - 11m58.7s (FQBqI0TohlU).mp3.wav,Formal,train
Formal/Bangla New Natok 11m58.7s - 12m4.1s (FQBqI0TohlU).mp3.wav,Formal,train
Formal/Bangla New Natok 12m4.1s - 12m8.6s (FQBqI0TohlU).mp3.wav,Formal,train
Formal/Bangla New Natok 12m8.6s - 12m13.7s (FQBqI0TohlU).mp3.wav,Formal,train
Formal/Bangla New Natok 14s - 19.3s (FQBqI0TohlU).mp3.wav,Formal,train
Formal/Bangla New Natok 19.3s - 25.8s (FQBqI0TohlU).mp3.wav,Formal,train
Formal/Bangla New Natok 1m57.3s - 2m2.2s (FQBqI0TohlU).mp3.wav,Formal,train
Formal/Bangla New Natok 28s - 34.2s (FQBqI0TohlU).mp3.wav,Formal,train
Formal/Bangla New Natok 34.2s - 39.9s (FQBqI0TohlU).mp3.wav,Formal,train
Formal/Bangla New Natok 42.1s - 47.3s (FQBqI0TohlU).mp3.wav,Formal,train
Formal/Bangla New Natok 48.9s - 55s (FQBqI0TohlU).mp3.wav,Formal,train
Formal/Bangla News _ Rtv 1m10.9s - 1m16.8s (wV6p0ebYyak).mp3.wav,Formal,train
Formal/Bangla News _ Rtv 1m16.8s - 1m22.2s (wV6p0ebYyak).mp3.wav,Formal,train
Formal/Bangla News _ Rtv 1m22.9s - 1m28.6s (wV6p0ebYyak).mp3.wav,Formal,train
Formal/Bangla News _ Rtv 1m41.5s - 1m47.2s (wV6p0ebYyak).mp3.wav,Formal,train
Formal/Bangla News _ Rtv 1m44.3s - 1m49.6s (_wrHJBO_6EM).mp3.wav,Formal,train
Formal/Bangla News _ Rtv 1m5.6s - 1m10.9s (wV6p0ebYyak).mp3.wav,Formal,train
Formal/Bangla News _ Rtv 1m58s - 2m3.7s (wV6p0ebYyak).mp3.wav,Formal,train
Formal/Bangla News _ Rtv 26.6s - 31.7s (_wrHJBO_6EM).mp3.wav,Formal,train
Formal/Bangla News _ Rtv 2m14.4s - 2m19.7s (wV6p0ebYyak).mp3.wav,Formal,train
Formal/Bangla News _ Rtv 2m3.7s - 2m9s (wV6p0ebYyak).mp3.wav,Formal,train
Formal/Bangla News _ Rtv 2m9s - 2m14.4s (wV6p0ebYyak).mp3.wav,Formal,train
Formal/Bangla News _ Rtv 32.5s - 37.6s (_wrHJBO_6EM).mp3.wav,Formal,train
Formal/Bangla News _ Rtv 34.9s - 40s (wV6p0ebYyak).mp3.wav,Formal,train
Formal/Bangla News _ Rtv 39.2s - 44.5s (_wrHJBO_6EM).mp3.wav,Formal,train
Formal/Bangla News _ Rtv 3m46s - 3m51.7s (wV6p0ebYyak).mp3.wav,Formal,train
Formal/Bangla News _ Rtv 3m53s - 3m58.6s (wV6p0ebYyak).mp3.wav,Formal,train
Formal/Bangla News _ Rtv 45s - 49.9s (_wrHJBO_6EM).mp3.wav,Formal,train
Formal/Bangla News _ Rtv 46.2s - 50.9s (wV6p0ebYyak).mp3.wav,Formal,train
Formal/Bangla News _ Rtv 54s - 59.7s (wV6p0ebYyak).mp3.wav,Formal,train
Formal/Bangla News _ Rtv 59.7s - 1m5.6s (wV6p0ebYyak).mp3.wav,Formal,train
Formal/Bangla News _ Rtv 5m14.7s - 5m19.5s (wV6p0ebYyak).mp3.wav,Formal,train
Formal/Bangla News _ Rtv 5m19.5s - 5m24.6s (wV6p0ebYyak).mp3.wav,Formal,train
Formal/Bangla News _ Rtv 5m25s - 5m30.5s (wV6p0ebYyak).mp3.wav,Formal,train
Formal/Bangla News _ Rtv 5m30.5s - 5m35.6s (wV6p0ebYyak).mp3.wav,Formal,train
Formal/Bangla News _ Rtv 5m35.6s - 5m39s (wV6p0ebYyak).mp3.wav,Formal,train
Formal/Bangla News _ Rtv 5m3s - 5m8.9s (wV6p0ebYyak).mp3.wav,Formal,train
Formal/Bangla News _ Rtv 5m8.9s - 5m14.7s (wV6p0ebYyak).mp3.wav,Formal,train
Formal/Bangla News _ Rtv 7m10.6s - 7m15.5s (wV6p0ebYyak).mp3.wav,Formal,train
Formal/Bangla News _ Rtv 7m15.5s - 7m20.7s (wV6p0ebYyak).mp3.wav,Formal,train
Formal/Bangla News _ Rtv 7m23.7s - 7m28.8s (wV6p0ebYyak).mp3.wav,Formal,train
Formal/Bangla News _ Rtv 7m30.9s - 7m36.3s (wV6p0ebYyak).mp3.wav,Formal,train
Formal/Bangla News _ Rtv 7m39.2s - 7m44.2s (wV6p0ebYyak).mp3.wav,Formal,train
Formal/Bangla News _ Rtv 7m57s - 8m2.9s (wV6p0ebYyak).mp3.wav,Formal,train
Formal/Bangla News _ Rtv 8m10.8s - 8m14.3s (wV6p0ebYyak).mp3.wav,Formal,train
Formal/Bangla News _ Rtv 8m14.3s - 8m19.5s (wV6p0ebYyak).mp3.wav,Formal,train
Formal/Bangla News _ Rtv 8m20.5s - 8m26.1s (wV6p0ebYyak).mp3.wav,Formal,train
Formal/Bangla News _ Rtv 8m20.6s - 8m26s (_wrHJBO_6EM).mp3.wav,Formal,train
Formal/Bangla News _ Rtv 8m27s - 8m32.6s (wV6p0ebYyak).mp3.wav,Formal,train
Formal/Bangla News _ Rtv 8m36.7s - 8m41.9s (wV6p0ebYyak).mp3.wav,Formal,train
Formal/Bangla News _ Rtv 8m44s - 8m49.5s (wV6p0ebYyak).mp3.wav,Formal,train
Formal/Bangla News _ Rtv 9m13.3s - 9m19s (wV6p0ebYyak).mp3.wav,Formal,train
Formal/Bangla News _ Rtv 9m19s - 9m24.7s (wV6p0ebYyak).mp3.wav,Formal,train
Formal/Bangla News _ Rtv 9m24.7s - 9m29.8s (wV6p0ebYyak).mp3.wav,Formal,train
Formal/Bangla News _ Rtv 9m29.8s - 9m34.9s (wV6p0ebYyak).mp3.wav,Formal,train
Formal/Bangla News _ Rtv 9m34.9s - 9m40s (wV6p0ebYyak).mp3.wav,Formal,train
Formal/Bangla News _ Rtv _ Jela News 14.9s - 20.2s (nDOTjA-tgzw).mp3.wav,Formal,train
Formal/Bangla News _ Rtv _ Jela News 1m39.4s - 1m44.8s (nDOTjA-tgzw).mp3.wav,Formal,train
Formal/Bangla News _ Rtv _ Jela News 1m44.8s - 1m49.6s (nDOTjA-tgzw).mp3.wav,Formal,train
Formal/Bangla News _ Rtv _ Jela News 1m49.6s - 1m54.9s (nDOTjA-tgzw).mp3.wav,Formal,train
Formal/Bangla News _ Rtv _ Jela News 1m5.2s - 1m10.2s (nDOTjA-tgzw).mp3.wav,Formal,train
Formal/Bangla News _ Rtv _ Jela News 22.5s - 27.7s (nDOTjA-tgzw).mp3.wav,Formal,train
Formal/Bangla News _ Rtv _ Jela News 27.7s - 33.8s (nDOTjA-tgzw).mp3.wav,Formal,train
Formal/Bangla News _ Rtv _ Jela News 33.8s - 38.8s (nDOTjA-tgzw).mp3.wav,Formal,train
Formal/Bangla News _ Rtv _ Jela News 38.8s - 43.8s (nDOTjA-tgzw).mp3.wav,Formal,train
Formal/Bangla News _ Rtv _ Jela News 43.8s - 48.9s (nDOTjA-tgzw).mp3.wav,Formal,train
Formal/Bangla News _ Rtv _ Jela News 48.9s - 53.8s (nDOTjA-tgzw).mp3.wav,Formal,train
Formal/Bangla News _ Rtv _ Jela News 53.8s - 58.9s (nDOTjA-tgzw).mp3.wav,Formal,train
Formal/Bangla News _ Rtv _ Jela News 58.9s - 1m5.2s (nDOTjA-tgzw).mp3.wav,Formal,train
Formal/Bangla News _ Rtv _ Jela News 5m29.3s - 5m34.8s (nDOTjA-tgzw).mp3.wav,Formal,train
Formal/Bangla News _ Rtv _ Jela News 5m34.8s - 5m39.7s (nDOTjA-tgzw).mp3.wav,Formal,train
Formal/Bangla News _ Rtv _ Jela News 5m39.7s - 5m45s (nDOTjA-tgzw).mp3.wav,Formal,train
Formal/Bangla News _ Rtv _ Jela News 9m16.7s - 9m21.7s (nDOTjA-tgzw).mp3.wav,Formal,train
Formal/Bangla News _ Rtv _ Jela News 9m21.7s - 9m28.2s (nDOTjA-tgzw).mp3.wav,Formal,train
Formal/Bangla News _ Rtv _ Jela News 9m28.2s - 9m33s (nDOTjA-tgzw).mp3.wav,Formal,train
Formal/Copy of Rtv Moddhanner News 23.5s - 29.1s (lhx_2Hv2wFQ).mp3.wav,Formal,train
Formal/Copy of Rtv Moddhanner News 32.4s - 37.9s (lhx_2Hv2wFQ).mp3.wav,Formal,train
Formal/Copy of Rtv Moddhanner News 37.9s - 43.7s (lhx_2Hv2wFQ).mp3.wav,Formal,train
Formal/Copy of Rtv Moddhanner News 43.7s - 48.8s (lhx_2Hv2wFQ).mp3.wav,Formal,train
Formal/Copy of Rtv Moddhanner News 55.9s - 1m1.4s (lhx_2Hv2wFQ).mp3.wav,Formal,train
Formal/Copy of Somoy Tv 11.5s - 18.7s (q7EyZfXCXbw).mp3.wav,Formal,train
Formal/Copy of Somoy Tv 18.7s - 23.5s (q7EyZfXCXbw).mp3.wav,Formal,train
Formal/Copy of Somoy Tv 1m58.7s - 2m3.3s (t8brhtITqeE).mp3.wav,Formal,train
Formal/Copy of Somoy Tv 23.5s - 29s (q7EyZfXCXbw).mp3.wav,Formal,train
Formal/Copy of Somoy Tv 2m4.1s - 2m9.9s (t8brhtITqeE).mp3.wav,Formal,train
Formal/Copy of Somoy Tv 37.8s - 43.1s (q7EyZfXCXbw).mp3.wav,Formal,train
Formal/Copy of Somoy Tv 47.9s - 52.3s (t8brhtITqeE).mp3.wav,Formal,train
Formal/Copy of Somoy Tv 52.3s - 57.9s (t8brhtITqeE).mp3.wav,Formal,train
Formal/Copy of Somoy Tv 57.9s - 1m2.8s (t8brhtITqeE).mp3.wav,Formal,train
Formal/Copy of Somoy Tv 6.3s - 11.5s (q7EyZfXCXbw).ogg.wav,Formal,train
Formal/Dupurer Shongbad 1m8.6s - 1m13.8s (CAIwgmp8Aww).mp3.wav,Formal,train
Formal/Ekattor Sangjog Exclusive Interview With Taslima Nasrin 12.3s - 17.7s (XEOyDHHaRAk).mp3.wav,Formal,train
Formal/Ekattor Sangjog Exclusive Interview With Taslima Nasrin 18.4s - 23.8s (XEOyDHHaRAk).mp3.wav,Formal,train
Formal/Ekattor Sangjog Exclusive Interview With Taslima Nasrin 1m15.4s - 1m20.5s (XEOyDHHaRAk).mp3.wav,Formal,train
Formal/Ekattor Sangjog Exclusive Interview With Taslima Nasrin 1m3s - 1m8.9s (XEOyDHHaRAk).mp3.wav,Formal,train
Formal/Ekattor Sangjog Exclusive Interview With Taslima Nasrin 1m9.4s - 1m14.5s (XEOyDHHaRAk).mp3.wav,Formal,train
Formal/Ekattor Sangjog Exclusive Interview With Taslima Nasrin 28.7s - 33.9s (XEOyDHHaRAk).mp3.wav,Formal,train
Formal/Ekattor Sangjog Exclusive Interview With Taslima Nasrin 35s - 40s (XEOyDHHaRAk).mp3.wav,Formal,train
Formal/Ekattor Sangjog Exclusive Interview With Taslima Nasrin 41.9s - 47.5s (XEOyDHHaRAk).mp3.wav,Formal,train
Formal/Ekattor Sangjog Exclusive Interview With Taslima Nasrin 49.1s - 54.7s (XEOyDHHaRAk).mp3.wav,Formal,train
Formal/Ekattor Sangjog Exclusive Interview With Taslima Nasrin 55.9s - 1m1.2s (XEOyDHHaRAk).mp3.wav,Formal,train
Formal/Ekattor Sangjog Exclusive Interview With Taslima Nasrin 6.4s - 11.8s (XEOyDHHaRAk).mp3.wav,Formal,train
Formal/Khaleda Zia speech _ News _ Current Affairs 0.9s - 5.5s (Z7gsbfXORhU).mp3.wav,Formal,train
Formal/Khaleda Zia speech _ News _ Current Affairs 11.4s - 17s (Z7gsbfXORhU).mp3.wav,Formal,train
Formal/Khaleda Zia speech _ News _ Current Affairs 18.4s - 23.5s (Z7gsbfXORhU).mp3.wav,Formal,train
Formal/Khaleda Zia speech _ News _ Current Affairs 24.9s - 29.9s (Z7gsbfXORhU).mp3.wav,Formal,train
Formal/Khaleda Zia speech _ News _ Current Affairs 5.7s - 11s (Z7gsbfXORhU).mp3.wav,Formal,train
Formal/Leather Price in Bangladesh 1.6s - 6.7s (hi9VozbPToc).mp3.wav,Formal,train
Formal/Leather Price in Bangladesh 13.2s - 18.8s (hi9VozbPToc).mp3.wav,Formal,train
Formal/Leather Price in Bangladesh 19s - 24s (hi9VozbPToc).mp3.wav,Formal,train
Formal/Leather Price in Bangladesh 1m17.1s - 1m22.5s (hi9VozbPToc).mp3.wav,Formal,train
Formal/Leather Price in Bangladesh 1m24.6s - 1m29.6s (hi9VozbPToc).mp3.wav,Formal,train
Formal/Leather Price in Bangladesh 1m3.9s - 1m9.5s (hi9VozbPToc).mp3.wav,Formal,train
Formal/Leather Price in Bangladesh 1m30.5s - 1m35.6s (hi9VozbPToc).mp3.wav,Formal,train
Formal/Leather Price in Bangladesh 1m59.1s - 2m4.4s (hi9VozbPToc).mp3.wav,Formal,train
Formal/Leather Price in Bangladesh 28.7s - 33.7s (hi9VozbPToc).mp3.wav,Formal,train
Formal/Leather Price in Bangladesh 2m14s - 2m19.3s (hi9VozbPToc).mp3.wav,Formal,train
Formal/Leather Price in Bangladesh 2m20.3s - 2m24.5s (hi9VozbPToc).mp3.wav,Formal,train
Formal/Leather Price in Bangladesh 2m55.7s - 3m0.7s (hi9VozbPToc).mp3.wav,Formal,train
Formal/Leather Price in Bangladesh 2m8.4s - 2m13.6s (hi9VozbPToc).mp3.wav,Formal,train
Formal/Leather Price in Bangladesh 35.1s - 40.6s (hi9VozbPToc).mp3.wav,Formal,train
Formal/Leather Price in Bangladesh 3m0.7s - 3m5.5s (hi9VozbPToc).mp3.wav,Formal,train
Formal/Leather Price in Bangladesh 3m5.8s - 3m10.9s (hi9VozbPToc).mp3.wav,Formal,train
Formal/Leather Price in Bangladesh 40.9s - 45.9s (hi9VozbPToc).mp3.wav,Formal,train
Formal/Leather Price in Bangladesh 45.9s - 51.4s (hi9VozbPToc).mp3.wav,Formal,train
Formal/Leather Price in Bangladesh 52.4s - 57.7s (hi9VozbPToc).mp3.wav,Formal,train
Formal/Leather Price in Bangladesh 58.3s - 1m3.4s (hi9VozbPToc).mp3.wav,Formal,train
Formal/Leather Price in Bangladesh 6m12.7s - 6m17.7s (hi9VozbPToc).mp3.wav,Formal,train
Formal/Leather Price in Bangladesh 6m17.8s - 6m22.9s (hi9VozbPToc).mp3.wav,Formal,train
Formal/Leather Price in Bangladesh 6m23.2s - 6m28.4s (hi9VozbPToc).mp3.wav,Formal,train
Formal/Leather Price in Bangladesh 6m28.6s - 6m33.9s (hi9VozbPToc).mp3.wav,Formal,train
Formal/Leather Price in Bangladesh 6m34.7s - 6m39.7s (hi9VozbPToc).mp3.wav,Formal,train
Formal/Leather Price in Bangladesh 6m7.8s - 6m12.8s (hi9VozbPToc).mp3.wav,Formal,train
Formal/Leather Price in Bangladesh 7s - 12.6s (hi9VozbPToc).mp3.wav,Formal,train
Formal/Leather Price in Bangladesh 8m33.8s - 8m38.8s (hi9VozbPToc).mp3.wav,Formal,train
Formal/Leather Price in Bangladesh 8m39.1s - 8m44.2s (hi9VozbPToc).mp3.wav,Formal,train
Formal/Leather Price in Bangladesh 8m44.5s - 8m49.6s (hi9VozbPToc).mp3.wav,Formal,train
Formal/Leather Price in Bangladesh 8m49.9s - 8m54.9s (hi9VozbPToc).mp3.wav,Formal,train
Formal/Leather Price in Bangladesh 8m56s - 9m1.6s (hi9VozbPToc).mp3.wav,Formal,train
Formal/Maa K Amar Pore Na Mone _ Apurba_ Roji Siddiqui_ Dolly Johur _ Bangla New Natok 2019 _ Maasranga TV 14.5s - 19.6s (NKdVWwyOcZQ).mp3.wav,Formal,train
Formal/Maa K Amar Pore Na Mone _ Apurba_ Roji Siddiqui_ Dolly Johur _ Bangla New Natok 2019 _ Maasranga TV 19.6s - 23.5s (NKdVWwyOcZQ).mp3.wav,Formal,train
Formal/Maa K Amar Pore Na Mone _ Apurba_ Roji Siddiqui_ Dolly Johur _ Bangla New Natok 2019 _ Maasranga TV 1m11.6s - 1m16.1s (NKdVWwyOcZQ).mp3.wav,Formal,train
Formal/Maa K Amar Pore Na Mone _ Apurba_ Roji Siddiqui_ Dolly Johur _ Bangla New Natok 2019 _ Maasranga TV 1m27s - 1m32s (NKdVWwyOcZQ).mp3.wav,Formal,train
Formal/Maa K Amar Pore Na Mone _ Apurba_ Roji Siddiqui_ Dolly Johur _ Bangla New Natok 2019 _ Maasranga TV 23.5s - 29s (NKdVWwyOcZQ).mp3.wav,Formal,train
Formal/Maa K Amar Pore Na Mone _ Apurba_ Roji Siddiqui_ Dolly Johur _ Bangla New Natok 2019 _ Maasranga TV 2m43.6s - 2m48.2s (NKdVWwyOcZQ).mp3.wav,Formal,train
Formal/Maa K Amar Pore Na Mone _ Apurba_ Roji Siddiqui_ Dolly Johur _ Bangla New Natok 2019 _ Maasranga TV 40.6s - 45.5s (NKdVWwyOcZQ).mp3.wav,Formal,train
Formal/Maa K Amar Pore Na Mone _ Apurba_ Roji Siddiqui_ Dolly Johur _ Bangla New Natok 2019 _ Maasranga TV 45.5s - 50.9s (NKdVWwyOcZQ).mp3.wav,Formal,train
Formal/Maa K Amar Pore Na Mone _ Apurba_ Roji Siddiqui_ Dolly Johur _ Bangla New Natok 2019 _ Maasranga TV 50.9s - 55.6s (NKdVWwyOcZQ).mp3.wav,Formal,train
Formal/Maa K Amar Pore Na Mone _ Apurba_ Roji Siddiqui_ Dolly Johur _ Bangla New Natok 2019 _ Maasranga TV 55.6s - 1m0.9s (NKdVWwyOcZQ).mp3.wav,Formal,train
Formal/Madaripur News Update _ Somoy TV 11s - 16.7s (u5Kqvxg4DhA).mp3.wav,Formal,train
Formal/Madaripur News Update _ Somoy TV 17s - 22.6s (u5Kqvxg4DhA).mp3.wav,Formal,train
Formal/Madaripur News Update _ Somoy TV 22.8s - 27.8s (u5Kqvxg4DhA).mp3.wav,Formal,train
Formal/Madaripur News Update _ Somoy TV 28.4s - 33.4s (u5Kqvxg4DhA).mp3.wav,Formal,train
Formal/Madaripur News Update _ Somoy TV 5.4s - 10.6s (u5Kqvxg4DhA).mp3.wav,Formal,train
Formal/New recording 116 - Nashid Siddika 162-26-959.m4a.wav,Formal,train
Formal/New recording 117 - Nashid Siddika 162-26-959.m4a.wav,Formal,train
Formal/New recording 118 - Nashid Siddika 162-26-959.m4a.wav,Formal,val
Formal/New recording 119 - Nashid Siddika 162-26-959.m4a.wav,Formal,val
Formal/New recording 120 - Nashid Siddika 162-26-959.m4a.wav,Formal,train
Formal/Q1 - Rifat Chowdhury.aac.wav,Formal,val
Formal/Q2 - Rifat Chowdhury.aac.wav,Formal,train
Formal/Q3 - Rifat Chowdhury.aac.wav,Formal,test
Formal/Q4 - Rifat Chowdhury.aac.wav,Formal,train
Formal/Q5 - Rifat Chowdhury.aac.wav,Formal,train
Formal/Rahat Mahmud.mp3.wav,Formal,train
Formal/Rahat Mahmud2.mp3.wav,Formal,test
Formal/Rahat Mahmud3.mp3.wav,Formal,train
Formal/Rahat Mahmud4.mp3.wav,Formal,train
Formal/Rahat Mahmud5.mp3.wav,Formal,train
Formal/Record-001 - Tarafder Tarikul Islam 162-15-8165.aac.wav,Formal,train
Formal/Record-002 - Tarafder Tarikul Islam 162-15-8165.aac.wav,Formal,train
Formal/Record-003 - Tarafder Tarikul Islam 162-15-8165.aac.wav,Formal,train
Formal/Record-004 - Tarafder Tarikul Islam 162-15-8165.aac.wav,Formal,train
Formal/Record-005 - Tarafder Tarikul Islam 162-15-8165.aac.wav,Formal,train
Formal/Rtv 7m44.2s - 7m50.5s (wV6p0ebYyak).mp3.wav,Formal,train
Formal/Rtv 7m51.7s - 7m57s (wV6p0ebYyak).mp3.wav,Formal,train
Formal/Rtv 8m32.6s - 8m36.7s (wV6p0ebYyak).mp3.wav,Formal,train
Formal/Rtv Moddhanner News 10m1.6s - 10m6.4s (lhx_2Hv2wFQ).mp3.wav,Formal,train
Formal/Rtv Moddhanner News 10m11.3s - 10m16.7s (lhx_2Hv2wFQ).mp3.wav,Formal,train
Formal/Rtv Moddhanner News 10m16.7s - 10m21.8s (lhx_2Hv2wFQ).mp3.wav,Formal,train
Formal/Rtv Moddhanner News 10m6.4s - 10m11.3s (lhx_2Hv2wFQ).mp3.wav,Formal,train
Formal/Rtv Moddhanner News 1m13.8s - 1m19.7s (lhx_2Hv2wFQ).mp3.wav,Formal,train
Formal/Rtv Moddhanner News 1m19.7s - 1m25.3s (lhx_2Hv2wFQ).mp3.wav,Formal,train
Formal/Rtv Moddhanner News 1m2.3s - 1m7.8s (lhx_2Hv2wFQ).mp3.wav,Formal,train
Formal/Rtv Moddhanner News 1m38.5s - 1m44s (lhx_2Hv2wFQ).mp3.wav,Formal,train
Formal/Rtv Moddhanner News 1m59.4s - 2m4.8s (lhx_2Hv2wFQ).mp3.wav,Formal,train
Formal/Rtv Moddhanner News 1m7.8s - 1m13.8s (lhx_2Hv2wFQ).mp3.wav,Formal,train
Formal/Rtv Moddhanner News 23.5s - 29.1s (lhx_2Hv2wFQ).mp3.wav,Formal,train
Formal/Rtv Moddhanner News 2m11.3s - 2m17.8s (lhx_2Hv2wFQ).mp3.wav,Formal,train
Formal/Rtv Moddhanner News 2m17.8s - 2m23.6s (lhx_2Hv2wFQ).mp3.wav,Formal,train
Formal/Rtv Moddhanner News 2m23.6s - 2m29.7s (lhx_2Hv2wFQ).mp3.wav,Formal,train
Formal/Rtv Moddhanner News 2m29.7s - 2m35.8s (lhx_2Hv2wFQ).mp3.wav,Formal,train
Formal/Rtv Moddhanner News 2m35.8s - 2m41.3s (lhx_2Hv2wFQ).mp3.wav,Formal,train
Formal/Rtv Moddhanner News 2m41.3s - 2m46.9s (lhx_2Hv2wFQ).mp3.wav,Formal,train
Formal/Rtv Moddhanner News 2m46.9s - 2m52.7s (lhx_2Hv2wFQ).mp3.wav,Formal,train
Formal/Rtv Moddhanner News 2m6.6s - 2m11.3s (lhx_2Hv2wFQ).mp3.wav,Formal,train
Formal/Rtv Moddhanner News 32.4s - 37.9s (lhx_2Hv2wFQ).mp3.wav,Formal,train
Formal/Rtv Moddhanner News 37.9s - 43.7s (lhx_2Hv2wFQ).mp3.wav,Formal,train
Formal/Rtv Moddhanner News 43.7s - 48.8s (lhx_2Hv2wFQ).mp3.wav,Formal,train
Formal/Rtv Moddhanner News 48.8s - 55.3s (lhx_2Hv2wFQ).mp3.wav,Formal,train
Formal/Rtv Moddhanner News 55.9s - 1m1.4s (lhx_2Hv2wFQ).mp3.wav,Formal,train
Formal/Rtv Moddhanner News 6m14.5s - 6m19.9s (lhx_2Hv2wFQ).mp3.wav,Formal,train
Formal/Rtv Moddhanner News 6m19.9s - 6m25.7s (lhx_2Hv2wFQ).mp3.wav,Formal,train
Formal/Rtv Moddhanner News 6m25.7s - 6m29.7s (lhx_2Hv2wFQ).mp3.wav,Formal,train
Formal/Rtv Moddhanner News 6m29.7s - 6m34.5s (lhx_2Hv2wFQ).mp3.wav,Formal,train
Formal/Rtv Moddhanner News 6m34.5s - 6m39.5s (lhx_2Hv2wFQ).mp3.wav,Formal,train
Formal/Rtv Moddhanner News 6m39.5s - 6m44.7s (lhx_2Hv2wFQ).mp3.wav,Formal,train
Formal/Rtv Moddhanner News 6m46.5s - 6m51.5s (lhx_2Hv2wFQ).mp3.wav,Formal,train
Formal/Rtv Moddhanner News 6m9.2s - 6m14.5s (lhx_2Hv2wFQ).mp3.wav,Formal,train
Formal/Rtv Moddhanner News 9m56.6s - 10m1.6s (lhx_2Hv2wFQ).mp3.wav,Formal,train
Formal/Rtv _ Dupurer Shongbad 11m53.1s - 11m58.9s (CAIwgmp8Aww).mp3.wav,Formal,train
Formal/Rtv _ Dupurer Shongbad 11m59.4s - 12m4.4s (CAIwgmp8Aww).mp3.wav,Formal,train
Formal/Rtv _ Dupurer Shongbad 12m13.3s - 12m18.6s (CAIwgmp8Aww).mp3.wav,Formal,train
Formal/Rtv _ Dupurer Shongbad 12m21.5s - 12m26.7s (CAIwgmp8Aww).mp3.wav,Formal,train
Formal/Rtv _ Dupurer Shongbad 12m27.5s - 12m33s (CAIwgmp8Aww).mp3.wav,Formal,train
Formal/Rtv _ Dupurer Shongbad 12m7.8s - 12m12.7s (CAIwgmp8Aww).mp3.wav,Formal,train
Formal/Rtv _ Dupurer Shongbad 1m14.9s - 1m20.8s (CAIwgmp8Aww).mp3.wav,Formal,train
Formal/Rtv _ Dupurer Shongbad 1m2.6s - 1m7.8s (CAIwgmp8Aww).mp3.wav,Formal,train
Formal/Rtv _ Dupurer Shongbad 1m21.6s - 1m26.9s (CAIwgmp8Aww).mp3.wav,Formal,train
Formal/Rtv _ Dupurer Shongbad 1m29.7s - 1m34.9s (CAIwgmp8Aww).mp3.wav,Formal,train
Formal/Rtv _ Dupurer Shongbad 1m35.4s - 1m41s (CAIwgmp8Aww).mp3.wav,Formal,train
Formal/Rtv _ Dupurer Shongbad 1m41.3s - 1m46.8s (CAIwgmp8Aww).mp3.wav,Formal,train
Formal/Rtv _ Dupurer Shongbad 1m51.1s - 1m56.9s (CAIwgmp8Aww).mp3.wav,Formal,train
Formal/Rtv _ Dupurer Shongbad 2m15s - 2m20.8s (CAIwgmp8Aww).mp3.wav,Formal,train
Formal/Rtv _ Dupurer Shongbad 2m21.2s - 2m27s (CAIwgmp8Aww).mp3.wav,Formal,train
Formal/Rtv _ Dupurer Shongbad 2m27.5s - 2m32.8s (CAIwgmp8Aww).mp3.wav,Formal,train
Formal/Rtv _ Dupurer Shongbad 2m34.1s - 2m39.5s (CAIwgmp8Aww).mp3.wav,Formal,train
Formal/Rtv _ Dupurer Shongbad 2m40s - 2m45.3s (CAIwgmp8Aww).mp3.wav,Formal,train
Formal/Rtv _ Dupurer Shongbad 2m45.5s - 2m51.1s (CAIwgmp8Aww).mp3.wav,Formal,train
Formal/Rtv _ Dupurer Shongbad 2m51.7s - 2m57.2s (CAIwgmp8Aww).mp3.wav,Formal,train
Formal/Rtv _ Dupurer Shongbad 2m57.8s - 3m2.7s (CAIwgmp8Aww).mp3.wav,Formal,train
Formal/Rtv _ Dupurer Shongbad 35.8s - 41.9s (CAIwgmp8Aww).mp3.wav,Formal,train
Formal/Rtv _ Dupurer Shongbad 45.3s - 50.7s (CAIwgmp8Aww).mp3.wav,Formal,train
Formal/Rtv _ Dupurer Shongbad 50.7s - 56.1s (CAIwgmp8Aww).mp3.wav,Formal,train
Formal/Rtv _ Dupurer Shongbad 56.5s - 1m1.8s (CAIwgmp8Aww).mp3.wav,Formal,train
Formal/Rtv _ Dupurer Shongbad 7m11.6s - 7m16.5s (CAIwgmp8Aww).mp3.wav,Formal,train
Formal/Rtv _ Dupurer Shongbad 7m17.4s - 7m22.5s (CAIwgmp8Aww).mp3.wav,Formal,train
Formal/Rtv _ Dupurer Shongbad 7m23s - 7m28.1s (CAIwgmp8Aww).mp3.wav,Formal,train
Formal/Rtv _ Dupurer Shongbad 7m28.8s - 7m33.7s (CAIwgmp8Aww).mp3.wav,Formal,train
Formal/Rtv _ Dupurer Shongbad 7m34.4s - 7m39.8s (CAIwgmp8Aww).mp3.wav,Formal,train
Formal/Rtv _ Dupurer Shongbad 7m40.2s - 7m45.6s (CAIwgmp8Aww).mp3.wav,Formal,train
Formal/Rtv _ Dupurer Shongbad 7m46.4s - 7m51.5s (CAIwgmp8Aww).mp3.wav,Formal,train
Formal/Rtv _ Dupurer Shongbad 7m5.7s - 7m10.8s (CAIwgmp8Aww).mp3.wav,Formal,train
Formal/Rtv _ Rater Shongbad 10m21.1s - 10m26.9s (sU4ThIMPb4Q).mp3.wav,Formal,test
Formal/Rtv _ Rater Shongbad 10m42.7s - 10m48.4s (sU4ThIMPb4Q).mp3.wav,Formal,test
Formal/Rtv _ Rater Shongbad 10m51.6s - 10m56.7s (sU4ThIMPb4Q).mp3.wav,Formal,test
Formal/Rtv _ Rater Shongbad 10m59.5s - 11m3.7s (sU4ThIMPb4Q).mp3.wav,Formal,test
Formal/Rtv _ Rater Shongbad 1m11.4s - 1m16.8s (sU4ThIMPb4Q).mp3.wav,Formal,test
Formal/Rtv _ Rater Shongbad 1m17.6s - 1m22.5s (sU4ThIMPb4Q).mp3.wav,Formal,test
Formal/Rtv _ Rater Shongbad 1m23.4s - 1m28.9s (sU4ThIMPb4Q).mp3.wav,Formal,test
Formal/Rtv _ Rater Shongbad 1m5.3s - 1m10.7s (sU4ThIMPb4Q).mp3.wav,Formal,test
Formal/Rtv _ Rater Shongbad 2m10.4s - 2m15.5s (sU4ThIMPb4Q).mp3.wav,Formal,test
Formal/Rtv _ Rater Shongbad 2m17.5s - 2m22.6s (sU4ThIMPb4Q).mp3.wav,Formal,test
Formal/Rtv _ Rater Shongbad 2m32.5s - 2m37.8s (sU4ThIMPb4Q).mp3.wav,Formal,test
Formal/Rtv _ Rater Shongbad 2m4.3s - 2m9.7s (sU4ThIMPb4Q).mp3.wav,Formal,test
Formal/Rtv _ Rater Shongbad 2m41.1s - 2m46s (sU4ThIMPb4Q).mp3.wav,Formal,test
Formal/Rtv _ Rater Shongbad 2m46.7s - 2m51.6s (sU4ThIMPb4Q).mp3.wav,Formal,test
Formal/Rtv _ Rater Shongbad 2m53.8s - 2m59.3s (sU4ThIMPb4Q).mp3.wav,Formal,test
Formal/Rtv _ Rater Shongbad 2m59.7s - 3m3.2s (sU4ThIMPb4Q).mp3.wav,Formal,test
Formal/Rtv _ Rater Shongbad 35.9s - 40.9s (sU4ThIMPb4Q).mp3.wav,Formal,test
Formal/Rtv _ Rater Shongbad 3m14s - 3m19s (sU4ThIMPb4Q).mp3.wav,Formal,test
Formal/Rtv _ Rater Shongbad 3m29.4s - 3m34.6s (sU4ThIMPb4Q).mp3.wav,Formal,test
Formal/Rtv _ Rater Shongbad 3m8.1s - 3m13.7s (sU4ThIMPb4Q).mp3.wav,Formal,test
Formal/Rtv _ Rater Shongbad 47.6s - 52.8s (sU4ThIMPb4Q).mp3.wav,Formal,test
Formal/Rtv _ Rater Shongbad 4m20.2s - 4m25.7s (sU4ThIMPb4Q).mp3.wav,Formal,test
Formal/Rtv _ Rater Shongbad 4m26.2s - 4m31.3s (sU4ThIMPb4Q).mp3.wav,Formal,test
Formal/Rtv _ Rater Shongbad 4m33.2s - 4m38.5s (sU4ThIMPb4Q).mp3.wav,Formal,test
Formal/Rtv _ Rater Shongbad 4m38.7s - 4m44.7s (sU4ThIMPb4Q).mp3.wav,Formal,test
Formal/Rtv _ Rater Shongbad 4m45.1s - 4m50.7s (sU4ThIMPb4Q).mp3.wav,Formal,test
Formal/Rtv _ Rater Shongbad 53.3s - 58.8s (sU4ThIMPb4Q).mp3.wav,Formal,test
Formal/Rtv _ Rater Shongbad 59.5s - 1m4.5s (sU4ThIMPb4Q).mp3.wav,Formal,test
Formal/Rtv _ Rater Shongbad 5m1.3s - 5m6.7s (sU4ThIMPb4Q).mp3.wav,Formal,test
Formal/Rtv _ Rater Shongbad 5m10.2s - 5m15.1s (sU4ThIMPb4Q).mp3.wav,Formal,test
Formal/Rtv _ Rater Shongbad 5m43.4s - 5m48.7s (sU4ThIMPb4Q).mp3.wav,Formal,test
Formal/Rtv _ Rater Shongbad 5m48.9s - 5m54.8s (sU4ThIMPb4Q).mp3.wav,Formal,test
Formal/Rtv _ Rater Shongbad 5m55.3s - 6m0.5s (sU4ThIMPb4Q).mp3.wav,Formal,test
Formal/Rtv _ Rater Shongbad 7m11s - 7m16s (sU4ThIMPb4Q).mp3.wav,Formal,test
Formal/Rtv _ Rater Shongbad 7m24.3s - 7m29.7s (sU4ThIMPb4Q).mp3.wav,Formal,test
Formal/Rtv _ Rater Shongbad 7m51.1s - 7m56.5s (sU4ThIMPb4Q).mp3.wav,Formal,test
Formal/Rtv _ Rater Shongbad 8m44.9s - 8m50s (sU4ThIMPb4Q).mp3.wav,Formal,test
Formal/Rtv _ Rater Shongbad 8m50.7s - 8m55.6s (sU4ThIMPb4Q).mp3.wav,Formal,test
Formal/Shaamsher Sultan1.aac.wav,Formal,train
Formal/Shaamsher Sultan2.aac.wav,Formal,val
Formal/Shaamsher Sultan3.aac.wav,Formal,train
Formal/Shaamsher Sultan4.aac.wav,Formal,train
Formal/Shaamsher Sultan5.aac.wav,Formal,train
Formal/Somoy Tv 11.5s - 18.7s (q7EyZfXCXbw).mp3.wav,Formal,train
Formal/Somoy Tv 18.7s - 23.5s (q7EyZfXCXbw).mp3.wav,Formal,train
Formal/Somoy Tv 1m2.8s - 1m7.8s (t8brhtITqeE).mp3.wav,Formal,train
Formal/Somoy Tv 1m48.2s - 1m53.6s (t8brhtITqeE).mp3.wav,Formal,train
Formal/Somoy Tv 1m53.6s - 1m58.7s (t8brhtITqeE).mp3.wav,Formal,train
Formal/Somoy Tv 1m58.7s - 2m3.3s (t8brhtITqeE).mp3.wav,Formal,train
Formal/Somoy Tv 1m5s - 1m11.3s (q7EyZfXCXbw).mp3.wav,Formal,train
Formal/Somoy Tv 23.5s - 29s (q7EyZfXCXbw).mp3.wav,Formal,train
Formal/Somoy Tv 2m4.1s - 2m9.9s (t8brhtITqeE).mp3.wav,Formal,train
Formal/Somoy Tv 37.8s - 43.1s (q7EyZfXCXbw).mp3.wav,Formal,train
Formal/Somoy Tv 43.5s - 49.8s (q7EyZfXCXbw).mp3.wav,Formal,train
Formal/Somoy Tv 47.9s - 52.3s (t8brhtITqeE).mp3.wav,Formal,train
Formal/Somoy Tv 52.3s - 57.9s (t8brhtITqeE).mp3.wav,Formal,train
Formal/Somoy Tv 57.9s - 1m2.8s (t8brhtITqeE).mp3.wav,Formal,train
Formal/Somoy Tv 6.3s - 11.5s (q7EyZfXCXbw).ogg.wav,Formal,train
Formal/Sondha News 15.8s - 21s (N--uR0HEALA).mp3.wav,Formal,train
Formal/Sondha News 21s - 28.3s (N--uR0HEALA).mp3.wav,Formal,train
Formal/Sondha News 28.3s - 34.3s (N--uR0HEALA).mp3.wav,Formal,train
Formal/Sondha News 2m12.7s - 2m18s (N--uR0HEALA).mp3.wav,Formal,train
Formal/Sondha News 2m18s - 2m23.9s (N--uR0HEALA).mp3.wav,Formal,train
Formal/Sondha News 2m23.9s - 2m30.2s (N--uR0HEALA).mp3.wav,Formal,train
Formal/Sondha News 2m31s - 2m36.3s (N--uR0HEALA).mp3.wav,Formal,train
Formal/Sondha News 2m38.9s - 2m43.8s (N--uR0HEALA).mp3.wav,Formal,train
Formal/Sondha News 2m44.4s - 2m50.6s (N--uR0HEALA).mp3.wav,Formal,train
Formal/Sondha News 35.9s - 40.1s (N--uR0HEALA).mp3.wav,Formal,train
Formal/The Kashmir Saga _ Article 370 16.1s - 21.6s (3jmLg1XKeGk).mp3.wav,Formal,train
Formal/The Kashmir Saga _ Article 370 23.4s - 29s (3jmLg1XKeGk).mp3.wav,Formal,train
Formal/The Kashmir Saga _ Article 370 29.9s - 35.4s (3jmLg1XKeGk).mp3.wav,Formal,train
Formal/The Kashmir Saga _ Article 370 3.3s - 8.7s (3jmLg1XKeGk).mp3.wav,Formal,train
Formal/The Kashmir Saga _ Article 370 3m38.2s - 3m43.5s (3jmLg1XKeGk).mp3.wav,Formal,train
Formal/The Kashmir Saga _ Article 370 9.5s - 15.1s (3jmLg1XKeGk).mp3.wav,Formal,train
Formal/Tomra kemon acho - Nirjhor Niloy.mp3.wav,Formal,train
Formal/Voice 001_sd - Farea Rehnuma.m4a.wav,Formal,train
Formal/Voice 001_sd - Shahira Autoshee.m4a.wav,Formal,train
Formal/Voice 001_sd.m4a.wav,Formal,train
Formal/Voice 002_sd - Farea Rehnuma.m4a.wav,Formal,train
Formal/Voice 002_sd - Shahira Autoshee.m4a.wav,Formal,val
Formal/Voice 002_sd.m4a.wav,Formal,val
Formal/Voice 003_sd - Farea Rehnuma.m4a.wav,Formal,train
Formal/Voice 003_sd - Shahira Autoshee.m4a.wav,Formal,train
Formal/Voice 003_sd.m4a.wav,Formal,train
Formal/Voice 004_sd - Farea Rehnuma.m4a.wav,Formal,train
Formal/Voice 004_sd - Shahira Autoshee.m4a.wav,Formal,test
Formal/Voice 004_sd .m4a.wav,Formal,train
Formal/Voice 005_sd - Farea Rehnuma.m4a.wav,Formal,train
Formal/Voice 005_sd - Shahira Autoshee.m4a.wav,Formal,train
Formal/Voice 005_sd.m4a.wav,Formal,train
Formal/amar gramer bari - Nirjhor Niloy.mp3.wav,Formal,val
Formal/ami banglay kotha boli - Nirjhor Niloy.mp3.wav,Formal,train
Formal/ami valo achi - Nirjhor Niloy.mp3.wav,Formal,train
Formal/amra valo achi - Nirjhor Niloy.mp3.wav,Formal,train
Formal/bangla short film 2019 _ 1m11.5s - 1m16.1s (D9eNXt5hnc0).mp3.wav,Formal,val
Formal/bangla short film 2019 _ 1m57s - 2m0.8s (D9eNXt5hnc0).mp3.wav,Formal,val
Formal/bangla short film 2019 _ 1m6.2s - 1m11.5s (D9eNXt5hnc0).mp3.wav,Formal,val
Formal/bangla short film 2019 _ 2m0.8s - 2m5.7s (D9eNXt5hnc0).mp3.wav,Formal,val
Formal/bangla short film 2019 _ 2m10.5s - 2m15.7s (D9eNXt5hnc0).mp3.wav,Formal,val
Formal/bangla short film 2019 _ 2m5.7s - 2m10.5s (D9eNXt5hnc0).mp3.wav,Formal,val
Formal/bangla short film 2019 _ 59.4s - 1m6.2s (D9eNXt5hnc0).mp3.wav,Formal,val
Formal/ff1.mp3.wav,Formal,train
Formal/ff10.mp3.wav,Formal,train
Formal/ff100.mp3.wav,Formal,train
Formal/ff101.mp3.wav,Formal,val
Formal/ff102.mp3.wav,Formal,train
Formal/ff103.mp3.wav,Formal,test
Formal/ff104.mp3.wav,Formal,train
Formal/ff105.mp3.wav,Formal,train
Formal/ff106.mp3.wav,Formal,train
Formal/ff107.mp3.wav,Formal,train
Formal/ff108.mp3.wav,Formal,train
Formal/ff109.mp3.wav,Formal,train
Formal/ff11.mp3.wav,Formal,train
Formal/ff110.mp3.wav,Formal,train
Formal/ff111.mp3.wav,Formal,val
Formal/ff112.mp3.wav,Formal,train
Formal/ff113.mp3.wav,Formal,train
Formal/ff114.mp3.wav,Formal,test
Formal/ff115.mp3.wav,Formal,train
Formal/ff116.mp3.wav,Formal,train
Formal/ff117.mp3.wav,Formal,test
Formal/ff118.mp3.wav,Formal,test
Formal/ff119.mp3.wav,Formal,train
Formal/ff12.mp3.wav,Formal,test
Formal/ff120.mp3.wav,Formal,train
Formal/ff121.mp3.wav,Formal,val
Formal/ff122.mp3.wav,Formal,train
Formal/ff123.mp3.wav,Formal,train
Formal/ff124.mp3.wav,Formal,train
Formal/ff125.mp3.wav,Formal,train
Formal/ff126.mp3.wav,Formal,train
Formal/ff127.mp3.wav,Formal,train
Formal/ff128.mp3.wav,Formal,train
Formal/ff129.mp3.wav,Formal,test
Formal/ff13.mp3.wav,Formal,train
Formal/ff130.mp3.wav,Formal,train
Formal/ff131.mp3.wav,Formal,train
Formal/ff132.mp3.wav,Formal,train
Formal/ff133.mp3.wav,Formal,train
Formal/ff134.mp3.wav,Formal,train
Formal/ff135.mp3.wav,Formal,train
Formal/ff136.mp3.wav,Formal,test
Formal/ff137.mp3.wav,Formal,val
Formal/ff138.mp3.wav,Formal,train
Formal/ff139.mp3.wav,Formal,train
Formal/ff14.mp3.wav,Formal,val
Formal/ff140.mp3.wav,Formal,train
Formal/ff141.mp3.wav,Formal,train
Formal/ff142.mp3.wav,Formal,val
Formal/ff143.mp3.wav,Formal,val
Formal/ff144.mp3.wav,Formal,train
Formal/ff145.mp3.wav,Formal,val
Formal/ff146.mp3.wav,Formal,val
Formal/ff147.mp3.wav,Formal,train
Formal/ff148.mp3.wav,Formal,train
Formal/ff149.mp3.wav,Formal,train
Formal/ff15.mp3.wav,Formal,train
Formal/ff150.mp3.wav,Formal,train
Formal/ff151.mp3.wav,Formal,train
Formal/ff152.mp3.wav,Formal,val
Formal/ff153.mp3.wav,Formal,train
Formal/ff154.mp3.wav,Formal,train
Formal/ff155.mp3.wav,Formal,train
Formal/ff156.mp3.wav,Formal,train
Formal/ff157.mp3.wav,Formal,train
Formal/ff158.mp3.wav,Formal,train
Formal/ff159.mp3.wav,Formal,train
Formal/ff16.mp3.wav,Formal,train
Formal/ff160.mp3.wav,Formal,train
Formal/ff161.mp3.wav,Formal,train
Formal/ff162.mp3.wav,Formal,train
Formal/ff163.mp3.wav,Formal,train
Formal/ff164.mp3.wav,Formal,train
Formal/ff165.mp3.wav,Formal,train
Formal/ff166.mp3.wav,Formal,test
Formal/ff167.mp3.wav,Formal,train
Formal/ff168.mp3.wav,Formal,train
Formal/ff169.mp3.wav,Formal,train
Formal/ff17.mp3.wav,Formal,train
Formal/ff170.mp3.wav,Formal,train
Formal/ff171.mp3.wav,Formal,train
Formal/ff172.mp3.wav,Formal,test
Formal/ff173.mp3.wav,Formal,train
Formal/ff174.mp3.wav,Formal,val
Formal/ff175.mp3.wav,Formal,train
Formal/ff176.mp3.wav,Formal,test
Formal/ff177.mp3.wav,Formal,train
Formal/ff178.mp3.wav,Formal,train
Formal/ff179.mp3.wav,Formal,train
Formal/ff18.mp3.wav,Formal,val
Formal/ff180.mp3.wav,Formal,test
Formal/ff181.mp3.wav,Formal,train
Formal/ff182.mp3.wav,Formal,train
Formal/ff183.mp3.wav,Formal,train
Formal/ff184.mp3.wav,Formal,test
Formal/ff185.mp3.wav,Formal,val
Formal/ff186.mp3.wav,Formal,train
Formal/ff187.mp3.wav,Formal,train
Formal/ff188.mp3.wav,Formal,train
Formal/ff189.mp3.wav,Formal,test
Formal/ff19.mp3.wav,Formal,val
Formal/ff190.mp3.wav,Formal,train
Formal/ff191.mp3.wav,Formal,train
Formal/ff192.mp3.wav,Formal,train
Formal/ff193.mp3.wav,Formal,test
Formal/ff194.mp3.wav,Formal,train
Formal/ff195.mp3.wav,Formal,train
Formal/ff196.mp3.wav,Formal,test
Formal/ff197.mp3.wav,Formal,train
Formal/ff198.mp3.wav,Formal,train
Formal/ff199.mp3.wav,Formal,train
Formal/ff2.mp3.wav,Formal,train
Formal/ff20.mp3.wav,Formal,train
Formal/ff200.mp3.wav,Formal,train
Formal/ff201.mp3.wav,Formal,train
Formal/ff202.mp3.wav,Formal,train
Formal/ff203.mp3.wav,Formal,train
Formal/ff204.mp3.wav,Formal,train
Formal/ff205.mp3.wav,Formal,train
Formal/ff206.mp3.wav,Formal,val
Formal/ff207.mp3.wav,Formal,train
Formal/ff208.mp3.wav,Formal,train
Formal/ff209.mp3.wav,Formal,train
Formal/ff21.mp3.wav,Formal,train
Formal/ff210.mp3.wav,Formal,train
Formal/ff211.mp3.wav,Formal,train
Formal/ff212.mp3.wav,Formal,train
Formal/ff213.mp3.wav,Formal,train
Formal/ff214.mp3.wav,Formal,train
Formal/ff215.mp3.wav,Formal,train
Formal/ff216.mp3.wav,Formal,train
Formal/ff217.mp3.wav,Formal,train
Formal/ff218.mp3.wav,Formal,train
Formal/ff219.mp3.wav,Formal,val
Formal/ff22.mp3.wav,Formal,test
Formal/ff220.mp3.wav,Formal,val
Formal/ff221.mp3.wav,Formal,train
Formal/ff222.mp3.wav,Formal,train
Formal/ff223.mp3.wav,Formal,train
Formal/ff224.mp3.wav,Formal,train
Formal/ff225.mp3.wav,Formal,train
Formal/ff226.mp3.wav,Formal,test
Formal/ff227.mp3.wav,Formal,val
Formal/ff228.mp3.wav,Formal,train
Formal/ff229.mp3.wav,Formal,train
Formal/ff23.mp3.wav,Formal,train
Formal/ff230.mp3.wav,Formal,train
Formal/ff231.mp3.wav,Formal,train
Formal/ff232.mp3.wav,Formal,train
Formal/ff233.mp3.wav,Formal,train
Formal/ff234.mp3.wav,Formal,train
Formal/ff235.mp3.wav,Formal,test
Formal/ff236.mp3.wav,Formal,train
Formal/ff237.mp3.wav,Formal,test
Formal/ff238.mp3.wav,Formal,train
Formal/ff239.mp3.wav,Formal,train
Formal/ff24.mp3.wav,Formal,train
Formal/ff240.mp3.wav,Formal,train
Formal/ff241.mp3.wav,Formal,train
Formal/ff242.mp3.wav,Formal,test
Formal/ff243.mp3.wav,Formal,train
Formal/ff244.mp3.wav,Formal,train
Formal/ff245.mp3.wav,Formal,val
Formal/ff246.mp3.wav,Formal,train
Formal/ff247.mp3.wav,Formal,train
Formal/ff248.mp3.wav,Formal,test
Formal/ff249.mp3.wav,Formal,train
Formal/ff25.mp3.wav,Formal,train
Formal/ff250.mp3.wav,Formal,test
Formal/ff26.mp3.wav,Formal,train
Formal/ff27.mp3.wav,Formal,val
Formal/ff28.mp3.wav,Formal,train
Formal/ff29.mp3.wav,Formal,train
Formal/ff3.mp3.wav,Formal,test
Formal/ff30.mp3.wav,Formal,train
Formal/ff31.mp3.wav,Formal,train
Formal/ff32.mp3.wav,Formal,train
Formal/ff33.mp3.wav,Formal,train
Formal/ff34.mp3.wav,Formal,val
Formal/ff35.mp3.wav,Formal,train
Formal/ff36.mp3.wav,Formal,test
Formal/ff37.mp3.wav,Formal,train
Formal/ff38.mp3.wav,Formal,train
Formal/ff39.mp3.wav,Formal,test
Formal/ff4.mp3.wav,Formal,test
Formal/ff40.mp3.wav,Formal,train
Formal/ff41.mp3.wav,Formal,train
Formal/ff42.mp3.wav,Formal,train
Formal/ff43.mp3.wav,Formal,train
Formal/ff44.mp3.wav,Formal,train
Formal/ff45.mp3.wav,Formal,train
Formal/ff46.mp3.wav,Formal,val
Formal/ff47.mp3.wav,Formal,train
Formal/ff48.mp3.wav,Formal,train
Formal/ff49.mp3.wav,Formal,train
Formal/ff5.mp3.wav,Formal,train
Formal/ff50.mp3.wav,Formal,test
Formal/ff51.mp3.wav,Formal,train
Formal/ff52.mp3.wav,Formal,train
Formal/ff53.mp3.wav,Formal,test
Formal/ff54.mp3.wav,Formal,test
Formal/ff55.mp3.wav,Formal,train
Formal/ff56.mp3.wav,Formal,val
Formal/ff57.mp3.wav,Formal,test
Formal/ff58.mp3.wav,Formal,val
Formal/ff59.mp3.wav,Formal,train
Formal/ff6.mp3.wav,Formal,train
Formal/ff60.mp3.wav,Formal,train
Formal/ff61.mp3.wav,Formal,train
Formal/ff62.mp3.wav,Formal,train
Formal/ff63.mp3.wav,Formal,train
Formal/ff64.mp3.wav,Formal,val
Formal/ff65.mp3.wav,Formal,train
Formal/ff66.mp3.wav,Formal,train
Formal/ff67.mp3.wav,Formal,train
Formal/ff68.mp3.wav,Formal,train
Formal/ff69.mp3.wav,Formal,train
Formal/ff7.mp3.wav,Formal,train
Formal/ff70.mp3.wav,Formal,train
Formal/ff71.mp3.wav,Formal,test
Formal/ff72.mp3.wav,Formal,test
Formal/ff73.mp3.wav,Formal,train
Formal/ff74.mp3.wav,Formal,train
Formal/ff75.mp3.wav,Formal,test
Formal/ff76.mp3.wav,Formal,val
Formal/ff77.mp3.wav,Formal,train
Formal/ff78.mp3.wav,Formal,train
Formal/ff79.mp3.wav,Formal,train
Formal/ff8.mp3.wav,Formal,train
Formal/ff80.mp3.wav,Formal,train
Formal/ff81.mp3.wav,Formal,test
Formal/ff82.mp3.wav,Formal,train
Formal/ff83.mp3.wav,Formal,val
Formal/ff84.mp3.wav,Formal,val
Formal/ff85.mp3.wav,Formal,val
Formal/ff86.mp3.wav,Formal,train
Formal/ff87.mp3.wav,Formal,train
Formal/ff88.mp3.wav,Formal,train
Formal/ff89.mp3.wav,Formal,train
Formal/ff9.mp3.wav,Formal,test
Formal/ff90.mp3.wav,Formal,train
Formal/ff91.mp3.wav,Formal,train
Formal/ff92.mp3.wav,Formal,train
Formal/ff93.mp3.wav,Formal,train
Formal/ff94.mp3.wav,Formal,train
Formal/ff95.mp3.wav,Formal,test
Formal/ff96.mp3.wav,Formal,train
Formal/ff97.mp3.wav,Formal,train
Formal/ff98.mp3.wav,Formal,train
Formal/ff99.mp3.wav,Formal,test
Formal/fm1.mp3.wav,Formal,train
Formal/fm10.mp3.wav,Formal,val
Formal/fm100.mp3.wav,Formal,train
Formal/fm101.mp3.wav,Formal,train
Formal/fm102.mp3.wav,Formal,train
Formal/fm103.mp3.wav,Formal,train
Formal/fm104.mp3.wav,Formal,train
Formal/fm105.mp3.wav,Formal,train
Formal/fm106.mp3.wav,Formal,val
Formal/fm107.mp3.wav,Formal,train
Formal/fm108.mp3.wav,Formal,test
Formal/fm109.mp3.wav,Formal,test
Formal/fm11.mp3.wav,Formal,train
Formal/fm110.mp3.wav,Formal,train
Formal/fm111.mp3.wav,Formal,train
Formal/fm112.mp3.wav,Formal,train
Formal/fm113.mp3.wav,Formal,train
Formal/fm114.mp3.wav,Formal,train
Formal/fm115.mp3.wav,Formal,val
Formal/fm116.mp3.wav,Formal,train
Formal/fm117.mp3.wav,Formal,train
Formal/fm118.mp3.wav,Formal,val
Formal/fm119.mp3.wav,Formal,train
Formal/fm12.mp3.wav,Formal,val
Formal/fm120.mp3.wav,Formal,test
Formal/fm121.mp3.wav,Formal,train
Formal/fm122.mp3.wav,Formal,train
Formal/fm123.mp3.wav,Formal,train
Formal/fm124.mp3.wav,Formal,train
Formal/fm125.mp3.wav,Formal,test
Formal/fm126.mp3.wav,Formal,train
Formal/fm127.mp3.wav,Formal,train
Formal/fm128.mp3.wav,Formal,train
Formal/fm129.mp3.wav,Formal,train
Formal/fm13.mp3.wav,Formal,train
Formal/fm130.mp3.wav,Formal,train
Formal/fm131.mp3.wav,Formal,train
Formal/fm132.mp3.wav,Formal,train
Formal/fm133.mp3.wav,Formal,train
Formal/fm134.mp3.wav,Formal,train
Formal/fm135.mp3.wav,Formal,test
Formal/fm136.mp3.wav,Formal,train
Formal/fm137.mp3.wav,Formal,train
Formal/fm138.mp3.wav,Formal,train
Formal/fm139.mp3.wav,Formal,train
Formal/fm14.mp3.wav,Formal,train
Formal/fm140.mp3.wav,Formal,train
Formal/fm141.mp3.wav,Formal,train
Formal/fm142.mp3.wav,Formal,train
Formal/fm143.mp3.wav,Formal,train
Formal/fm144.mp3.wav,Formal,train
Formal/fm145.mp3.wav,Formal,train
Formal/fm146.mp3.wav,Formal,train
Formal/fm147.mp3.wav,Formal,train
Formal/fm148.mp3.wav,Formal,train
Formal/fm149.mp3.wav,Formal,test
Formal/fm15.mp3.wav,Formal,train
Formal/fm150.mp3.wav,Formal,train
Formal/fm151.mp3.wav,Formal,train
Formal/fm152.mp3.wav,Formal,train
Formal/fm153.mp3.wav,Formal,train
Formal/fm154.mp3.wav,Formal,train
Formal/fm155.mp3.wav,Formal,train
Formal/fm156.mp3.wav,Formal,train
Formal/fm157.mp3.wav,Formal,train
Formal/fm158.mp3.wav,Formal,test
Formal/fm159.mp3.wav,Formal,train
Formal/fm16.mp3.wav,Formal,train
Formal/fm160.mp3.wav,Formal,train
Formal/fm161.mp3.wav,Formal,val
Formal/fm162.mp3.wav,Formal,train
Formal/fm163.mp3.wav,Formal,val
Formal/fm164.mp3.wav,Formal,train
Formal/fm165.mp3.wav,Formal,val
Formal/fm166.mp3.wav,Formal,train
Formal/fm167.mp3.wav,Formal,val
Formal/fm168.mp3.wav,Formal,train
Formal/fm169.mp3.wav,Formal,train
Formal/fm17.mp3.wav,Formal,train
Formal/fm170.mp3.wav,Formal,train
Formal/fm171.mp3.wav,Formal,train
Formal/fm172.mp3.wav,Formal,train
Formal/fm173.mp3.wav,Formal,train
Formal/fm174.mp3.wav,Formal,train
Formal/fm175.mp3.wav,Formal,train
Formal/fm176.mp3.wav,Formal,train
Formal/fm177.mp3.wav,Formal,val
Formal/fm178.mp3.wav,Formal,train
Formal/fm179.mp3.wav,Formal,train
Formal/fm18.mp3.wav,Formal,train
Formal/fm180.mp3.wav,Formal,train
Formal/fm181.mp3.wav,Formal,train
Formal/fm182.mp3.wav,Formal,train
Formal/fm183.mp3.wav,Formal,train
Formal/fm184.mp3.wav,Formal,train
Formal/fm185.mp3.wav,Formal,train
Formal/fm186.mp3.wav,Formal,train
Formal/fm187.mp3.wav,Formal,val
Formal/fm188.mp3.wav,Formal,test
Formal/fm189.mp3.wav,Formal,test
Formal/fm19.mp3.wav,Formal,train
Formal/fm190.mp3.wav,Formal,train
Formal/fm191.mp3.wav,Formal,train
Formal/fm192.mp3.wav,Formal,train
Formal/fm193.mp3.wav,Formal,train
Formal/fm194.mp3.wav,Formal,train
Formal/fm195.mp3.wav,Formal,train
Formal/fm196.mp3.wav,Formal,train
Formal/fm197.mp3.wav,Formal,test
Formal/fm198.mp3.wav,Formal,val
Formal/fm199.mp3.wav,Formal,train
Formal/fm2.mp3.wav,Formal,val
Formal/fm20.mp3.wav,Formal,test
Formal/fm200.mp3.wav,Formal,train
Formal/fm201.mp3.wav,Formal,val
Formal/fm202.mp3.wav,Formal,train
Formal/fm203.mp3.wav,Formal,test
Formal/fm204.mp3.wav,Formal,train
Formal/fm205.mp3.wav,Formal,train
Formal/fm206.mp3.wav,Formal,train
Formal/fm207.mp3.wav,Formal,train
Formal/fm208.mp3.wav,Formal,train
Formal/fm209.mp3.wav,Formal,train
Formal/fm21.mp3.wav,Formal,test
Formal/fm210.mp3.wav,Formal,train
Formal/fm211.mp3.wav,Formal,train
Formal/fm212.mp3.wav,Formal,train
Formal/fm213.mp3.wav,Formal,train
Formal/fm214.mp3.wav,Formal,train
Formal/fm215.mp3.wav,Formal,train
Formal/fm216.mp3.wav,Formal,val
Formal/fm217.mp3.wav,Formal,val
Formal/fm218.mp3.wav,Formal,val
Formal/fm219.mp3.wav,Formal,train
Formal/fm22.mp3.wav,Formal,test
Formal/fm220.mp3.wav,Formal,train
Formal/fm221.mp3.wav,Formal,train
Formal/fm222.mp3.wav,Formal,train
Formal/fm223.mp3.wav,Formal,train
Formal/fm224.mp3.wav,Formal,test
Formal/fm225.mp3.wav,Formal,train
Formal/fm226.mp3.wav,Formal,train
Formal/fm227.mp3.wav,Formal,train
Formal/fm228.mp3.wav,Formal,train
Formal/fm229.mp3.wav,Formal,test
Formal/fm23.mp3.wav,Formal,train
Formal/fm230.mp3.wav,Formal,train
Formal/fm231.mp3.wav,Formal,train
Formal/fm232.mp3.wav,Formal,train
Formal/fm233.mp3.wav,Formal,test
Formal/fm234.mp3.wav,Formal,train
Formal/fm235.mp3.wav,Formal,train
Formal/fm236.mp3.wav,Formal,val
Formal/fm237.mp3.wav,Formal,train
Formal/fm238.mp3.wav,Formal,train
Formal/fm239.mp3.wav,Formal,train
Formal/fm24.mp3.wav,Formal,train
Formal/fm240.mp3.wav,Formal,train
Formal/fm241.mp3.wav,Formal,train
Formal/fm242.mp3.wav,Formal,val
Formal/fm243.mp3.wav,Formal,train
Formal/fm244.mp3.wav,Formal,train
Formal/fm245.mp3.wav,Formal,train
Formal/fm246.mp3.wav,Formal,train
Formal/fm247.mp3.wav,Formal,train
Formal/fm248.mp3.wav,Formal,train
Formal/fm249.mp3.wav,Formal,test
Formal/fm25.mp3.wav,Formal,train
Formal/fm250.mp3.wav,Formal,train
Formal/fm26.mp3.wav,Formal,train
Formal/fm27.mp3.wav,Formal,test
Formal/fm28.mp3.wav,Formal,train
Formal/fm29.mp3.wav,Formal,train
Formal/fm3.mp3.wav,Formal,train
Formal/fm30.mp3.wav,Formal,train
Formal/fm31.mp3.wav,Formal,train
Formal/fm32.mp3.wav,Formal,train
Formal/fm33.mp3.wav,Formal,train
Formal/fm34.mp3.wav,Formal,train
Formal/fm35.mp3.wav,Formal,train
Formal/fm36.mp3.wav,Formal,train
Formal/fm37.mp3.wav,Formal,val
Formal/fm38.mp3.wav,Formal,train
Formal/fm39.mp3.wav,Formal,train
Formal/fm4.mp3.wav,Formal,train
Formal/fm40.mp3.wav,Formal,test
Formal/fm41.mp3.wav,Formal,train
Formal/fm42.mp3.wav,Formal,test
Formal/fm43.mp3.wav,Formal,test
Formal/fm44.mp3.wav,Formal,val
Formal/fm45.mp3.wav,Formal,train
Formal/fm46.mp3.wav,Formal,train
Formal/fm47.mp3.wav,Formal,val
Formal/fm48.mp3.wav,Formal,train
Formal/fm49.mp3.wav,Formal,train
Formal/fm5.mp3.wav,Formal,train
Formal/fm50.mp3.wav,Formal,val
Formal/fm51.mp3.wav,Formal,train
Formal/fm52.mp3.wav,Formal,train
Formal/fm53.mp3.wav,Formal,train
Formal/fm54.mp3.wav,Formal,train
Formal/fm55.mp3.wav,Formal,train
Formal/fm56.mp3.wav,Formal,val
Formal/fm57.mp3.wav,Formal,train
Formal/fm58.mp3.wav,Formal,train
Formal/fm59.mp3.wav,Formal,train
Formal/fm6.mp3.wav,Formal,train
Formal/fm60.mp3.wav,Formal,test
Formal/fm61.mp3.wav,Formal,train
Formal/fm62.mp3.wav,Formal,train
Formal/fm63.mp3.wav,Formal,test
Formal/fm64.mp3.wav,Formal,train
Formal/fm65.mp3.wav,Formal,train
Formal/fm66.mp3.wav,Formal,train
Formal/fm67.mp3.wav,Formal,train
Formal/fm68.mp3.wav,Formal,test
Formal/fm69.mp3.wav,Formal,train
Formal/fm7.mp3.wav,Formal,train
Formal/fm70.mp3.wav,Formal,test
Formal/fm71.mp3.wav,Formal,train
Formal/fm72.mp3.wav,Formal,test
Formal/fm73.mp3.wav,Formal,train
Formal/fm74.mp3.wav,Formal,train
Formal/fm75.mp3.wav,Formal,test
Formal/fm76.mp3.wav,Formal,train
Formal/fm77.mp3.wav,Formal,test
Formal/fm78.mp3.wav,Formal,val
Formal/fm79.mp3.wav,Formal,train
Formal/fm8.mp3.wav,Formal,train
Formal/fm80.mp3.wav,Formal,train
Formal/fm81.mp3.wav,Formal,train
Formal/fm82.mp3.wav,Formal,train
Formal/fm83.mp3.wav,Formal,train
Formal/fm84.mp3.wav,Formal,train
Formal/fm85.mp3.wav,Formal,train
Formal/fm86.mp3.wav,Formal,train
Formal/fm87.mp3.wav,Formal,val
Formal/fm88.mp3.wav,Formal,train
Formal/fm89.mp3.wav,Formal,train
Formal/fm9.mp3.wav,Formal,train
Formal/fm90.mp3.wav,Formal,train
Formal/fm91.mp3.wav,Formal,train
Formal/fm92.mp3.wav,Formal,train
Formal/fm93.mp3.wav,Formal,test
Formal/fm94.mp3.wav,Formal,test
Formal/fm95.mp3.wav,Formal,train
Formal/fm96.mp3.wav,Formal,train
Formal/fm97.mp3.wav,Formal,train
Formal/fm98.mp3.wav,Formal,train
Formal/fm99.mp3.wav,Formal,train
Formal/fv1.mp3.wav,Formal,train
Formal/fv10.mp3.wav,Formal,train
Formal/fv100.mp3.wav,Formal,train
Formal/fv101.mp3.wav,Formal,train
Formal/fv102.mp3.wav,Formal,test
Formal/fv103.mp3.wav,Formal,train
Formal/fv104.mp3.wav,Formal,val
Formal/fv105.mp3.wav,Formal,val
Formal/fv106.mp3.wav,Formal,train
Formal/fv107.mp3.wav,Formal,test
Formal/fv108.mp3.wav,Formal,train
Formal/fv109.mp3.wav,Formal,train
Formal/fv11.mp3.wav,Formal,train
Formal/fv110.mp3.wav,Formal,train
Formal/fv111.mp3.wav,Formal,train
Formal/fv112.mp3.wav,Formal,train
Formal/fv113.mp3.wav,Formal,train
Formal/fv114.mp3.wav,Formal,train
Formal/fv115.mp3.wav,Formal,train
Formal/fv116.mp3.wav,Formal,train
Formal/fv117.mp3.wav,Formal,train
Formal/fv118.mp3.wav,Formal,train
Formal/fv119.mp3.wav,Formal,val
Formal/fv12.mp3.wav,Formal,train
Formal/fv120.mp3.wav,Formal,test
Formal/fv121.mp3.wav,Formal,train
Formal/fv122.mp3.wav,Formal,train
Formal/fv123.mp3.wav,Formal,test
Formal/fv124.mp3.wav,Formal,train
Formal/fv125.mp3.wav,Formal,train
Formal/fv126.mp3.wav,Formal,train
Formal/fv127.mp3.wav,Formal,train
Formal/fv128.mp3.wav,Formal,train
Formal/fv129.mp3.wav,Formal,test
Formal/fv13.mp3.wav,Formal,train
Formal/fv130.mp3.wav,Formal,train
Formal/fv131.mp3.wav,Formal,val
Formal/fv132.mp3.wav,Formal,train
Formal/fv133.mp3.wav,Formal,train
Formal/fv134.mp3.wav,Formal,train
Formal/fv135.mp3.wav,Formal,train
Formal/fv136.mp3.wav,Formal,train
Formal/fv137.mp3.wav,Formal,test
Formal/fv138.mp3.wav,Formal,train
Formal/fv139.mp3.wav,Formal,train
Formal/fv14.mp3.wav,Formal,train
Formal/fv140.mp3.wav,Formal,train
Formal/fv141.mp3.wav,Formal,val
Formal/fv142.mp3.wav,Formal,train
Formal/fv143.mp3.wav,Formal,train
Formal/fv144.mp3.wav,Formal,train
Formal/fv145.mp3.wav,Formal,train
Formal/fv146.mp3.wav,Formal,test
Formal/fv147.mp3.wav,Formal,train
Formal/fv148.mp3.wav,Formal,test
Formal/fv149.mp3.wav,Formal,train
Formal/fv15.mp3.wav,Formal,train
Formal/fv150.mp3.wav,Formal,train
Formal/fv151.mp3.wav,Formal,train
Formal/fv152.mp3.wav,Formal,test
Formal/fv153.mp3.wav,Formal,test
Formal/fv154.mp3.wav,Formal,train
Formal/fv155.mp3.wav,Formal,train
Formal/fv156.mp3.wav,Formal,train
Formal/fv157.mp3.wav,Formal,test
Formal/fv158.mp3.wav,Formal,train
Formal/fv159.mp3.wav,Formal,train
Formal/fv16.mp3.wav,Formal,train
Formal/fv160.mp3.wav,Formal,train
Formal/fv161.mp3.wav,Formal,val
Formal/fv162.mp3.wav,Formal,test
Formal/fv163.mp3.wav,Formal,train
Formal/fv164.mp3.wav,Formal,train
Formal/fv165.mp3.wav,Formal,test
Formal/fv166.mp3.wav,Formal,train
Formal/fv167.mp3.wav,Formal,train
Formal/fv168.mp3.wav,Formal,train
Formal/fv169.mp3.wav,Formal,train
Formal/fv17.mp3.wav,Formal,test
Formal/fv170.mp3.wav,Formal,train
Formal/fv171.mp3.wav,Formal,train
Formal/fv172.mp3.wav,Formal,train
Formal/fv173.mp3.wav,Formal,train
Formal/fv174.mp3.wav,Formal,train
Formal/fv175.mp3.wav,Formal,val
Formal/fv176.mp3.wav,Formal,train
Formal/fv177.mp3.wav,Formal,train
Formal/fv178.mp3.wav,Formal,test
Formal/fv179.mp3.wav,Formal,train
Formal/fv18.mp3.wav,Formal,train
Formal/fv180.mp3.wav,Formal,train
Formal/fv181.mp3.wav,Formal,train
Formal/fv182.mp3.wav,Formal,train
Formal/fv183.mp3.wav,Formal,train
Formal/fv184.mp3.wav,Formal,val
Formal/fv185.mp3.wav,Formal,train
Formal/fv186.mp3.wav,Formal,train
Formal/fv187.mp3.wav,Formal,train
Formal/fv188.mp3.wav,Formal,train
Formal/fv189.mp3.wav,Formal,train
Formal/fv19.mp3.wav,Formal,train
Formal/fv190.mp3.wav,Formal,test
Formal/fv191.mp3.wav,Formal,train
Formal/fv192.mp3.wav,Formal,train
Formal/fv193.mp3.wav,Formal,train
Formal/fv194.mp3.wav,Formal,train
Formal/fv195.mp3.wav,Formal,train
Formal/fv196.mp3.wav,Formal,train
Formal/fv197.mp3.wav,Formal,train
Formal/fv198.mp3.wav,Formal,val
Formal/fv199.mp3.wav,Formal,train
Formal/fv2.mp3.wav,Formal,train
Formal/fv20.mp3.wav,Formal,val
Formal/fv200.mp3.wav,Formal,train
Formal/fv201.mp3.wav,Formal,train
Formal/fv202.mp3.wav,Formal,train
Formal/fv203.mp3.wav,Formal,test
Formal/fv204.mp3.wav,Formal,train
Formal/fv205.mp3.wav,Formal,train
Formal/fv206.mp3.wav,Formal,test
Formal/fv207.mp3.wav,Formal,train
Formal/fv208.mp3.wav,Formal,train
Formal/fv209.mp3.wav,Formal,train
Formal/fv21.mp3.wav,Formal,train
Formal/fv210.mp3.wav,Formal,train
Formal/fv211.mp3.wav,Formal,train
Formal/fv212.mp3.wav,Formal,test
Formal/fv213.mp3.wav,Formal,train
Formal/fv214.mp3.wav,Formal,val
Formal/fv215.mp3.wav,Formal,train
Formal/fv216.mp3.wav,Formal,train
Formal/fv217.mp3.wav,Formal,train
Formal/fv218.mp3.wav,Formal,train
Formal/fv219.mp3.wav,Formal,train
Formal/fv22.mp3.wav,Formal,train
Formal/fv220.mp3.wav,Formal,train
Formal/fv221.mp3.wav,Formal,train
Formal/fv222.mp3.wav,Formal,train
Formal/fv223.mp3.wav,Formal,train
Formal/fv224.mp3.wav,Formal,test
Formal/fv225.mp3.wav,Formal,val
Formal/fv226.mp3.wav,Formal,train
Formal/fv227.mp3.wav,Formal,train
Formal/fv228.mp3.wav,Formal,train
Formal/fv229.mp3.wav,Formal,val
Formal/fv23.mp3.wav,Formal,train
Formal/fv230.mp3.wav,Formal,train
Formal/fv231.mp3.wav,Formal,train
Formal/fv232.mp3.wav,Formal,test
Formal/fv233.mp3.wav,Formal,train
Formal/fv234.mp3.wav,Formal,train
Formal/fv235.mp3.wav,Formal,train
Formal/fv236.mp3.wav,Formal,train
Formal/fv237.mp3.wav,Formal,val
Formal/fv238.mp3.wav,Formal,test
Formal/fv239.mp3.wav,Formal,test
Formal/fv24.mp3.wav,Formal,val
Formal/fv240.mp3.wav,Formal,train
Formal/fv241.mp3.wav,Formal,train
Formal/fv242.mp3.wav,Formal,train
Formal/fv243.mp3.wav,Formal,train
Formal/fv244.mp3.wav,Formal,train
Formal/fv245.mp3.wav,Formal,test
Formal/fv246.mp3.wav,Formal,train
Formal/fv247.mp3.wav,Formal,test
Formal/fv248.mp3.wav,Formal,train
Formal/fv249.mp3.wav,Formal,train
Formal/fv25.mp3.wav,Formal,train
Formal/fv250.mp3.wav,Formal,train
Formal/fv26.mp3.wav,Formal,train
Formal/fv27.mp3.wav,Formal,train
Formal/fv28.mp3.wav,Formal,train
Formal/fv29.mp3.wav,Formal,train
Formal/fv3.mp3.wav,Formal,train
Formal/fv30.mp3.wav,Formal,train
Formal/fv31.mp3.wav,Formal,test
Formal/fv32.mp3.wav,Formal,test
Formal/fv33.mp3.wav,Formal,train
Formal/fv34.mp3.wav,Formal,train
Formal/fv35.mp3.wav,Formal,train
Formal/fv36.mp3.wav,Formal,train
Formal/fv37.mp3.wav,Formal,train
Formal/fv38.mp3.wav,Formal,val
Formal/fv39.mp3.wav,Formal,train
Formal/fv4.mp3.wav,Formal,test
Formal/fv40.mp3.wav,Formal,train
Formal/fv41.mp3.wav,Formal,train
Formal/fv42.mp3.wav,Formal,train
Formal/fv43.mp3.wav,Formal,val
Formal/fv44.mp3.wav,Formal,train
Formal/fv45.mp3.wav,Formal,train
Formal/fv46.mp3.wav,Formal,train
Formal/fv47.mp3.wav,Formal,train
Formal/fv48.mp3.wav,Formal,test
Formal/fv49.mp3.wav,Formal,train
Formal/fv5.mp3.wav,Formal,train
Formal/fv50.mp3.wav,Formal,val
Formal/fv51.mp3.wav,Formal,test
Formal/fv52.mp3.wav,Formal,train
Formal/fv53.mp3.wav,Formal,train
Formal/fv54.mp3.wav,Formal,train
Formal/fv55.mp3.wav,Formal,train
Formal/fv56.mp3.wav,Formal,train
Formal/fv57.mp3.wav,Formal,train
Formal/fv58.mp3.wav,Formal,train
Formal/fv59.mp3.wav,Formal,train
Formal/fv6.mp3.wav,Formal,test
Formal/fv60.mp3.wav,Formal,test
Formal/fv61.mp3.wav,Formal,train
Formal/fv62.mp3.wav,Formal,train
Formal/fv63.mp3.wav,Formal,train
Formal/fv64.mp3.wav,Formal,val
Formal/fv65.mp3.wav,Formal,train
Formal/fv66.mp3.wav,Formal,test
Formal/fv67.mp3.wav,Formal,train
Formal/fv68.mp3.wav,Formal,train
Formal/fv69.mp3.wav,Formal,train
Formal/fv7.mp3.wav,Formal,train
Formal/fv70.mp3.wav,Formal,test
Formal/fv71.mp3.wav,Formal,train
Formal/fv72.mp3.wav,Formal,test
Formal/fv73.mp3.wav,Formal,train
Formal/fv74.mp3.wav,Formal,val
Formal/fv75.mp3.wav,Formal,test
Formal/fv76.mp3.wav,Formal,test
Formal/fv77.mp3.wav,Formal,train
Formal/fv78.mp3.wav,Formal,train
Formal/fv79.mp3.wav,Formal,train
Formal/fv8.mp3.wav,Formal,train
Formal/fv80.mp3.wav,Formal,test
Formal/fv81.mp3.wav,Formal,test
Formal/fv82.mp3.wav,Formal,train
Formal/fv83.mp3.wav,Formal,train
Formal/fv84.mp3.wav,Formal,train
Formal/fv85.mp3.wav,Formal,train
Formal/fv86.mp3.wav,Formal,train
Formal/fv87.mp3.wav,Formal,train
Formal/fv88.mp3.wav,Formal,train
Formal/fv89.mp3.wav,Formal,train
Formal/fv9.mp3.wav,Formal,train
Formal/fv90.mp3.wav,Formal,train
Formal/fv91.mp3.wav,Formal,train
Formal/fv92.mp3.wav,Formal,val
Formal/fv93.mp3.wav,Formal,train
Formal/fv94.mp3.wav,Formal,train
Formal/fv95.mp3.wav,Formal,train
Formal/fv96.mp3.wav,Formal,train
Formal/fv97.mp3.wav,Formal,val
Formal/fv98.mp3.wav,Formal,train
Formal/fv99.mp3.wav,Formal,train
Formal/mv1.mp3.wav,Formal,val
Formal/mv10.mp3.wav,Formal,train
Formal/mv100.mp3.wav,Formal,train
Formal/mv101.mp3.wav,Formal,train
Formal/mv102.mp3.wav,Formal,test
Formal/mv103.mp3.wav,Formal,train
Formal/mv104.mp3.wav,Formal,train
Formal/mv105.mp3.wav,Formal,train
Formal/mv106.mp3.wav,Formal,train
Formal/mv107.mp3.wav,Formal,train
Formal/mv108.mp3.wav,Formal,train
Formal/mv109.mp3.wav,Formal,train
Formal/mv11.mp3.wav,Formal,train
Formal/mv110.mp3.wav,Formal,train
Formal/mv111.mp3.wav,Formal,test
Formal/mv112.mp3.wav,Formal,test
Formal/mv113.mp3.wav,Formal,test
Formal/mv114.mp3.wav,Formal,train
Formal/mv115.mp3.wav,Formal,train
Formal/mv116.mp3.wav,Formal,test
Formal/mv117.mp3.wav,Formal,train
Formal/mv118.mp3.wav,Formal,train
Formal/mv119.mp3.wav,Formal,val
Formal/mv12.mp3.wav,Formal,val
Formal/mv120.mp3.wav,Formal,train
Formal/mv121.mp3.wav,Formal,train
Formal/mv122.mp3.wav,Formal,train
Formal/mv123.mp3.wav,Formal,train
Formal/mv124.mp3.wav,Formal,train
Formal/mv125.mp3.wav,Formal,train
Formal/mv126.mp3.wav,Formal,val
Formal/mv127.mp3.wav,Formal,train
Formal/mv128.mp3.wav,Formal,train
Formal/mv129.mp3.wav,Formal,test
Formal/mv13.mp3.wav,Formal,train
Formal/mv130.mp3.wav,Formal,train
Formal/mv131.mp3.wav,Formal,train
Formal/mv132.mp3.wav,Formal,train
Formal/mv133.mp3.wav,Formal,train
Formal/mv134.mp3.wav,Formal,test
Formal/mv135.mp3.wav,Formal,train
Formal/mv136.mp3.wav,Formal,test
Formal/mv137.mp3.wav,Formal,train
Formal/mv138.mp3.wav,Formal,train
Formal/mv139.mp3.wav,Formal,val
Formal/mv14.mp3.wav,Formal,train
Formal/mv140.mp3.wav,Formal,train
Formal/mv141.mp3.wav,Formal,train
Formal/mv142.mp3.wav,Formal,test
Formal/mv143.mp3.wav,Formal,train
Formal/mv144.mp3.wav,Formal,train
Formal/mv145.mp3.wav,Formal,test
Formal/mv146.mp3.wav,Formal,train
Formal/mv147.mp3.wav,Formal,test
Formal/mv148.mp3.wav,Formal,train
Formal/mv149.mp3.wav,Formal,train
Formal/mv15.mp3.wav,Formal,train
Formal/mv150.mp3.wav,Formal,train
Formal/mv151.mp3.wav,Formal,test
Formal/mv152.mp3.wav,Formal,train
Formal/mv153.mp3.wav,Formal,train
Formal/mv154.mp3.wav,Formal,val
Formal/mv155.mp3.wav,Formal,train
Formal/mv156.mp3.wav,Formal,train
Formal/mv157.mp3.wav,Formal,train
Formal/mv158.mp3.wav,Formal,train
Formal/mv159.mp3.wav,Formal,train
Formal/mv16.mp3.wav,Formal,val
Formal/mv160.mp3.wav,Formal,test
Formal/mv161.mp3.wav,Formal,train
Formal/mv162.mp3.wav,Formal,train
Formal/mv163.mp3.wav,Formal,val
Formal/mv164.mp3.wav,Formal,train
Formal/mv165.mp3.wav,Formal,test
Formal/mv166.mp3.wav,Formal,train
Formal/mv167.mp3.wav,Formal,train
Formal/mv168.mp3.wav,Formal,train
Formal/mv169.mp3.wav,Formal,train
Formal/mv17.mp3.wav,Formal,test
Formal/mv170.mp3.wav,Formal,train
Formal/mv171.mp3.wav,Formal,test
Formal/mv172.mp3.wav,Formal,train
Formal/mv173.mp3.wav,Formal,train
Formal/mv174.mp3.wav,Formal,train
Formal/mv175.mp3.wav,Formal,val
Formal/mv176.mp3.wav,Formal,train
Formal/mv177.mp3.wav,Formal,train
Formal/mv178.mp3.wav,Formal,train
Formal/mv179.mp3.wav,Formal,train
Formal/mv18.mp3.wav,Formal,train
Formal/mv180.mp3.wav,Formal,train
Formal/mv181.mp3.wav,Formal,train
Formal/mv182.mp3.wav,Formal,train
Formal/mv183.mp3.wav,Formal,val
Formal/mv184.mp3.wav,Formal,train
Formal/mv185.mp3.wav,Formal,val
Formal/mv186.mp3.wav,Formal,train
Formal/mv187.mp3.wav,Formal,test
Formal/mv188.mp3.wav,Formal,test
Formal/mv189.mp3.wav,Formal,train
Formal/mv19.mp3.wav,Formal,train
Formal/mv190.mp3.wav,Formal,train
Formal/mv191.mp3.wav,Formal,train
Formal/mv192.mp3.wav,Formal,train
Formal/mv193.mp3.wav,Formal,train
Formal/mv194.mp3.wav,Formal,train
Formal/mv195.mp3.wav,Formal,test
Formal/mv196.mp3.wav,Formal,train
Formal/mv197.mp3.wav,Formal,train
Formal/mv198.mp3.wav,Formal,test
Formal/mv199.mp3.wav,Formal,train
Formal/mv2.mp3.wav,Formal,train
Formal/mv20.mp3.wav,Formal,train
Formal/mv200.mp3.wav,Formal,val
Formal/mv201.mp3.wav,Formal,train
Formal/mv202.mp3.wav,Formal,train
Formal/mv203.mp3.wav,Formal,train
Formal/mv204.mp3.wav,Formal,train
Formal/mv205.mp3.wav,Formal,train
Formal/mv206.mp3.wav,Formal,train
Formal/mv207.mp3.wav,Formal,train
Formal/mv208.mp3.wav,Formal,val
Formal/mv209.mp3.wav,Formal,train
Formal/mv21.mp3.wav,Formal,train
Formal/mv210.mp3.wav,Formal,train
Formal/mv211.mp3.wav,Formal,val
Formal/mv212.mp3.wav,Formal,train
Formal/mv213.mp3.wav,Formal,train
Formal/mv214.mp3.wav,Formal,train
Formal/mv215.mp3.wav,Formal,train
Formal/mv216.mp3.wav,Formal,test
Formal/mv217.mp3.wav,Formal,train
Formal/mv218.mp3.wav,Formal,train
Formal/mv219.mp3.wav,Formal,train
Formal/mv22.mp3.wav,Formal,train
Formal/mv220.mp3.wav,Formal,train
Formal/mv221.mp3.wav,Formal,train
Formal/mv222.mp3.wav,Formal,train
Formal/mv223.mp3.wav,Formal,val
Formal/mv224.mp3.wav,Formal,train
Formal/mv225.mp3.wav,Formal,train
Formal/mv226.mp3.wav,Formal,val
Formal/mv227.mp3.wav,Formal,train
Formal/mv228.mp3.wav,Formal,test
Formal/mv229.mp3.wav,Formal,train
Formal/mv23.mp3.wav,Formal,train
Formal/mv230.mp3.wav,Formal,val
Formal/mv231.mp3.wav,Formal,train
Formal/mv232.mp3.wav,Formal,train
Formal/mv233.mp3.wav,Formal,val
Formal/mv234.mp3.wav,Formal,train
Formal/mv235.mp3.wav,Formal,train
Formal/mv236.mp3.wav,Formal,train
Formal/mv237.mp3.wav,Formal,train
Formal/mv238.mp3.wav,Formal,train
Formal/mv239.mp3.wav,Formal,val
Formal/mv24.mp3.wav,Formal,train
Formal/mv240.mp3.wav,Formal,val
Formal/mv241.mp3.wav,Formal,train
Formal/mv242.mp3.wav,Formal,train
Formal/mv243.mp3.wav,Formal,train
Formal/mv244.mp3.wav,Formal,train
Formal/mv245.mp3.wav,Formal,train
Formal/mv246.mp3.wav,Formal,val
Formal/mv247.mp3.wav,Formal,train
Formal/mv248.mp3.wav,Formal,train
Formal/mv249.mp3.wav,Formal,train
Formal/mv25.mp3.wav,Formal,train
Formal/mv250.mp3.wav,Formal,train
Formal/mv26.mp3.wav,Formal,val
Formal/mv27.mp3.wav,Formal,val
Formal/mv28.mp3.wav,Formal,val
Formal/mv29.mp3.wav,Formal,train
Formal/mv3.mp3.wav,Formal,train
Formal/mv30.mp3.wav,Formal,train
Formal/mv31.mp3.wav,Formal,val
Formal/mv32.mp3.wav,Formal,train
Formal/mv33.mp3.wav,Formal,train
Formal/mv34.mp3.wav,Formal,train
Formal/mv35.mp3.wav,Formal,test
Formal/mv36.mp3.wav,Formal,test
Formal/mv37.mp3.wav,Formal,train
Formal/mv38.mp3.wav,Formal,train
Formal/mv39.mp3.wav,Formal,val
Formal/mv4.mp3.wav,Formal,train
Formal/mv40.mp3.wav,Formal,test
Formal/mv41.mp3.wav,Formal,train
Formal/mv42.mp3.wav,Formal,train
Formal/mv43.mp3.wav,Formal,train
Formal/mv44.mp3.wav,Formal,test
Formal/mv45.mp3.wav,Formal,train
Formal/mv46.mp3.wav,Formal,test
Formal/mv47.mp3.wav,Formal,test
Formal/mv48.mp3.wav,Formal,train
Formal/mv49.mp3.wav,Formal,train
Formal/mv5.mp3.wav,Formal,train
Formal/mv50.mp3.wav,Formal,train
Formal/mv51.mp3.wav,Formal,train
Formal/mv52.mp3.wav,Formal,train
Formal/mv53.mp3.wav,Formal,train
Formal/mv54.mp3.wav,Formal,train
Formal/mv55.mp3.wav,Formal,train
Formal/mv56.mp3.wav,Formal,train
Formal/mv57.mp3.wav,Formal,train
Formal/mv58.mp3.wav,Formal,train
Formal/mv59.mp3.wav,Formal,test
Formal/mv6.mp3.wav,Formal,test
Formal/mv60.mp3.wav,Formal,train
Formal/mv61.mp3.wav,Formal,train
Formal/mv62.mp3.wav,Formal,val
Formal/mv63.mp3.wav,Formal,train
Formal/mv64.mp3.wav,Formal,train
Formal/mv65.mp3.wav,Formal,train
Formal/mv66.mp3.wav,Formal,train
Formal/mv67.mp3.wav,Formal,train
Formal/mv68.mp3.wav,Formal,test
Formal/mv69.mp3.wav,Formal,train
Formal/mv7.mp3.wav,Formal,train
Formal/mv70.mp3.wav,Formal,train
Formal/mv71.mp3.wav,Formal,train
Formal/mv72.mp3.wav,Formal,train
Formal/mv73.mp3.wav,Formal,train
Formal/mv74.mp3.wav,Formal,train
Formal/mv75.mp3.wav,Formal,train
Formal/mv76.mp3.wav,Formal,train
Formal/mv77.mp3.wav,Formal,train
Formal/mv78.mp3.wav,Formal,val
Formal/mv79.mp3.wav,Formal,train
Formal/mv8.mp3.wav,Formal,train
Formal/mv80.mp3.wav,Formal,train
Formal/mv81.mp3.wav,Formal,train
Formal/mv82.mp3.wav,Formal,test
Formal/mv83.mp3.wav,Formal,train
Formal/mv84.mp3.wav,Formal,train
Formal/mv85.mp3.wav,Formal,train
Formal/mv86.mp3.wav,Formal,train
Formal/mv87.mp3.wav,Formal,train
Formal/mv88.mp3.wav,Formal,test
Formal/mv89.mp3.wav,Formal,val
Formal/mv9.mp3.wav,Formal,train
Formal/mv90.mp3.wav,Formal,train
Formal/mv91.mp3.wav,Formal,train
Formal/mv92.mp3.wav,Formal,train
Formal/mv93.mp3.wav,Formal,train
Formal/mv94.mp3.wav,Formal,test
Formal/mv95.mp3.wav,Formal,test
Formal/mv96.mp3.wav,Formal,train
Formal/mv97.mp3.wav,Formal,train
Formal/mv98.mp3.wav,Formal,train
Formal/mv99.mp3.wav,Formal,train
Formal/record20190809231706 - Zakaria Hossain.3gpp.wav,Formal,train
Formal/record20190809231724 - Zakaria Hossain.3gpp.wav,Formal,train
Formal/record20190809231741 - Zakaria Hossain.3gpp.wav,Formal,test
Formal/record20190809231759 - Zakaria Hossain.3gpp.wav,Formal,val
Formal/record20190809231813 - Zakaria Hossain.3gpp.wav,Formal,train
Mymensingh/mymn1.wav,Mymensingh,train
Mymensingh/mymn10.wav,Mymensingh,train
Mymensingh/mymn100.wav,Mymensingh,train
Mymensingh/mymn1000.wav,Mymensingh,train
Mymensingh/mymn1001.wav,Mymensingh,train
Mymensingh/mymn1002.wav,Mymensingh,train
Mymensingh/mymn1003.wav,Mymensingh,train
Mymensingh/mymn1004.wav,Mymensingh,train
Mymensingh/mymn1005.wav,Mymensingh,train
Mymensingh/mymn1006.wav,Mymensingh,val
Mymensingh/mymn1007.wav,Mymensingh,train
Mymensingh/mymn1008.wav,Mymensingh,val
Mymensingh/mymn1009.wav,Mymensingh,train
Mymensingh/mymn101.wav,Mymensingh,train
Mymensingh/mymn1010.wav,Mymensingh,train
Mymensingh/mymn1011.wav,Mymensingh,train
Mymensingh/mymn1012.wav,Mymensingh,train
Mymensingh/mymn1013.wav,Mymensingh,train
Mymensingh/mymn1014.wav,Mymensingh,test
Mymensingh/mymn1015.wav,Mymensingh,train
Mymensingh/mymn1016.wav,Mymensingh,train
Mymensingh/mymn1017.wav,Mymensingh,train
Mymensingh/mymn1018.wav,Mymensingh,train
Mymensingh/mymn1019.wav,Mymensingh,train
Mymensingh/mymn102.wav,Mymensingh,train
Mymensingh/mymn1020.wav,Mymensingh,val
Mymensingh/mymn1021.wav,Mymensingh,train
Mymensingh/mymn1022.wav,Mymensingh,train
Mymensingh/mymn1023.wav,Mymensingh,test
Mymensingh/mymn1024.wav,Mymensingh,train
Mymensingh/mymn1025.wav,Mymensingh,train
Mymensingh/mymn1026.wav,Mymensingh,train
Mymensingh/mymn1027.wav,Mymensingh,train
Mymensingh/mymn1028.wav,Mymensingh,train
Mymensingh/mymn1029.wav,Mymensingh,train
Mymensingh/mymn103.wav,Mymensingh,train
Mymensingh/mymn1030.wav,Mymensingh,test
Mymensingh/mymn1031.wav,Mymensingh,val
Mymensingh/mymn1032.wav,Mymensingh,val
Mymensingh/mymn1033.wav,Mymensingh,train
Mymensingh/mymn1034.wav,Mymensingh,test
Mymensingh/mymn1035.wav,Mymensingh,train
Mymensingh/mymn1036.wav,Mymensingh,test
Mymensingh/mymn1037.wav,Mymensingh,train
Mymensingh/mymn1038.wav,Mymensingh,val
Mymensingh/mymn1039.wav,Mymensingh,train
Mymensingh/mymn104.wav,Mymensingh,train
Mymensingh/mymn1040.wav,Mymensingh,train
Mymensingh/mymn1041.wav,Mymensingh,val
Mymensingh/mymn1042.wav,Mymensingh,train
Mymensingh/mymn1043.wav,Mymensingh,train
Mymensingh/mymn1044.wav,Mymensingh,train
Mymensingh/mymn1045.wav,Mymensingh,val
Mymensingh/mymn1046.wav,Mymensingh,train
Mymensingh/mymn1047.wav,Mymensingh,train
Mymensingh/mymn1048.wav,Mymensingh,test
Mymensingh/mymn1049.wav,Mymensingh,train
Mymensingh/mymn105.wav,Mymensingh,train
Mymensingh/mymn1050.wav,Mymensingh,train
Mymensingh/mymn1051.wav,Mymensingh,train
Mymensingh/mymn1052.wav,Mymensingh,train
Mymensingh/mymn1053.wav,Mymensingh,train
Mymensingh/mymn106.wav,Mymensingh,train
Mymensingh/mymn107.wav,Mymensingh,val
Mymensingh/mymn108.wav,Mymensingh,test
Mymensingh/mymn109.wav,Mymensingh,train
Mymensingh/mymn11.wav,Mymensingh,test
Mymensingh/mymn110.wav,Mymensingh,train
Mymensingh/mymn111.wav,Mymensingh,train
Mymensingh/mymn112.wav,Mymensingh,train
Mymensingh/mymn113.wav,Mymensingh,val
Mymensingh/mymn114.wav,Mymensingh,train
Mymensingh/mymn115.wav,Mymensingh,train
Mymensingh/mymn116.wav,Mymensingh,train
Mymensingh/mymn117.wav,Mymensingh,train
Mymensingh/mymn118.wav,Mymensingh,train
Mymensingh/mymn119.wav,Mymensingh,train
Mymensingh/mymn12.wav,Mymensingh,train
Mymensingh/mymn120.wav,Mymensingh,train
Mymensingh/mymn121.wav,Mymensingh,train
Mymensingh/mymn122.wav,Mymensingh,train
Mymensingh/mymn123.wav,Mymensingh,train
Mymensingh/mymn124.wav,Mymensingh,train
Mymensingh/mymn125.wav,Mymensingh,train
Mymensingh/mymn126.wav,Mymensingh,train
Mymensingh/mymn127.wav,Mymensingh,train
Mymensingh/mymn128.wav,Mymensingh,train
Mymensingh/mymn129.wav,Mymensingh,val
Mymensingh/mymn13.wav,Mymensingh,train
Mymensingh/mymn130.wav,Mymensingh,train
Mymensingh/mymn131.wav,Mymensingh,train
Mymensingh/mymn132.wav,Mymensingh,train
Mymensingh/mymn133.wav,Mymensingh,train
Mymensingh/mymn134.wav,Mymensingh,train
Mymensingh/mymn135.wav,Mymensingh,val
Mymensingh/mymn136.wav,Mymensingh,train
Mymensingh/mymn137.wav,Mymensingh,test
Mymensingh/mymn138.wav,Mymensingh,train
Mymensingh/mymn139.wav,Mymensingh,test
Mymensingh/mymn14.wav,Mymensingh,test
Mymensingh/mymn140.wav,Mymensingh,train
Mymensingh/mymn141.wav,Mymensingh,train
Mymensingh/mymn142.wav,Mymensingh,train
Mymensingh/mymn143.wav,Mymensingh,train
Mymensingh/mymn144.wav,Mymensingh,val
Mymensingh/mymn145.wav,Mymensingh,val
Mymensingh/mymn146.wav,Mymensingh,train
Mymensingh/mymn147.wav,Mymensingh,train
Mymensingh/mymn148.wav,Mymensingh,val
Mymensingh/mymn149.wav,Mymensingh,train
Mymensingh/mymn15.wav,Mymensingh,train
Mymensingh/mymn150.wav,Mymensingh,train
Mymensingh/mymn151.wav,Mymensingh,train
Mymensingh/mymn152.wav,Mymensingh,test
Mymensingh/mymn153.wav,Mymensingh,val
Mymensingh/mymn154.wav,Mymensingh,train
Mymensingh/mymn155.wav,Mymensingh,train
Mymensingh/mymn156.wav,Mymensingh,val
Mymensingh/mymn157.wav,Mymensingh,test
Mymensingh/mymn158.wav,Mymensingh,val
Mymensingh/mymn159.wav,Mymensingh,train
Mymensingh/mymn16.wav,Mymensingh,train
Mymensingh/mymn160.wav,Mymensingh,test
Mymensingh/mymn161.wav,Mymensingh,train
Mymensingh/mymn162.wav,Mymensingh,test
Mymensingh/mymn163.wav,Mymensingh,val
Mymensingh/mymn164.wav,Mymensingh,train
Mymensingh/mymn165.wav,Mymensingh,train
Mymensingh/mymn166.wav,Mymensingh,val
Mymensingh/mymn167.wav,Mymensingh,train
Mymensingh/mymn168.wav,Mymensingh,train
Mymensingh/mymn169.wav,Mymensingh,train
Mymensingh/mymn17.wav,Mymensingh,test
Mymensingh/mymn170.wav,Mymensingh,train
Mymensingh/mymn171.wav,Mymensingh,test
Mymensingh/mymn172.wav,Mymensingh,test
Mymensingh/mymn173.wav,Mymensingh,train
Mymensingh/mymn174.wav,Mymensingh,train
Mymensingh/mymn175.wav,Mymensingh,train
Mymensingh/mymn176.wav,Mymensingh,train
Mymensingh/mymn177.wav,Mymensingh,val
Mymensingh/mymn178.wav,Mymensingh,train
Mymensingh/mymn179.wav,Mymensingh,train
Mymensingh/mymn18.wav,Mymensingh,train
Mymensingh/mymn180.wav,Mymensingh,test
Mymensingh/mymn181.wav,Mymensingh,train
Mymensingh/mymn182.wav,Mymensingh,train
Mymensingh/mymn183.wav,Mymensingh,train
Mymensingh/mymn184.wav,Mymensingh,train
Mymensingh/mymn185.wav,Mymensingh,train
Mymensingh/mymn186.wav,Mymensingh,train
Mymensingh/mymn187.wav,Mymensingh,train
Mymensingh/mymn188.wav,Mymensingh,test
Mymensingh/mymn189.wav,Mymensingh,train
Mymensingh/mymn19.wav,Mymensingh,train
Mymensingh/mymn190.wav,Mymensingh,train
Mymensingh/mymn191.wav,Mymensingh,test
Mymensingh/mymn192.wav,Mymensingh,train
Mymensingh/mymn193.wav,Mymensingh,train
Mymensingh/mymn194.wav,Mymensingh,train
Mymensingh/mymn195.wav,Mymensingh,train
Mymensingh/mymn196.wav,Mymensingh,test
Mymensingh/mymn197.wav,Mymensingh,train
Mymensingh/mymn198.wav,Mymensingh,val
Mymensingh/mymn199.wav,Mymensingh,train
Mymensingh/mymn2.wav,Mymensingh,test
Mymensingh/mymn20.wav,Mymensingh,test
Mymensingh/mymn200.wav,Mymensingh,train
Mymensingh/mymn201.wav,Mymensingh,train
Mymensingh/mymn202.wav,Mymensingh,train
Mymensingh/mymn203.wav,Mymensingh,train
Mymensingh/mymn204.wav,Mymensingh,val
Mymensingh/mymn205.wav,Mymensingh,train
Mymensingh/mymn206.wav,Mymensingh,test
Mymensingh/mymn207.wav,Mymensingh,val
Mymensingh/mymn208.wav,Mymensingh,train
Mymensingh/mymn209.wav,Mymensingh,train
Mymensingh/mymn21.wav,Mymensingh,test
Mymensingh/mymn210.wav,Mymensingh,test
Mymensingh/mymn211.wav,Mymensingh,train
Mymensingh/mymn212.wav,Mymensingh,train
Mymensingh/mymn213.wav,Mymensingh,val
Mymensingh/mymn214.wav,Mymensingh,train
Mymensingh/mymn215.wav,Mymensingh,train
Mymensingh/mymn216.wav,Mymensingh,train
Mymensingh/mymn217.wav,Mymensingh,train
Mymensingh/mymn218.wav,Mymensingh,train
Mymensingh/mymn219.wav,Mymensingh,val
Mymensingh/mymn22.wav,Mymensingh,train
Mymensingh/mymn220.wav,Mymensingh,val
Mymensingh/mymn221.wav,Mymensingh,test
Mymensingh/mymn222.wav,Mymensingh,test
Mymensingh/mymn223.wav,Mymensingh,train
Mymensingh/mymn224.wav,Mymensingh,train
Mymensingh/mymn225.wav,Mymensingh,train
Mymensingh/mymn226.wav,Mymensingh,train
Mymensingh/mymn227.wav,Mymensingh,train
Mymensingh/mymn228.wav,Mymensingh,train
Mymensingh/mymn229.wav,Mymensingh,train
Mymensingh/mymn23.wav,Mymensingh,train
Mymensingh/mymn230.wav,Mymensingh,test
Mymensingh/mymn231.wav,Mymensingh,train
Mymensingh/mymn232.wav,Mymensingh,train
Mymensingh/mymn233.wav,Mymensingh,train
Mymensingh/mymn234.wav,Mymensingh,train
Mymensingh/mymn235.wav,Mymensingh,train
Mymensingh/mymn236.wav,Mymensingh,val
Mymensingh/mymn237.wav,Mymensingh,train
Mymensingh/mymn238.wav,Mymensingh,train
Mymensingh/mymn239.wav,Mymensingh,train
Mymensingh/mymn24.wav,Mymensingh,train
Mymensingh/mymn240.wav,Mymensingh,train
Mymensingh/mymn241.wav,Mymensingh,train
Mymensingh/mymn242.wav,Mymensingh,train
Mymensingh/mymn243.wav,Mymensingh,train
Mymensingh/mymn244.wav,Mymensingh,train
Mymensingh/mymn245.wav,Mymensingh,train
Mymensingh/mymn246.wav,Mymensingh,val
Mymensingh/mymn247.wav,Mymensingh,train
Mymensingh/mymn248.wav,Mymensingh,train
Mymensingh/mymn249.wav,Mymensingh,train
Mymensingh/mymn25.wav,Mymensingh,train
Mymensingh/mymn250.wav,Mymensingh,test
Mymensingh/mymn251.wav,Mymensingh,train
Mymensingh/mymn252.wav,Mymensingh,train
Mymensingh/mymn253.wav,Mymensingh,val
Mymensingh/mymn254.wav,Mymensingh,test
Mymensingh/mymn255.wav,Mymensingh,test
Mymensingh/mymn256.wav,Mymensingh,val
Mymensingh/mymn257.wav,Mymensingh,train
Mymensingh/mymn258.wav,Mymensingh,train
Mymensingh/mymn259.wav,Mymensingh,train
Mymensingh/mymn26.wav,Mymensingh,val
Mymensingh/mymn260.wav,Mymensingh,train
Mymensingh/mymn261.wav,Mymensingh,train
Mymensingh/mymn262.wav,Mymensingh,train
Mymensingh/mymn263.wav,Mymensingh,test
Mymensingh/mymn264.wav,Mymensingh,train
Mymensingh/mymn265.wav,Mymensingh,train
Mymensingh/mymn266.wav,Mymensingh,test
Mymensingh/mymn267.wav,Mymensingh,train
Mymensingh/mymn268.wav,Mymensingh,train
Mymensingh/mymn269.wav,Mymensingh,train
Mymensingh/mymn27.wav,Mymensingh,train
Mymensingh/mymn270.wav,Mymensingh,train
Mymensingh/mymn271.wav,Mymensingh,train
Mymensingh/mymn272.wav,Mymensingh,train
Mymensingh/mymn273.wav,Mymensingh,train
Mymensingh/mymn274.wav,Mymensingh,train
Mymensingh/mymn275.wav,Mymensingh,train
Mymensingh/mymn276.wav,Mymensingh,train
Mymensingh/mymn277.wav,Mymensingh,train
Mymensingh/mymn278.wav,Mymensingh,val
Mymensingh/mymn279.wav,Mymensingh,train
Mymensingh/mymn28.wav,Mymensingh,train
Mymensingh/mymn280.wav,Mymensingh,train
Mymensingh/mymn281.wav,Mymensingh,train
Mymensingh/mymn282.wav,Mymensingh,val
Mymensingh/mymn283.wav,Mymensingh,test
Mymensingh/mymn284.wav,Mymensingh,train
Mymensingh/mymn285.wav,Mymensingh,val
Mymensingh/mymn286.wav,Mymensingh,train
Mymensingh/mymn287.wav,Mymensingh,test
Mymensingh/mymn288.wav,Mymensingh,train
Mymensingh/mymn289.wav,Mymensingh,train
Mymensingh/mymn29.wav,Mymensingh,test
Mymensingh/mymn290.wav,Mymensingh,train
Mymensingh/mymn291.wav,Mymensingh,train
Mymensingh/mymn292.wav,Mymensingh,train
Mymensingh/mymn293.wav,Mymensingh,test
Mymensingh/mymn294.wav,Mymensingh,train
Mymensingh/mymn295.wav,Mymensingh,train
Mymensingh/mymn296.wav,Mymensingh,train
Mymensingh/mymn297.wav,Mymensingh,train
Mymensingh/mymn298.wav,Mymensingh,val
Mymensingh/mymn299.wav,Mymensingh,val
Mymensingh/mymn3.wav,Mymensingh,val
Mymensingh/mymn30.wav,Mymensingh,train
Mymensingh/mymn300.wav,Mymensingh,train
Mymensingh/mymn301.wav,Mymensingh,train
Mymensingh/mymn302.wav,Mymensingh,train
Mymensingh/mymn303.wav,Mymensingh,test
Mymensingh/mymn304.wav,Mymensingh,train
Mymensingh/mymn305.wav,Mymensingh,train
Mymensingh/mymn306.wav,Mymensingh,train
Mymensingh/mymn307.wav,Mymensingh,train
Mymensingh/mymn308.wav,Mymensingh,val
Mymensingh/mymn309.wav,Mymensingh,val
Mymensingh/mymn31.wav,Mymensingh,test
Mymensingh/mymn310.wav,Mymensingh,test
Mymensingh/mymn311.wav,Mymensingh,test
Mymensingh/mymn312.wav,Mymensingh,train
Mymensingh/mymn313.wav,Mymensingh,train
Mymensingh/mymn314.wav,Mymensingh,train
Mymensingh/mymn315.wav,Mymensingh,train
Mymensingh/mymn316.wav,Mymensingh,train
Mymensingh/mymn317.wav,Mymensingh,train
Mymensingh/mymn318.wav,Mymensingh,train
Mymensingh/mymn319.wav,Mymensingh,train
Mymensingh/mymn32.wav,Mymensingh,test
Mymensingh/mymn320.wav,Mymensingh,test
Mymensingh/mymn321.wav,Mymensingh,train
Mymensingh/mymn322.wav,Mymensingh,val
Mymensingh/mymn323.wav,Mymensingh,train
Mymensingh/mymn324.wav,Mymensingh,train
Mymensingh/mymn325.wav,Mymensingh,train
Mymensingh/mymn326.wav,Mymensingh,train
Mymensingh/mymn327.wav,Mymensingh,train
Mymensingh/mymn328.wav,Mymensingh,train
Mymensingh/mymn329.wav,Mymensingh,train
Mymensingh/mymn33.wav,Mymensingh,train
Mymensingh/mymn330.wav,Mymensingh,test
Mymensingh/mymn331.wav,Mymensingh,test
Mymensingh/mymn332.wav,Mymensingh,train
Mymensingh/mymn333.wav,Mymensingh,train
Mymensingh/mymn334.wav,Mymensingh,train
Mymensingh/mymn335.wav,Mymensingh,train
Mymensingh/mymn336.wav,Mymensingh,train
Mymensingh/mymn337.wav,Mymensingh,val
Mymensingh/mymn338.wav,Mymensingh,test
Mymensingh/mymn339.wav,Mymensingh,test
Mymensingh/mymn34.wav,Mymensingh,train
Mymensingh/mymn340.wav,Mymensingh,train
Mymensingh/mymn341.wav,Mymensingh,train
Mymensingh/mymn342.wav,Mymensingh,train
Mymensingh/mymn343.wav,Mymensingh,test
Mymensingh/mymn344.wav,Mymensingh,train
Mymensingh/mymn345.wav,Mymensingh,train
Mymensingh/mymn346.wav,Mymensingh,train
Mymensingh/mymn347.wav,Mymensingh,val
Mymensingh/mymn348.wav,Mymensingh,train
Mymensingh/mymn349.wav,Mymensingh,train
Mymensingh/mymn35.wav,Mymensingh,train
Mymensingh/mymn350.wav,Mymensingh,train
Mymensingh/mymn351.wav,Mymensingh,train
Mymensingh/mymn352.wav,Mymensingh,train
Mymensingh/mymn353.wav,Mymensingh,train
Mymensingh/mymn354.wav,Mymensingh,train
Mymensingh/mymn355.wav,Mymensingh,test
Mymensingh/mymn356.wav,Mymensingh,test
Mymensingh/mymn357.wav,Mymensingh,train
Mymensingh/mymn358.wav,Mymensingh,train
Mymensingh/mymn359.wav,Mymensingh,train
Mymensingh/mymn36.wav,Mymensingh,train
Mymensingh/mymn360.wav,Mymensingh,train
Mymensingh/mymn361.wav,Mymensingh,train
Mymensingh/mymn362.wav,Mymensingh,train
Mymensingh/mymn363.wav,Mymensingh,train
Mymensingh/mymn364.wav,Mymensingh,train
Mymensingh/mymn365.wav,Mymensingh,val
Mymensingh/mymn366.wav,Mymensingh,train
Mymensingh/mymn367.wav,Mymensingh,train
Mymensingh/mymn368.wav,Mymensingh,test
Mymensingh/mymn369.wav,Mymensingh,val
Mymensingh/mymn37.wav,Mymensingh,test
Mymensingh/mymn370.wav,Mymensingh,train
Mymensingh/mymn371.wav,Mymensingh,train
Mymensingh/mymn372.wav,Mymensingh,train
Mymensingh/mymn373.wav,Mymensingh,train
Mymensingh/mymn374.wav,Mymensingh,train
Mymensingh/mymn375.wav,Mymensingh,train
Mymensingh/mymn376.wav,Mymensingh,train
Mymensingh/mymn377.wav,Mymensingh,val
Mymensingh/mymn378.wav,Mymensingh,train
Mymensingh/mymn379.wav,Mymensingh,train
Mymensingh/mymn38.wav,Mymensingh,train
Mymensingh/mymn380.wav,Mymensingh,train
Mymensingh/mymn381.wav,Mymensingh,train
Mymensingh/mymn382.wav,Mymensingh,train
Mymensingh/mymn383.wav,Mymensingh,train
Mymensingh/mymn384.wav,Mymensingh,train
Mymensingh/mymn385.wav,Mymensingh,train
Mymensingh/mymn386.wav,Mymensingh,train
Mymensingh/mymn387.wav,Mymensingh,train
Mymensingh/mymn388.wav,Mymensingh,val
Mymensingh/mymn389.wav,Mymensingh,train
Mymensingh/mymn39.wav,Mymensingh,train
Mymensingh/mymn390.wav,Mymensingh,test
Mymensingh/mymn391.wav,Mymensingh,train
Mymensingh/mymn392.wav,Mymensingh,val
Mymensingh/mymn393.wav,Mymensingh,train
Mymensingh/mymn394.wav,Mymensingh,test
Mymensingh/mymn395.wav,Mymensingh,train
Mymensingh/mymn396.wav,Mymensingh,train
Mymensingh/mymn397.wav,Mymensingh,train
Mymensingh/mymn398.wav,Mymensingh,test
Mymensingh/mymn399.wav,Mymensingh,train
Mymensingh/mymn4.wav,Mymensingh,train
Mymensingh/mymn40.wav,Mymensingh,train
Mymensingh/mymn400.wav,Mymensingh,val
Mymensingh/mymn401.wav,Mymensingh,train
Mymensingh/mymn402.wav,Mymensingh,test
Mymensingh/mymn403.wav,Mymensingh,train
Mymensingh/mymn404.wav,Mymensingh,train
Mymensingh/mymn405.wav,Mymensingh,test
Mymensingh/mymn406.wav,Mymensingh,train
Mymensingh/mymn407.wav,Mymensingh,train
Mymensingh/mymn408.wav,Mymensingh,test
Mymensingh/mymn409.wav,Mymensingh,train
Mymensingh/mymn41.wav,Mymensingh,train
Mymensingh/mymn410.wav,Mymensingh,test
Mymensingh/mymn411.wav,Mymensingh,train
Mymensingh/mymn412.wav,Mymensingh,test
Mymensingh/mymn413.wav,Mymensingh,val
Mymensingh/mymn414.wav,Mymensingh,train
Mymensingh/mymn415.wav,Mymensingh,train
Mymensingh/mymn416.wav,Mymensingh,val
Mymensingh/mymn417.wav,Mymensingh,train
Mymensingh/mymn418.wav,Mymensingh,train
Mymensingh/mymn419.wav,Mymensingh,test
Mymensingh/mymn42.wav,Mymensingh,train
Mymensingh/mymn420.wav,Mymensingh,train
Mymensingh/mymn421.wav,Mymensingh,train
Mymensingh/mymn422.wav,Mymensingh,train
Mymensingh/mymn423.wav,Mymensingh,train
Mymensingh/mymn424.wav,Mymensingh,train
Mymensingh/mymn425.wav,Mymensingh,val
Mymensingh/mymn426.wav,Mymensingh,train
Mymensingh/mymn427.wav,Mymensingh,train
Mymensingh/mymn428.wav,Mymensingh,train
Mymensingh/mymn429.wav,Mymensingh,train
Mymensingh/mymn43.wav,Mymensingh,train
Mymensingh/mymn430.wav,Mymensingh,train
Mymensingh/mymn431.wav,Mymensingh,val
Mymensingh/mymn432.wav,Mymensingh,train
Mymensingh/mymn433.wav,Mymensingh,train
Mymensingh/mymn434.wav,Mymensingh,train
Mymensingh/mymn435.wav,Mymensingh,train
Mymensingh/mymn436.wav,Mymensingh,train
Mymensingh/mymn437.wav,Mymensingh,train
Mymensingh/mymn438.wav,Mymensingh,train
Mymensingh/mymn439.wav,Mymensingh,train
Mymensingh/mymn44.wav,Mymensingh,val
Mymensingh/mymn440.wav,Mymensingh,train
Mymensingh/mymn441.wav,Mymensingh,test
Mymensingh/mymn442.wav,Mymensingh,train
Mymensingh/mymn443.wav,Mymensingh,train
Mymensingh/mymn444.wav,Mymensingh,test
Mymensingh/mymn445.wav,Mymensingh,train
Mymensingh/mymn446.wav,Mymensingh,test
Mymensingh/mymn447.wav,Mymensingh,train
Mymensingh/mymn448.wav,Mymensingh,train
Mymensingh/mymn449.wav,Mymensingh,test
Mymensingh/mymn45.wav,Mymensingh,test
Mymensingh/mymn450.wav,Mymensingh,train
Mymensingh/mymn451.wav,Mymensingh,test
Mymensingh/mymn452.wav,Mymensingh,val
Mymensingh/mymn453.wav,Mymensingh,train
Mymensingh/mymn454.wav,Mymensingh,train
Mymensingh/mymn455.wav,Mymensingh,test
Mymensingh/mymn456.wav,Mymensingh,test
Mymensingh/mymn457.wav,Mymensingh,test
Mymensingh/mymn458.wav,Mymensingh,train
Mymensingh/mymn459.wav,Mymensingh,train
Mymensingh/mymn46.wav,Mymensingh,train
Mymensingh/mymn460.wav,Mymensingh,train
Mymensingh/mymn461.wav,Mymensingh,train
Mymensingh/mymn462.wav,Mymensingh,train
Mymensingh/mymn463.wav,Mymensingh,train
Mymensingh/mymn464.wav,Mymensingh,train
Mymensingh/mymn465.wav,Mymensingh,train
Mymensingh/mymn466.wav,Mymensingh,train
Mymensingh/mymn467.wav,Mymensingh,train
Mymensingh/mymn468.wav,Mymensingh,val
Mymensingh/mymn469.wav,Mymensingh,train
Mymensingh/mymn47.wav,Mymensingh,train
Mymensingh/mymn470.wav,Mymensingh,train
Mymensingh/mymn471.wav,Mymensingh,train
Mymensingh/mymn472.wav,Mymensingh,train
Mymensingh/mymn473.wav,Mymensingh,train
Mymensingh/mymn474.wav,Mymensingh,train
Mymensingh/mymn475.wav,Mymensingh,train
Mymensingh/mymn476.wav,Mymensingh,test
Mymensingh/mymn477.wav,Mymensingh,train
Mymensingh/mymn478.wav,Mymensingh,train
Mymensingh/mymn479.wav,Mymensingh,train
Mymensingh/mymn48.wav,Mymensingh,train
Mymensingh/mymn480.wav,Mymensingh,train
Mymensingh/mymn481.wav,Mymensingh,train
Mymensingh/mymn482.wav,Mymensingh,train
Mymensingh/mymn483.wav,Mymensingh,train
Mymensingh/mymn484.wav,Mymensingh,train
Mymensingh/mymn485.wav,Mymensingh,val
Mymensingh/mymn486.wav,Mymensingh,train
Mymensingh/mymn487.wav,Mymensingh,train
Mymensingh/mymn488.wav,Mymensingh,train
Mymensingh/mymn489.wav,Mymensingh,train
Mymensingh/mymn49.wav,Mymensingh,train
Mymensingh/mymn490.wav,Mymensingh,train
Mymensingh/mymn491.wav,Mymensingh,train
Mymensingh/mymn492.wav,Mymensingh,train
Mymensingh/mymn493.wav,Mymensingh,train
Mymensingh/mymn494.wav,Mymensingh,train
Mymensingh/mymn495.wav,Mymensingh,test
Mymensingh/mymn496.wav,Mymensingh,val
Mymensingh/mymn497.wav,Mymensingh,val
Mymensingh/mymn498.wav,Mymensingh,train
Mymensingh/mymn499.wav,Mymensingh,train
Mymensingh/mymn5.wav,Mymensingh,val
Mymensingh/mymn50.wav,Mymensingh,val
Mymensingh/mymn500.wav,Mymensingh,val
Mymensingh/mymn501.wav,Mymensingh,train
Mymensingh/mymn502.wav,Mymensingh,train
Mymensingh/mymn503.wav,Mymensingh,test
Mymensingh/mymn504.wav,Mymensingh,train
Mymensingh/mymn505.wav,Mymensingh,train
Mymensingh/mymn506.wav,Mymensingh,train
Mymensingh/mymn507.wav,Mymensingh,val
Mymensingh/mymn508.wav,Mymensingh,train
Mymensingh/mymn509.wav,Mymensingh,train
Mymensingh/mymn51.wav,Mymensingh,val
Mymensingh/mymn510.wav,Mymensingh,train
Mymensingh/mymn511.wav,Mymensingh,train
Mymensingh/mymn512.wav,Mymensingh,train
Mymensingh/mymn513.wav,Mymensingh,train
Mymensingh/mymn514.wav,Mymensingh,val
Mymensingh/mymn515.wav,Mymensingh,train
Mymensingh/mymn516.wav,Mymensingh,train
Mymensingh/mymn517.wav,Mymensingh,train
Mymensingh/mymn518.wav,Mymensingh,val
Mymensingh/mymn519.wav,Mymensingh,train
Mymensingh/mymn52.wav,Mymensingh,val
Mymensingh/mymn520.wav,Mymensingh,test
Mymensingh/mymn521.wav,Mymensingh,train
Mymensingh/mymn522.wav,Mymensingh,train
Mymensingh/mymn523.wav,Mymensingh,val
Mymensingh/mymn524.wav,Mymensingh,train
Mymensingh/mymn525.wav,Mymensingh,train
Mymensingh/mymn526.wav,Mymensingh,val
Mymensingh/mymn527.wav,Mymensingh,train
Mymensingh/mymn528.wav,Mymensingh,train
Mymensingh/mymn529.wav,Mymensingh,train
Mymensingh/mymn53.wav,Mymensingh,test
Mymensingh/mymn530.wav,Mymensingh,train
Mymensingh/mymn531.wav,Mymensingh,test
Mymensingh/mymn532.wav,Mymensingh,test
Mymensingh/mymn533.wav,Mymensingh,val
Mymensingh/mymn534.wav,Mymensingh,train
Mymensingh/mymn535.wav,Mymensingh,train
Mymensingh/mymn536.wav,Mymensingh,train
Mymensingh/mymn537.wav,Mymensingh,train
Mymensingh/mymn538.wav,Mymensingh,train
Mymensingh/mymn539.wav,Mymensingh,train
Mymensingh/mymn54.wav,Mymensingh,train
Mymensingh/mymn540.wav,Mymensingh,train
Mymensingh/mymn541.wav,Mymensingh,train
Mymensingh/mymn542.wav,Mymensingh,train
Mymensingh/mymn543.wav,Mymensingh,val
Mymensingh/mymn544.wav,Mymensingh,train
Mymensingh/mymn545.wav,Mymensingh,train
Mymensingh/mymn546.wav,Mymensingh,train
Mymensingh/mymn547.wav,Mymensingh,train
Mymensingh/mymn548.wav,Mymensingh,train
Mymensingh/mymn549.wav,Mymensingh,train
Mymensingh/mymn55.wav,Mymensingh,train
Mymensingh/mymn550.wav,Mymensingh,train
Mymensingh/mymn551.wav,Mymensingh,train
Mymensingh/mymn552.wav,Mymensingh,train
Mymensingh/mymn553.wav,Mymensingh,train
Mymensingh/mymn554.wav,Mymensingh,train
Mymensingh/mymn555.wav,Mymensingh,train
Mymensingh/mymn556.wav,Mymensingh,test
Mymensingh/mymn557.wav,Mymensingh,val
Mymensingh/mymn558.wav,Mymensingh,train
Mymensingh/mymn559.wav,Mymensingh,train
Mymensingh/mymn56.wav,Mymensingh,train
Mymensingh/mymn560.wav,Mymensingh,test
Mymensingh/mymn561.wav,Mymensingh,train
Mymensingh/mymn562.wav,Mymensingh,val
Mymensingh/mymn563.wav,Mymensingh,val
Mymensingh/mymn564.wav,Mymensingh,train
Mymensingh/mymn565.wav,Mymensingh,train
Mymensingh/mymn566.wav,Mymensingh,train
Mymensingh/mymn567.wav,Mymensingh,train
Mymensingh/mymn568.wav,Mymensingh,train
Mymensingh/mymn569.wav,Mymensingh,test
Mymensingh/mymn57.wav,Mymensingh,val
Mymensingh/mymn570.wav,Mymensingh,val
Mymensingh/mymn571.wav,Mymensingh,test
Mymensingh/mymn572.wav,Mymensingh,train
Mymensingh/mymn573.wav,Mymensingh,train
Mymensingh/mymn574.wav,Mymensingh,train
Mymensingh/mymn575.wav,Mymensingh,train
Mymensingh/mymn576.wav,Mymensingh,train
Mymensingh/mymn577.wav,Mymensingh,train
Mymensingh/mymn578.wav,Mymensingh,train
Mymensingh/mymn579.wav,Mymensingh,train
Mymensingh/mymn58.wav,Mymensingh,test
Mymensingh/mymn580.wav,Mymensingh,train
Mymensingh/mymn581.wav,Mymensingh,test
Mymensingh/mymn582.wav,Mymensingh,train
Mymensingh/mymn583.wav,Mymensingh,train
Mymensingh/mymn584.wav,Mymensingh,train
Mymensingh/mymn585.wav,Mymensingh,train
Mymensingh/mymn586.wav,Mymensingh,train
Mymensingh/mymn587.wav,Mymensingh,train
Mymensingh/mymn588.wav,Mymensingh,train
Mymensingh/mymn589.wav,Mymensingh,train
Mymensingh/mymn59.wav,Mymensingh,test
Mymensingh/mymn590.wav,Mymensingh,train
Mymensingh/mymn591.wav,Mymensingh,train
Mymensingh/mymn592.wav,Mymensingh,train
Mymensingh/mymn593.wav,Mymensingh,train
Mymensingh/mymn594.wav,Mymensingh,train
Mymensingh/mymn595.wav,Mymensingh,train
Mymensingh/mymn596.wav,Mymensingh,train
Mymensingh/mymn597.wav,Mymensingh,train
Mymensingh/mymn598.wav,Mymensingh,train
Mymensingh/mymn599.wav,Mymensingh,train
Mymensingh/mymn6.wav,Mymensingh,train
Mymensingh/mymn60.wav,Mymensingh,val
Mymensingh/mymn600.wav,Mymensingh,train
Mymensingh/mymn601.wav,Mymensingh,train
Mymensingh/mymn602.wav,Mymensingh,train
Mymensingh/mymn603.wav,Mymensingh,train
Mymensingh/mymn604.wav,Mymensingh,val
Mymensingh/mymn605.wav,Mymensingh,val
Mymensingh/mymn606.wav,Mymensingh,train
Mymensingh/mymn607.wav,Mymensingh,train
Mymensingh/mymn608.wav,Mymensingh,train
Mymensingh/mymn609.wav,Mymensingh,train
Mymensingh/mymn61.wav,Mymensingh,test
Mymensingh/mymn610.wav,Mymensingh,train
Mymensingh/mymn611.wav,Mymensingh,train
Mymensingh/mymn612.wav,Mymensingh,train
Mymensingh/mymn613.wav,Mymensingh,train
Mymensingh/mymn614.wav,Mymensingh,train
Mymensingh/mymn615.wav,Mymensingh,train
Mymensingh/mymn616.wav,Mymensingh,train
Mymensingh/mymn617.wav,Mymensingh,train
Mymensingh/mymn618.wav,Mymensingh,test
Mymensingh/mymn619.wav,Mymensingh,train
Mymensingh/mymn62.wav,Mymensingh,train
Mymensingh/mymn620.wav,Mymensingh,train
Mymensingh/mymn621.wav,Mymensingh,val
Mymensingh/mymn622.wav,Mymensingh,train
Mymensingh/mymn623.wav,Mymensingh,train
Mymensingh/mymn624.wav,Mymensingh,train
Mymensingh/mymn625.wav,Mymensingh,test
Mymensingh/mymn626.wav,Mymensingh,test
Mymensingh/mymn627.wav,Mymensingh,val
Mymensingh/mymn628.wav,Mymensingh,val
Mymensingh/mymn629.wav,Mymensingh,train
Mymensingh/mymn63.wav,Mymensingh,train
Mymensingh/mymn630.wav,Mymensingh,train
Mymensingh/mymn631.wav,Mymensingh,train
Mymensingh/mymn632.wav,Mymensingh,train
Mymensingh/mymn633.wav,Mymensingh,train
Mymensingh/mymn634.wav,Mymensingh,test
Mymensingh/mymn635.wav,Mymensingh,train
Mymensingh/mymn636.wav,Mymensingh,train
Mymensingh/mymn637.wav,Mymensingh,train
Mymensingh/mymn638.wav,Mymensingh,test
Mymensingh/mymn639.wav,Mymensingh,train
Mymensingh/mymn64.wav,Mymensingh,val
Mymensingh/mymn640.wav,Mymensingh,train
Mymensingh/mymn641.wav,Mymensingh,val
Mymensingh/mymn642.wav,Mymensingh,val
Mymensingh/mymn643.wav,Mymensingh,train
Mymensingh/mymn644.wav,Mymensingh,train
Mymensingh/mymn645.wav,Mymensingh,train
Mymensingh/mymn646.wav,Mymensingh,train
Mymensingh/mymn647.wav,Mymensingh,train
Mymensingh/mymn648.wav,Mymensingh,train
Mymensingh/mymn649.wav,Mymensingh,train
Mymensingh/mymn65.wav,Mymensingh,train
Mymensingh/mymn650.wav,Mymensingh,train
Mymensingh/mymn651.wav,Mymensingh,test
Mymensingh/mymn652.wav,Mymensingh,train
Mymensingh/mymn653.wav,Mymensingh,train
Mymensingh/mymn654.wav,Mymensingh,train
Mymensingh/mymn655.wav,Mymensingh,test
Mymensingh/mymn656.wav,Mymensingh,val
Mymensingh/mymn657.wav,Mymensingh,train
Mymensingh/mymn658.wav,Mymensingh,train
Mymensingh/mymn659.wav,Mymensingh,train
Mymensingh/mymn66.wav,Mymensingh,test
Mymensingh/mymn660.wav,Mymensingh,test
Mymensingh/mymn661.wav,Mymensingh,train
Mymensingh/mymn662.wav,Mymensingh,train
Mymensingh/mymn663.wav,Mymensingh,train
Mymensingh/mymn664.wav,Mymensingh,train
Mymensingh/mymn665.wav,Mymensingh,val
Mymensingh/mymn666.wav,Mymensingh,train
Mymensingh/mymn667.wav,Mymensingh,train
Mymensingh/mymn668.wav,Mymensingh,train
Mymensingh/mymn669.wav,Mymensingh,test
Mymensingh/mymn67.wav,Mymensingh,train
Mymensingh/mymn670.wav,Mymensingh,train
Mymensingh/mymn671.wav,Mymensingh,train
Mymensingh/mymn672.wav,Mymensingh,train
Mymensingh/mymn673.wav,Mymensingh,train
Mymensingh/mymn674.wav,Mymensingh,train
Mymensingh/mymn675.wav,Mymensingh,test
Mymensingh/mymn676.wav,Mymensingh,train
Mymensingh/mymn677.wav,Mymensingh,train
Mymensingh/mymn678.wav,Mymensingh,train
Mymensingh/mymn679.wav,Mymensingh,train
Mymensingh/mymn68.wav,Mymensingh,test
Mymensingh/mymn680.wav,Mymensingh,test
Mymensingh/mymn681.wav,Mymensingh,test
Mymensingh/mymn682.wav,Mymensingh,train
Mymensingh/mymn683.wav,Mymensingh,train
Mymensingh/mymn684.wav,Mymensingh,train
Mymensingh/mymn685.wav,Mymensingh,train
Mymensingh/mymn686.wav,Mymensingh,train
Mymensingh/mymn687.wav,Mymensingh,test
Mymensingh/mymn688.wav,Mymensingh,train
Mymensingh/mymn689.wav,Mymensingh,train
Mymensingh/mymn69.wav,Mymensingh,train
Mymensingh/mymn690.wav,Mymensingh,train
Mymensingh/mymn691.wav,Mymensingh,train
Mymensingh/mymn692.wav,Mymensingh,train
Mymensingh/mymn693.wav,Mymensingh,train
Mymensingh/mymn694.wav,Mymensingh,val
Mymensingh/mymn695.wav,Mymensingh,val
Mymensingh/mymn696.wav,Mymensingh,train
Mymensingh/mymn697.wav,Mymensingh,train
Mymensingh/mymn698.wav,Mymensingh,val
Mymensingh/mymn699.wav,Mymensingh,val
Mymensingh/mymn7.wav,Mymensingh,val
Mymensingh/mymn70.wav,Mymensingh,train
Mymensingh/mymn700.wav,Mymensingh,train
Mymensingh/mymn701.wav,Mymensingh,test
Mymensingh/mymn702.wav,Mymensingh,train
Mymensingh/mymn703.wav,Mymensingh,test
Mymensingh/mymn704.wav,Mymensingh,train
Mymensingh/mymn705.wav,Mymensingh,train
Mymensingh/mymn706.wav,Mymensingh,train
Mymensingh/mymn707.wav,Mymensingh,train
Mymensingh/mymn708.wav,Mymensingh,train
Mymensingh/mymn709.wav,Mymensingh,test
Mymensingh/mymn71.wav,Mymensingh,train
Mymensingh/mymn710.wav,Mymensingh,train
Mymensingh/mymn711.wav,Mymensingh,train
Mymensingh/mymn712.wav,Mymensingh,train
Mymensingh/mymn713.wav,Mymensingh,train
Mymensingh/mymn714.wav,Mymensingh,train
Mymensingh/mymn715.wav,Mymensingh,train
Mymensingh/mymn716.wav,Mymensingh,train
Mymensingh/mymn717.wav,Mymensingh,train
Mymensingh/mymn718.wav,Mymensingh,train
Mymensingh/mymn719.wav,Mymensingh,train
Mymensingh/mymn72.wav,Mymensingh,train
Mymensingh/mymn720.wav,Mymensingh,val
Mymensingh/mymn721.wav,Mymensingh,test
Mymensingh/mymn722.wav,Mymensingh,train
Mymensingh/mymn723.wav,Mymensingh,train
Mymensingh/mymn724.wav,Mymensingh,train
Mymensingh/mymn725.wav,Mymensingh,train
Mymensingh/mymn726.wav,Mymensingh,train
Mymensingh/mymn727.wav,Mymensingh,train
Mymensingh/mymn728.wav,Mymensingh,val
Mymensingh/mymn729.wav,Mymensingh,val
Mymensingh/mymn73.wav,Mymensingh,train
Mymensingh/mymn730.wav,Mymensingh,train
Mymensingh/mymn731.wav,Mymensingh,test
Mymensingh/mymn732.wav,Mymensingh,train
Mymensingh/mymn733.wav,Mymensingh,train
Mymensingh/mymn734.wav,Mymensingh,train
Mymensingh/mymn735.wav,Mymensingh,train
Mymensingh/mymn736.wav,Mymensingh,train
Mymensingh/mymn737.wav,Mymensingh,train
Mymensingh/mymn738.wav,Mymensingh,train
Mymensingh/mymn739.wav,Mymensingh,train
Mymensingh/mymn74.wav,Mymensingh,train
Mymensingh/mymn740.wav,Mymensingh,train
Mymensingh/mymn741.wav,Mymensingh,train
Mymensingh/mymn742.wav,Mymensingh,train
Mymensingh/mymn743.wav,Mymensingh,train
Mymensingh/mymn744.wav,Mymensingh,val
Mymensingh/mymn745.wav,Mymensingh,train
Mymensingh/mymn746.wav,Mymensingh,train
Mymensingh/mymn747.wav,Mymensingh,train
Mymensingh/mymn748.wav,Mymensingh,train
Mymensingh/mymn749.wav,Mymensingh,train
Mymensingh/mymn75.wav,Mymensingh,train
Mymensingh/mymn750.wav,Mymensingh,train
Mymensingh/mymn751.wav,Mymensingh,train
Mymensingh/mymn752.wav,Mymensingh,train
Mymensingh/mymn753.wav,Mymensingh,test
Mymensingh/mymn754.wav,Mymensingh,train
Mymensingh/mymn755.wav,Mymensingh,test
Mymensingh/mymn756.wav,Mymensingh,train
Mymensingh/mymn757.wav,Mymensingh,train
Mymensingh/mymn758.wav,Mymensingh,train
Mymensingh/mymn759.wav,Mymensingh,train
Mymensingh/mymn76.wav,Mymensingh,train
Mymensingh/mymn760.wav,Mymensingh,train
Mymensingh/mymn761.wav,Mymensingh,train
Mymensingh/mymn762.wav,Mymensingh,train
Mymensingh/mymn763.wav,Mymensingh,train
Mymensingh/mymn764.wav,Mymensingh,train
Mymensingh/mymn765.wav,Mymensingh,train
Mymensingh/mymn766.wav,Mymensingh,test
Mymensingh/mymn767.wav,Mymensingh,val
Mymensingh/mymn768.wav,Mymensingh,train
Mymensingh/mymn769.wav,Mymensingh,train
Mymensingh/mymn77.wav,Mymensingh,train
Mymensingh/mymn770.wav,Mymensingh,val
Mymensingh/mymn771.wav,Mymensingh,train
Mymensingh/mymn772.wav,Mymensingh,train
Mymensingh/mymn773.wav,Mymensingh,train
Mymensingh/mymn774.wav,Mymensingh,train
Mymensingh/mymn775.wav,Mymensingh,train
Mymensingh/mymn776.wav,Mymensingh,train
Mymensingh/mymn777.wav,Mymensingh,val
Mymensingh/mymn778.wav,Mymensingh,train
Mymensingh/mymn779.wav,Mymensingh,train
Mymensingh/mymn78.wav,Mymensingh,train
Mymensingh/mymn780.wav,Mymensingh,train
Mymensingh/mymn781.wav,Mymensingh,train
Mymensingh/mymn782.wav,Mymensingh,train
Mymensingh/mymn783.wav,Mymensingh,train
Mymensingh/mymn784.wav,Mymensingh,train
Mymensingh/mymn785.wav,Mymensingh,train
Mymensingh/mymn786.wav,Mymensingh,train
Mymensingh/mymn787.wav,Mymensingh,train
Mymensingh/mymn788.wav,Mymensingh,train
Mymensingh/mymn789.wav,Mymensingh,train
Mymensingh/mymn79.wav,Mymensingh,train
Mymensingh/mymn790.wav,Mymensingh,train
Mymensingh/mymn791.wav,Mymensingh,test
Mymensingh/mymn792.wav,Mymensingh,train
Mymensingh/mymn793.wav,Mymensingh,train
Mymensingh/mymn794.wav,Mymensingh,train
Mymensingh/mymn795.wav,Mymensingh,train
Mymensingh/mymn796.wav,Mymensingh,test
Mymensingh/mymn797.wav,Mymensingh,train
Mymensingh/mymn798.wav,Mymensingh,test
Mymensingh/mymn799.wav,Mymensingh,val
Mymensingh/mymn8.wav,Mymensingh,train
Mymensingh/mymn80.wav,Mymensingh,test
Mymensingh/mymn800.wav,Mymensingh,train
Mymensingh/mymn801.wav,Mymensingh,val
Mymensingh/mymn802.wav,Mymensingh,train
Mymensingh/mymn803.wav,Mymensingh,train
Mymensingh/mymn804.wav,Mymensingh,train
Mymensingh/mymn805.wav,Mymensingh,train
Mymensingh/mymn806.wav,Mymensingh,test
Mymensingh/mymn807.wav,Mymensingh,train
Mymensingh/mymn808.wav,Mymensingh,train
Mymensingh/mymn809.wav,Mymensingh,train
Mymensingh/mymn81.wav,Mymensingh,train
Mymensingh/mymn810.wav,Mymensingh,train
Mymensingh/mymn811.wav,Mymensingh,train
Mymensingh/mymn812.wav,Mymensingh,train
Mymensingh/mymn813.wav,Mymensingh,train
Mymensingh/mymn814.wav,Mymensingh,train
Mymensingh/mymn815.wav,Mymensingh,train
Mymensingh/mymn816.wav,Mymensingh,train
Mymensingh/mymn817.wav,Mymensingh,train
Mymensingh/mymn818.wav,Mymensingh,train
Mymensingh/mymn819.wav,Mymensingh,train
Mymensingh/mymn82.wav,Mymensingh,train
Mymensingh/mymn820.wav,Mymensingh,train
Mymensingh/mymn821.wav,Mymensingh,train
Mymensingh/mymn822.wav,Mymensingh,train
Mymensingh/mymn823.wav,Mymensingh,train
Mymensingh/mymn824.wav,Mymensingh,train
Mymensingh/mymn825.wav,Mymensingh,train
Mymensingh/mymn826.wav,Mymensingh,train
Mymensingh/mymn827.wav,Mymensingh,train
Mymensingh/mymn828.wav,Mymensingh,train
Mymensingh/mymn829.wav,Mymensingh,train
Mymensingh/mymn83.wav,Mymensingh,train
Mymensingh/mymn830.wav,Mymensingh,train
Mymensingh/mymn831.wav,Mymensingh,train
Mymensingh/mymn832.wav,Mymensingh,train
Mymensingh/mymn833.wav,Mymensingh,test
Mymensingh/mymn834.wav,Mymensingh,train
Mymensingh/mymn835.wav,Mymensingh,train
Mymensingh/mymn836.wav,Mymensingh,test
Mymensingh/mymn837.wav,Mymensingh,train
Mymensingh/mymn838.wav,Mymensingh,train
Mymensingh/mymn839.wav,Mymensingh,train
Mymensingh/mymn84.wav,Mymensingh,train
Mymensingh/mymn840.wav,Mymensingh,train
Mymensingh/mymn841.wav,Mymensingh,train
Mymensingh/mymn842.wav,Mymensingh,train
Mymensingh/mymn843.wav,Mymensingh,train
Mymensingh/mymn844.wav,Mymensingh,train
Mymensingh/mymn845.wav,Mymensingh,train
Mymensingh/mymn846.wav,Mymensingh,train
Mymensingh/mymn847.wav,Mymensingh,train
Mymensingh/mymn848.wav,Mymensingh,train
Mymensingh/mymn849.wav,Mymensingh,train
Mymensingh/mymn85.wav,Mymensingh,train
Mymensingh/mymn850.wav,Mymensingh,train
Mymensingh/mymn851.wav,Mymensingh,train
Mymensingh/mymn852.wav,Mymensingh,train
Mymensingh/mymn853.wav,Mymensingh,train
Mymensingh/mymn854.wav,Mymensingh,train
Mymensingh/mymn855.wav,Mymensingh,train
Mymensingh/mymn856.wav,Mymensingh,train
Mymensingh/mymn857.wav,Mymensingh,train
Mymensingh/mymn858.wav,Mymensingh,test
Mymensingh/mymn859.wav,Mymensingh,train
Mymensingh/mymn86.wav,Mymensingh,val
Mymensingh/mymn860.wav,Mymensingh,test
Mymensingh/mymn861.wav,Mymensingh,train
Mymensingh/mymn862.wav,Mymensingh,train
Mymensingh/mymn863.wav,Mymensingh,train
Mymensingh/mymn864.wav,Mymensingh,train
Mymensingh/mymn865.wav,Mymensingh,train
Mymensingh/mymn866.wav,Mymensingh,test
Mymensingh/mymn867.wav,Mymensingh,train
Mymensingh/mymn868.wav,Mymensingh,train
Mymensingh/mymn869.wav,Mymensingh,train
Mymensingh/mymn87.wav,Mymensingh,train
Mymensingh/mymn870.wav,Mymensingh,train
Mymensingh/mymn871.wav,Mymensingh,train
Mymensingh/mymn872.wav,Mymensingh,train
Mymensingh/mymn873.wav,Mymensingh,train
Mymensingh/mymn874.wav,Mymensingh,val
Mymensingh/mymn875.wav,Mymensingh,train
Mymensingh/mymn876.wav,Mymensingh,train
Mymensingh/mymn877.wav,Mymensingh,test
Mymensingh/mymn878.wav,Mymensingh,train
Mymensingh/mymn879.wav,Mymensingh,test
Mymensingh/mymn88.wav,Mymensingh,train
Mymensingh/mymn880.wav,Mymensingh,train
Mymensingh/mymn881.wav,Mymensingh,test
Mymensingh/mymn882.wav,Mymensingh,train
Mymensingh/mymn883.wav,Mymensingh,train
Mymensingh/mymn884.wav,Mymensingh,test
Mymensingh/mymn885.wav,Mymensingh,train
Mymensingh/mymn886.wav,Mymensingh,test
Mymensingh/mymn887.wav,Mymensingh,train
Mymensingh/mymn888.wav,Mymensingh,test
Mymensingh/mymn889.wav,Mymensingh,train
Mymensingh/mymn89.wav,Mymensingh,train
Mymensingh/mymn890.wav,Mymensingh,train
Mymensingh/mymn891.wav,Mymensingh,train
Mymensingh/mymn892.wav,Mymensingh,train
Mymensingh/mymn893.wav,Mymensingh,train
Mymensingh/mymn894.wav,Mymensingh,test
Mymensingh/mymn895.wav,Mymensingh,test
Mymensingh/mymn896.wav,Mymensingh,train
Mymensingh/mymn897.wav,Mymensingh,train
Mymensingh/mymn898.wav,Mymensingh,test
Mymensingh/mymn899.wav,Mymensingh,val
Mymensingh/mymn9.wav,Mymensingh,val
Mymensingh/mymn90.wav,Mymensingh,test
Mymensingh/mymn900.wav,Mymensingh,train
Mymensingh/mymn901.wav,Mymensingh,train
Mymensingh/mymn902.wav,Mymensingh,train
Mymensingh/mymn903.wav,Mymensingh,train
Mymensingh/mymn904.wav,Mymensingh,train
Mymensingh/mymn905.wav,Mymensingh,train
Mymensingh/mymn906.wav,Mymensingh,test
Mymensingh/mymn907.wav,Mymensingh,train
Mymensingh/mymn908.wav,Mymensingh,test
Mymensingh/mymn909.wav,Mymensingh,test
Mymensingh/mymn91.wav,Mymensingh,train
Mymensingh/mymn910.wav,Mymensingh,train
Mymensingh/mymn911.wav,Mymensingh,train
Mymensingh/mymn912.wav,Mymensingh,train
Mymensingh/mymn913.wav,Mymensingh,train
Mymensingh/mymn914.wav,Mymensingh,train
Mymensingh/mymn915.wav,Mymensingh,train
Mymensingh/mymn916.wav,Mymensingh,train
Mymensingh/mymn917.wav,Mymensingh,test
Mymensingh/mymn918.wav,Mymensingh,train
Mymensingh/mymn919.wav,Mymensingh,train
Mymensingh/mymn92.wav,Mymensingh,train
Mymensingh/mymn920.wav,Mymensingh,train
Mymensingh/mymn921.wav,Mymensingh,test
Mymensingh/mymn922.wav,Mymensingh,train
Mymensingh/mymn923.wav,Mymensingh,train
Mymensingh/mymn924.wav,Mymensingh,test
Mymensingh/mymn925.wav,Mymensingh,train
Mymensingh/mymn926.wav,Mymensingh,train
Mymensingh/mymn927.wav,Mymensingh,test
Mymensingh/mymn928.wav,Mymensingh,train
Mymensingh/mymn929.wav,Mymensingh,train
Mymensingh/mymn93.wav,Mymensingh,train
Mymensingh/mymn930.wav,Mymensingh,val
Mymensingh/mymn931.wav,Mymensingh,train
Mymensingh/mymn932.wav,Mymensingh,train
Mymensingh/mymn933.wav,Mymensingh,train
Mymensingh/mymn934.wav,Mymensingh,test
Mymensingh/mymn935.wav,Mymensingh,val
Mymensingh/mymn936.wav,Mymensingh,test
Mymensingh/mymn937.wav,Mymensingh,train
Mymensingh/mymn938.wav,Mymensingh,train
Mymensingh/mymn939.wav,Mymensingh,train
Mymensingh/mymn94.wav,Mymensingh,val
Mymensingh/mymn940.wav,Mymensingh,test
Mymensingh/mymn941.wav,Mymensingh,train
Mymensingh/mymn942.wav,Mymensingh,test
Mymensingh/mymn943.wav,Mymensingh,train
Mymensingh/mymn944.wav,Mymensingh,train
Mymensingh/mymn945.wav,Mymensingh,train
Mymensingh/mymn946.wav,Mymensingh,train
Mymensingh/mymn947.wav,Mymensingh,val
Mymensingh/mymn948.wav,Mymensingh,train
Mymensingh/mymn949.wav,Mymensingh,train
Mymensingh/mymn95.wav,Mymensingh,train
Mymensingh/mymn950.wav,Mymensingh,train
Mymensingh/mymn951.wav,Mymensingh,test
Mymensingh/mymn952.wav,Mymensingh,train
Mymensingh/mymn953.wav,Mymensingh,train
Mymensingh/mymn954.wav,Mymensingh,train
Mymensingh/mymn955.wav,Mymensingh,train
Mymensingh/mymn956.wav,Mymensingh,val
Mymensingh/mymn957.wav,Mymensingh,train
Mymensingh/mymn958.wav,Mymensingh,train
Mymensingh/mymn959.wav,Mymensingh,train
Mymensingh/mymn96.wav,Mymensingh,test
Mymensingh/mymn960.wav,Mymensingh,test
Mymensingh/mymn961.wav,Mymensingh,train
Mymensingh/mymn962.wav,Mymensingh,train
Mymensingh/mymn963.wav,Mymensingh,train
Mymensingh/mymn964.wav,Mymensingh,test
Mymensingh/mymn965.wav,Mymensingh,train
Mymensingh/mymn966.wav,Mymensingh,test
Mymensingh/mymn967.wav,Mymensingh,test
Mymensingh/mymn968.wav,Mymensingh,train
Mymensingh/mymn969.wav,Mymensingh,train
Mymensingh/mymn97.wav,Mymensingh,train
Mymensingh/mymn970.wav,Mymensingh,val
Mymensingh/mymn971.wav,Mymensingh,train
Mymensingh/mymn972.wav,Mymensingh,train
Mymensingh/mymn973.wav,Mymensingh,test
Mymensingh/mymn974.wav,Mymensingh,train
Mymensingh/mymn975.wav,Mymensingh,train
Mymensingh/mymn976.wav,Mymensingh,train
Mymensingh/mymn977.wav,Mymensingh,train
Mymensingh/mymn978.wav,Mymensingh,test
Mymensingh/mymn979.wav,Mymensingh,train
Mymensingh/mymn98.wav,Mymensingh,train
Mymensingh/mymn980.wav,Mymensingh,train
Mymensingh/mymn981.wav,Mymensingh,train
Mymensingh/mymn982.wav,Mymensingh,train
Mymensingh/mymn983.wav,Mymensingh,train
Mymensingh/mymn984.wav,Mymensingh,train
Mymensingh/mymn985.wav,Mymensingh,train
Mymensingh/mymn986.wav,Mymensingh,train
Mymensingh/mymn987.wav,Mymensingh,train
Mymensingh/mymn988.wav,Mymensingh,train
Mymensingh/mymn989.wav,Mymensingh,test
Mymensingh/mymn99.wav,Mymensingh,train
Mymensingh/mymn990.wav,Mymensingh,train
Mymensingh/mymn991.wav,Mymensingh,val
Mymensingh/mymn992.wav,Mymensingh,train
Mymensingh/mymn993.wav,Mymensingh,train
Mymensingh/mymn994.wav,Mymensingh,train
Mymensingh/mymn995.wav,Mymensingh,train
Mymensingh/mymn996.wav,Mymensingh,train
Mymensingh/mymn997.wav,Mymensingh,val
Mymensingh/mymn998.wav,Mymensingh,train
Mymensingh/mymn999.wav,Mymensingh,test
Shylet/shlt1.wav,Sylhet,train
Shylet/shlt10.wav,Sylhet,train
Shylet/shlt100.wav,Sylhet,train
Shylet/shlt101.wav,Sylhet,train
Shylet/shlt102.wav,Sylhet,test
Shylet/shlt103.wav,Sylhet,train
Shylet/shlt104.wav,Sylhet,train
Shylet/shlt105.wav,Sylhet,train
Shylet/shlt106.wav,Sylhet,train
Shylet/shlt107.wav,Sylhet,train
Shylet/shlt108.wav,Sylhet,train
Shylet/shlt109.wav,Sylhet,train
Shylet/shlt11.wav,Sylhet,train
Shylet/shlt110.wav,Sylhet,val
Shylet/shlt111.wav,Sylhet,train
Shylet/shlt112.wav,Sylhet,val
Shylet/shlt113.wav,Sylhet,test
Shylet/shlt114.wav,Sylhet,train
Shylet/shlt115.wav,Sylhet,train
Shylet/shlt116.wav,Sylhet,train
Shylet/shlt117.wav,Sylhet,val
Shylet/shlt118.wav,Sylhet,train
Shylet/shlt119.wav,Sylhet,test
Shylet/shlt12.wav,Sylhet,train
Shylet/shlt120.wav,Sylhet,train
Shylet/shlt121.wav,Sylhet,test
Shylet/shlt122.wav,Sylhet,train
Shylet/shlt123.wav,Sylhet,train
Shylet/shlt124.wav,Sylhet,train
Shylet/shlt125.wav,Sylhet,test
Shylet/shlt126.wav,Sylhet,train
Shylet/shlt127.wav,Sylhet,train
Shylet/shlt128.wav,Sylhet,train
Shylet/shlt129.wav,Sylhet,test
Shylet/shlt13.wav,Sylhet,train
Shylet/shlt130.wav,Sylhet,train
Shylet/shlt131.wav,Sylhet,train
Shylet/shlt132.wav,Sylhet,train
Shylet/shlt133.wav,Sylhet,train
Shylet/shlt134.wav,Sylhet,test
Shylet/shlt135.wav,Sylhet,train
Shylet/shlt136.wav,Sylhet,val
Shylet/shlt137.wav,Sylhet,val
Shylet/shlt138.wav,Sylhet,val
Shylet/shlt139.wav,Sylhet,test
Shylet/shlt14.wav,Sylhet,train
Shylet/shlt140.wav,Sylhet,train
Shylet/shlt141.wav,Sylhet,train
Shylet/shlt142.wav,Sylhet,test
Shylet/shlt143.wav,Sylhet,train
Shylet/shlt144.wav,Sylhet,train
Shylet/shlt145.wav,Sylhet,train
Shylet/shlt146.wav,Sylhet,train
Shylet/shlt147.wav,Sylhet,train
Shylet/shlt148.wav,Sylhet,val
Shylet/shlt149.wav,Sylhet,train
Shylet/shlt15.wav,Sylhet,train
Shylet/shlt150.wav,Sylhet,train
Shylet/shlt151.wav,Sylhet,train
Shylet/shlt152.wav,Sylhet,train
Shylet/shlt153.wav,Sylhet,train
Shylet/shlt154.wav,Sylhet,train
Shylet/shlt155.wav,Sylhet,train
Shylet/shlt156.wav,Sylhet,test
Shylet/shlt157.wav,Sylhet,train
Shylet/shlt158.wav,Sylhet,train
Shylet/shlt159.wav,Sylhet,test
Shylet/shlt16.wav,Sylhet,val
Shylet/shlt160.wav,Sylhet,train
Shylet/shlt161.wav,Sylhet,train
Shylet/shlt162.wav,Sylhet,train
Shylet/shlt163.wav,Sylhet,train
Shylet/shlt164.wav,Sylhet,train
Shylet/shlt165.wav,Sylhet,train
Shylet/shlt166.wav,Sylhet,test
Shylet/shlt167.wav,Sylhet,test
Shylet/shlt168.wav,Sylhet,train
Shylet/shlt169.wav,Sylhet,train
Shylet/shlt17.wav,Sylhet,train
Shylet/shlt170.wav,Sylhet,train
Shylet/shlt171.wav,Sylhet,val
Shylet/shlt172.wav,Sylhet,train
Shylet/shlt173.wav,Sylhet,train
Shylet/shlt174.wav,Sylhet,train
Shylet/shlt175.wav,Sylhet,train
Shylet/shlt176.wav,Sylhet,val
Shylet/shlt177.wav,Sylhet,train
Shylet/shlt178.wav,Sylhet,train
Shylet/shlt179.wav,Sylhet,train
Shylet/shlt18.wav,Sylhet,train
Shylet/shlt180.wav,Sylhet,train
Shylet/shlt181.wav,Sylhet,train
Shylet/shlt182.wav,Sylhet,val
Shylet/shlt183.wav,Sylhet,val
Shylet/shlt184.wav,Sylhet,test
Shylet/shlt185.wav,Sylhet,val
Shylet/shlt186.wav,Sylhet,train
Shylet/shlt187.wav,Sylhet,train
Shylet/shlt188.wav,Sylhet,train
Shylet/shlt189.wav,Sylhet,train
Shylet/shlt19.wav,Sylhet,test
Shylet/shlt190.wav,Sylhet,val
Shylet/shlt191.wav,Sylhet,train
Shylet/shlt192.wav,Sylhet,test
Shylet/shlt193.wav,Sylhet,train
Shylet/shlt194.wav,Sylhet,train
Shylet/shlt195.wav,Sylhet,train
Shylet/shlt196.wav,Sylhet,test
Shylet/shlt197.wav,Sylhet,train
Shylet/shlt198.wav,Sylhet,train
Shylet/shlt199.wav,Sylhet,train
Shylet/shlt2.wav,Sylhet,train
Shylet/shlt20.wav,Sylhet,train
Shylet/shlt200.wav,Sylhet,train
Shylet/shlt201.wav,Sylhet,train
Shylet/shlt202.wav,Sylhet,train
Shylet/shlt203.wav,Sylhet,train
Shylet/shlt204.wav,Sylhet,val
Shylet/shlt205.wav,Sylhet,train
Shylet/shlt206.wav,Sylhet,train
Shylet/shlt207.wav,Sylhet,test
Shylet/shlt208.wav,Sylhet,test
Shylet/shlt209.wav,Sylhet,train
Shylet/shlt21.wav,Sylhet,train
Shylet/shlt210.wav,Sylhet,test
Shylet/shlt211.wav,Sylhet,train
Shylet/shlt212.wav,Sylhet,test
Shylet/shlt213.wav,Sylhet,train
Shylet/shlt214.wav,Sylhet,test
Shylet/shlt215.wav,Sylhet,train
Shylet/shlt216.wav,Sylhet,train
Shylet/shlt217.wav,Sylhet,train
Shylet/shlt218.wav,Sylhet,test
Shylet/shlt219.wav,Sylhet,test
Shylet/shlt22.wav,Sylhet,train
Shylet/shlt220.wav,Sylhet,train
Shylet/shlt221.wav,Sylhet,train
Shylet/shlt222.wav,Sylhet,train
Shylet/shlt223.wav,Sylhet,train
Shylet/shlt224.wav,Sylhet,train
Shylet/shlt225.wav,Sylhet,test
Shylet/shlt226.wav,Sylhet,train
Shylet/shlt227.wav,Sylhet,train
Shylet/shlt228.wav,Sylhet,train
Shylet/shlt229.wav,Sylhet,val
Shylet/shlt23.wav,Sylhet,train
Shylet/shlt230.wav,Sylhet,test
Shylet/shlt231.wav,Sylhet,train
Shylet/shlt232.wav,Sylhet,train
Shylet/shlt233.wav,Sylhet,test
Shylet/shlt234.wav,Sylhet,test
Shylet/shlt235.wav,Sylhet,train
Shylet/shlt236.wav,Sylhet,test
Shylet/shlt237.wav,Sylhet,train
Shylet/shlt238.wav,Sylhet,test
Shylet/shlt239.wav,Sylhet,train
Shylet/shlt24.wav,Sylhet,train
Shylet/shlt240.wav,Sylhet,val
Shylet/shlt241.wav,Sylhet,train
Shylet/shlt242.wav,Sylhet,train
Shylet/shlt243.wav,Sylhet,train
Shylet/shlt244.wav,Sylhet,train
Shylet/shlt245.wav,Sylhet,train
Shylet/shlt246.wav,Sylhet,train
Shylet/shlt247.wav,Sylhet,train
Shylet/shlt248.wav,Sylhet,test
Shylet/shlt249.wav,Sylhet,train
Shylet/shlt25.wav,Sylhet,train
Shylet/shlt250.wav,Sylhet,test
Shylet/shlt251.wav,Sylhet,train
Shylet/shlt252.wav,Sylhet,train
Shylet/shlt253.wav,Sylhet,train
Shylet/shlt254.wav,Sylhet,val
Shylet/shlt255.wav,Sylhet,train
Shylet/shlt256.wav,Sylhet,val
Shylet/shlt257.wav,Sylhet,test
Shylet/shlt258.wav,Sylhet,train
Shylet/shlt259.wav,Sylhet,train
Shylet/shlt26.wav,Sylhet,test
Shylet/shlt260.wav,Sylhet,train
Shylet/shlt261.wav,Sylhet,train
Shylet/shlt262.wav,Sylhet,train
Shylet/shlt263.wav,Sylhet,train
Shylet/shlt264.wav,Sylhet,train
Shylet/shlt265.wav,Sylhet,train
Shylet/shlt266.wav,Sylhet,train
Shylet/shlt267.wav,Sylhet,train
Shylet/shlt268.wav,Sylhet,train
Shylet/shlt269.wav,Sylhet,train
Shylet/shlt27.wav,Sylhet,train
Shylet/shlt270.wav,Sylhet,test
Shylet/shlt271.wav,Sylhet,train
Shylet/shlt272.wav,Sylhet,train
Shylet/shlt273.wav,Sylhet,train
Shylet/shlt274.wav,Sylhet,test
Shylet/shlt275.wav,Sylhet,train
Shylet/shlt276.wav,Sylhet,train
Shylet/shlt277.wav,Sylhet,train
Shylet/shlt278.wav,Sylhet,train
Shylet/shlt279.wav,Sylhet,train
Shylet/shlt28.wav,Sylhet,test
Shylet/shlt280.wav,Sylhet,train
Shylet/shlt281.wav,Sylhet,test
Shylet/shlt282.wav,Sylhet,train
Shylet/shlt283.wav,Sylhet,train
Shylet/shlt284.wav,Sylhet,train
Shylet/shlt285.wav,Sylhet,train
Shylet/shlt286.wav,Sylhet,val
Shylet/shlt287.wav,Sylhet,train
Shylet/shlt288.wav,Sylhet,train
Shylet/shlt289.wav,Sylhet,val
Shylet/shlt29.wav,Sylhet,train
Shylet/shlt290.wav,Sylhet,train
Shylet/shlt291.wav,Sylhet,train
Shylet/shlt292.wav,Sylhet,val
Shylet/shlt293.wav,Sylhet,test
Shylet/shlt294.wav,Sylhet,train
Shylet/shlt295.wav,Sylhet,val
Shylet/shlt296.wav,Sylhet,train
Shylet/shlt297.wav,Sylhet,train
Shylet/shlt298.wav,Sylhet,val
Shylet/shlt299.wav,Sylhet,train
Shylet/shlt3.wav,Sylhet,train
Shylet/shlt30.wav,Sylhet,train
Shylet/shlt300.wav,Sylhet,train
Shylet/shlt301.wav,Sylhet,train
Shylet/shlt302.wav,Sylhet,train
Shylet/shlt303.wav,Sylhet,train
Shylet/shlt304.wav,Sylhet,val
Shylet/shlt305.wav,Sylhet,val
Shylet/shlt306.wav,Sylhet,train
Shylet/shlt307.wav,Sylhet,train
Shylet/shlt308.wav,Sylhet,test
Shylet/shlt309.wav,Sylhet,test
Shylet/shlt31.wav,Sylhet,train
Shylet/shlt310.wav,Sylhet,train
Shylet/shlt311.wav,Sylhet,val
Shylet/shlt312.wav,Sylhet,train
Shylet/shlt313.wav,Sylhet,train
Shylet/shlt314.wav,Sylhet,train
Shylet/shlt315.wav,Sylhet,train
Shylet/shlt316.wav,Sylhet,train
Shylet/shlt317.wav,Sylhet,train
Shylet/shlt318.wav,Sylhet,test
Shylet/shlt319.wav,Sylhet,train
Shylet/shlt32.wav,Sylhet,train
Shylet/shlt320.wav,Sylhet,test
Shylet/shlt321.wav,Sylhet,train
Shylet/shlt322.wav,Sylhet,train
Shylet/shlt323.wav,Sylhet,train
Shylet/shlt324.wav,Sylhet,train
Shylet/shlt325.wav,Sylhet,train
Shylet/shlt326.wav,Sylhet,train
Shylet/shlt327.wav,Sylhet,val
Shylet/shlt328.wav,Sylhet,train
Shylet/shlt329.wav,Sylhet,train
Shylet/shlt33.wav,Sylhet,val
Shylet/shlt330.wav,Sylhet,train
Shylet/shlt331.wav,Sylhet,train
Shylet/shlt332.wav,Sylhet,train
Shylet/shlt333.wav,Sylhet,train
Shylet/shlt334.wav,Sylhet,test
Shylet/shlt335.wav,Sylhet,train
Shylet/shlt336.wav,Sylhet,train
Shylet/shlt337.wav,Sylhet,train
Shylet/shlt338.wav,Sylhet,train
Shylet/shlt339.wav,Sylhet,train
Shylet/shlt34.wav,Sylhet,train
Shylet/shlt340.wav,Sylhet,train
Shylet/shlt341.wav,Sylhet,train
Shylet/shlt342.wav,Sylhet,train
Shylet/shlt343.wav,Sylhet,train
Shylet/shlt344.wav,Sylhet,train
Shylet/shlt345.wav,Sylhet,test
Shylet/shlt346.wav,Sylhet,train
Shylet/shlt347.wav,Sylhet,val
Shylet/shlt348.wav,Sylhet,train
Shylet/shlt349.wav,Sylhet,train
Shylet/shlt35.wav,Sylhet,train
Shylet/shlt350.wav,Sylhet,val
Shylet/shlt351.wav,Sylhet,val
Shylet/shlt352.wav,Sylhet,train
Shylet/shlt353.wav,Sylhet,train
Shylet/shlt354.wav,Sylhet,train
Shylet/shlt355.wav,Sylhet,train
Shylet/shlt356.wav,Sylhet,train
Shylet/shlt357.wav,Sylhet,val
Shylet/shlt358.wav,Sylhet,train
Shylet/shlt359.wav,Sylhet,train
Shylet/shlt36.wav,Sylhet,train
Shylet/shlt360.wav,Sylhet,train
Shylet/shlt361.wav,Sylhet,train
Shylet/shlt362.wav,Sylhet,train
Shylet/shlt363.wav,Sylhet,train
Shylet/shlt364.wav,Sylhet,train
Shylet/shlt365.wav,Sylhet,train
Shylet/shlt366.wav,Sylhet,train
Shylet/shlt367.wav,Sylhet,train
Shylet/shlt368.wav,Sylhet,train
Shylet/shlt369.wav,Sylhet,train
Shylet/shlt37.wav,Sylhet,val
Shylet/shlt370.wav,Sylhet,val
Shylet/shlt371.wav,Sylhet,train
Shylet/shlt372.wav,Sylhet,train
Shylet/shlt373.wav,Sylhet,train
Shylet/shlt374.wav,Sylhet,train
Shylet/shlt375.wav,Sylhet,val
Shylet/shlt376.wav,Sylhet,train
Shylet/shlt377.wav,Sylhet,train
Shylet/shlt378.wav,Sylhet,train
Shylet/shlt379.wav,Sylhet,train
Shylet/shlt38.wav,Sylhet,test
Shylet/shlt380.wav,Sylhet,train
Shylet/shlt381.wav,Sylhet,test
Shylet/shlt382.wav,Sylhet,train
Shylet/shlt383.wav,Sylhet,train
Shylet/shlt384.wav,Sylhet,train
Shylet/shlt385.wav,Sylhet,val
Shylet/shlt386.wav,Sylhet,train
Shylet/shlt387.wav,Sylhet,val
Shylet/shlt388.wav,Sylhet,train
Shylet/shlt389.wav,Sylhet,val
Shylet/shlt39.wav,Sylhet,train
Shylet/shlt390.wav,Sylhet,train
Shylet/shlt391.wav,Sylhet,train
Shylet/shlt392.wav,Sylhet,train
Shylet/shlt393.wav,Sylhet,train
Shylet/shlt394.wav,Sylhet,train
Shylet/shlt395.wav,Sylhet,train
Shylet/shlt396.wav,Sylhet,train
Shylet/shlt397.wav,Sylhet,train
Shylet/shlt398.wav,Sylhet,train
Shylet/shlt399.wav,Sylhet,train
Shylet/shlt4.wav,Sylhet,train
Shylet/shlt40.wav,Sylhet,train
Shylet/shlt400.wav,Sylhet,train
Shylet/shlt401.wav,Sylhet,train
Shylet/shlt402.wav,Sylhet,train
Shylet/shlt403.wav,Sylhet,train
Shylet/shlt404.wav,Sylhet,train
Shylet/shlt405.wav,Sylhet,train
Shylet/shlt406.wav,Sylhet,train
Shylet/shlt407.wav,Sylhet,val
Shylet/shlt408.wav,Sylhet,train
Shylet/shlt409.wav,Sylhet,test
Shylet/shlt41.wav,Sylhet,train
Shylet/shlt410.wav,Sylhet,train
Shylet/shlt411.wav,Sylhet,train
Shylet/shlt412.wav,Sylhet,train
Shylet/shlt413.wav,Sylhet,train
Shylet/shlt414.wav,Sylhet,val
Shylet/shlt415.wav,Sylhet,train
Shylet/shlt416.wav,Sylhet,test
Shylet/shlt417.wav,Sylhet,train
Shylet/shlt418.wav,Sylhet,test
Shylet/shlt419.wav,Sylhet,train
Shylet/shlt42.wav,Sylhet,train
Shylet/shlt420.wav,Sylhet,train
Shylet/shlt421.wav,Sylhet,train
Shylet/shlt422.wav,Sylhet,train
Shylet/shlt423.wav,Sylhet,test
Shylet/shlt424.wav,Sylhet,train
Shylet/shlt425.wav,Sylhet,val
Shylet/shlt426.wav,Sylhet,val
Shylet/shlt427.wav,Sylhet,train
Shylet/shlt428.wav,Sylhet,train
Shylet/shlt429.wav,Sylhet,train
Shylet/shlt43.wav,Sylhet,test
Shylet/shlt430.wav,Sylhet,train
Shylet/shlt431.wav,Sylhet,train
Shylet/shlt432.wav,Sylhet,val
Shylet/shlt433.wav,Sylhet,train
Shylet/shlt434.wav,Sylhet,train
Shylet/shlt435.wav,Sylhet,train
Shylet/shlt436.wav,Sylhet,train
Shylet/shlt437.wav,Sylhet,train
Shylet/shlt438.wav,Sylhet,train
Shylet/shlt439.wav,Sylhet,train
Shylet/shlt44.wav,Sylhet,train
Shylet/shlt440.wav,Sylhet,train
Shylet/shlt441.wav,Sylhet,train
Shylet/shlt442.wav,Sylhet,test
Shylet/shlt443.wav,Sylhet,val
Shylet/shlt444.wav,Sylhet,train
Shylet/shlt445.wav,Sylhet,test
Shylet/shlt446.wav,Sylhet,val
Shylet/shlt447.wav,Sylhet,val
Shylet/shlt448.wav,Sylhet,train
Shylet/shlt449.wav,Sylhet,train
Shylet/shlt45.wav,Sylhet,train
Shylet/shlt450.wav,Sylhet,train
Shylet/shlt451.wav,Sylhet,train
Shylet/shlt452.wav,Sylhet,train
Shylet/shlt453.wav,Sylhet,train
Shylet/shlt454.wav,Sylhet,train
Shylet/shlt455.wav,Sylhet,test
Shylet/shlt456.wav,Sylhet,train
Shylet/shlt457.wav,Sylhet,val
Shylet/shlt458.wav,Sylhet,train
Shylet/shlt459.wav,Sylhet,train
Shylet/shlt46.wav,Sylhet,train
Shylet/shlt460.wav,Sylhet,test
Shylet/shlt461.wav,Sylhet,val
Shylet/shlt462.wav,Sylhet,train
Shylet/shlt463.wav,Sylhet,train
Shylet/shlt464.wav,Sylhet,val
Shylet/shlt465.wav,Sylhet,train
Shylet/shlt466.wav,Sylhet,val
Shylet/shlt467.wav,Sylhet,train
Shylet/shlt468.wav,Sylhet,train
Shylet/shlt469.wav,Sylhet,val
Shylet/shlt47.wav,Sylhet,train
Shylet/shlt470.wav,Sylhet,train
Shylet/shlt471.wav,Sylhet,train
Shylet/shlt472.wav,Sylhet,test
Shylet/shlt473.wav,Sylhet,test
Shylet/shlt474.wav,Sylhet,train
Shylet/shlt475.wav,Sylhet,test
Shylet/shlt476.wav,Sylhet,train
Shylet/shlt477.wav,Sylhet,train
Shylet/shlt478.wav,Sylhet,train
Shylet/shlt479.wav,Sylhet,train
Shylet/shlt48.wav,Sylhet,test
Shylet/shlt480.wav,Sylhet,test
Shylet/shlt481.wav,Sylhet,test
Shylet/shlt482.wav,Sylhet,train
Shylet/shlt483.wav,Sylhet,train
Shylet/shlt484.wav,Sylhet,train
Shylet/shlt485.wav,Sylhet,test
Shylet/shlt486.wav,Sylhet,train
Shylet/shlt487.wav,Sylhet,train
Shylet/shlt488.wav,Sylhet,train
Shylet/shlt489.wav,Sylhet,train
Shylet/shlt49.wav,Sylhet,train
Shylet/shlt490.wav,Sylhet,val
Shylet/shlt491.wav,Sylhet,train
Shylet/shlt492.wav,Sylhet,test
Shylet/shlt493.wav,Sylhet,train
Shylet/shlt494.wav,Sylhet,train
Shylet/shlt495.wav,Sylhet,train
Shylet/shlt496.wav,Sylhet,train
Shylet/shlt497.wav,Sylhet,train
Shylet/shlt498.wav,Sylhet,train
Shylet/shlt499.wav,Sylhet,train
Shylet/shlt5.wav,Sylhet,train
Shylet/shlt50.wav,Sylhet,train
Shylet/shlt500.wav,Sylhet,train
Shylet/shlt501.wav,Sylhet,train
Shylet/shlt502.wav,Sylhet,train
Shylet/shlt503.wav,Sylhet,val
Shylet/shlt504.wav,Sylhet,test
Shylet/shlt505.wav,Sylhet,train
Shylet/shlt506.wav,Sylhet,train
Shylet/shlt507.wav,Sylhet,train
Shylet/shlt508.wav,Sylhet,train
Shylet/shlt509.wav,Sylhet,train
Shylet/shlt51.wav,Sylhet,test
Shylet/shlt510.wav,Sylhet,train
Shylet/shlt511.wav,Sylhet,test
Shylet/shlt512.wav,Sylhet,test
Shylet/shlt513.wav,Sylhet,train
Shylet/shlt514.wav,Sylhet,train
Shylet/shlt515.wav,Sylhet,train
Shylet/shlt516.wav,Sylhet,test
Shylet/shlt517.wav,Sylhet,train
Shylet/shlt518.wav,Sylhet,train
Shylet/shlt519.wav,Sylhet,train
Shylet/shlt52.wav,Sylhet,train
Shylet/shlt520.wav,Sylhet,train
Shylet/shlt521.wav,Sylhet,train
Shylet/shlt522.wav,Sylhet,test
Shylet/shlt523.wav,Sylhet,test
Shylet/shlt524.wav,Sylhet,test
Shylet/shlt525.wav,Sylhet,train
Shylet/shlt526.wav,Sylhet,train
Shylet/shlt527.wav,Sylhet,test
Shylet/shlt528.wav,Sylhet,train
Shylet/shlt529.wav,Sylhet,train
Shylet/shlt53.wav,Sylhet,train
Shylet/shlt530.wav,Sylhet,test
Shylet/shlt531.wav,Sylhet,train
Shylet/shlt532.wav,Sylhet,train
Shylet/shlt533.wav,Sylhet,train
Shylet/shlt534.wav,Sylhet,val
Shylet/shlt535.wav,Sylhet,train
Shylet/shlt536.wav,Sylhet,test
Shylet/shlt537.wav,Sylhet,train
Shylet/shlt538.wav,Sylhet,train
Shylet/shlt539.wav,Sylhet,train
Shylet/shlt54.wav,Sylhet,train
Shylet/shlt540.wav,Sylhet,train
Shylet/shlt541.wav,Sylhet,train
Shylet/shlt542.wav,Sylhet,train
Shylet/shlt543.wav,Sylhet,train
Shylet/shlt544.wav,Sylhet,test
Shylet/shlt545.wav,Sylhet,train
Shylet/shlt546.wav,Sylhet,train
Shylet/shlt547.wav,Sylhet,train
Shylet/shlt548.wav,Sylhet,train
Shylet/shlt549.wav,Sylhet,train
Shylet/shlt55.wav,Sylhet,test
Shylet/shlt550.wav,Sylhet,test
Shylet/shlt551.wav,Sylhet,train
Shylet/shlt552.wav,Sylhet,train
Shylet/shlt553.wav,Sylhet,train
Shylet/shlt554.wav,Sylhet,train
Shylet/shlt555.wav,Sylhet,train
Shylet/shlt556.wav,Sylhet,train
Shylet/shlt557.wav,Sylhet,val
Shylet/shlt558.wav,Sylhet,test
Shylet/shlt559.wav,Sylhet,train
Shylet/shlt56.wav,Sylhet,train
Shylet/shlt560.wav,Sylhet,train
Shylet/shlt561.wav,Sylhet,train
Shylet/shlt562.wav,Sylhet,train
Shylet/shlt563.wav,Sylhet,train
Shylet/shlt564.wav,Sylhet,train
Shylet/shlt565.wav,Sylhet,train
Shylet/shlt566.wav,Sylhet,train
Shylet/shlt567.wav,Sylhet,train
Shylet/shlt568.wav,Sylhet,train
Shylet/shlt569.wav,Sylhet,train
Shylet/shlt57.wav,Sylhet,train
Shylet/shlt570.wav,Sylhet,val
Shylet/shlt571.wav,Sylhet,train
Shylet/shlt572.wav,Sylhet,test
Shylet/shlt573.wav,Sylhet,train
Shylet/shlt574.wav,Sylhet,train
Shylet/shlt575.wav,Sylhet,train
Shylet/shlt576.wav,Sylhet,val
Shylet/shlt577.wav,Sylhet,train
Shylet/shlt578.wav,Sylhet,train
Shylet/shlt579.wav,Sylhet,train
Shylet/shlt58.wav,Sylhet,train
Shylet/shlt580.wav,Sylhet,val
Shylet/shlt581.wav,Sylhet,train
Shylet/shlt582.wav,Sylhet,train
Shylet/shlt583.wav,Sylhet,train
Shylet/shlt584.wav,Sylhet,train
Shylet/shlt585.wav,Sylhet,train
Shylet/shlt586.wav,Sylhet,train
Shylet/shlt587.wav,Sylhet,train
Shylet/shlt588.wav,Sylhet,train
Shylet/shlt589.wav,Sylhet,train
Shylet/shlt59.wav,Sylhet,train
Shylet/shlt590.wav,Sylhet,train
Shylet/shlt591.wav,Sylhet,train
Shylet/shlt592.wav,Sylhet,train
Shylet/shlt593.wav,Sylhet,val
Shylet/shlt594.wav,Sylhet,test
Shylet/shlt595.wav,Sylhet,train
Shylet/shlt596.wav,Sylhet,train
Shylet/shlt597.wav,Sylhet,train
Shylet/shlt598.wav,Sylhet,train
Shylet/shlt599.wav,Sylhet,train
Shylet/shlt6.wav,Sylhet,train
Shylet/shlt60.wav,Sylhet,train
Shylet/shlt600.wav,Sylhet,val
Shylet/shlt601.wav,Sylhet,train
Shylet/shlt602.wav,Sylhet,train
Shylet/shlt603.wav,Sylhet,train
Shylet/shlt604.wav,Sylhet,train
Shylet/shlt605.wav,Sylhet,train
Shylet/shlt606.wav,Sylhet,train
Shylet/shlt607.wav,Sylhet,train
Shylet/shlt608.wav,Sylhet,test
Shylet/shlt609.wav,Sylhet,val
Shylet/shlt61.wav,Sylhet,train
Shylet/shlt610.wav,Sylhet,train
Shylet/shlt611.wav,Sylhet,train
Shylet/shlt612.wav,Sylhet,train
Shylet/shlt613.wav,Sylhet,train
Shylet/shlt614.wav,Sylhet,val
Shylet/shlt615.wav,Sylhet,test
Shylet/shlt616.wav,Sylhet,val
Shylet/shlt617.wav,Sylhet,test
Shylet/shlt618.wav,Sylhet,val
Shylet/shlt619.wav,Sylhet,train
Shylet/shlt62.wav,Sylhet,val
Shylet/shlt620.wav,Sylhet,train
Shylet/shlt621.wav,Sylhet,train
Shylet/shlt622.wav,Sylhet,train
Shylet/shlt623.wav,Sylhet,train
Shylet/shlt624.wav,Sylhet,train
Shylet/shlt625.wav,Sylhet,train
Shylet/shlt626.wav,Sylhet,train
Shylet/shlt627.wav,Sylhet,train
Shylet/shlt628.wav,Sylhet,train
Shylet/shlt629.wav,Sylhet,train
Shylet/shlt63.wav,Sylhet,train
Shylet/shlt630.wav,Sylhet,train
Shylet/shlt631.wav,Sylhet,train
Shylet/shlt632.wav,Sylhet,train
Shylet/shlt633.wav,Sylhet,train
Shylet/shlt634.wav,Sylhet,train
Shylet/shlt635.wav,Sylhet,val
Shylet/shlt636.wav,Sylhet,test
Shylet/shlt637.wav,Sylhet,train
Shylet/shlt638.wav,Sylhet,train
Shylet/shlt639.wav,Sylhet,train
Shylet/shlt64.wav,Sylhet,train
Shylet/shlt640.wav,Sylhet,train
Shylet/shlt641.wav,Sylhet,train
Shylet/shlt642.wav,Sylhet,train
Shylet/shlt643.wav,Sylhet,train
Shylet/shlt644.wav,Sylhet,train
Shylet/shlt645.wav,Sylhet,val
Shylet/shlt646.wav,Sylhet,train
Shylet/shlt647.wav,Sylhet,train
Shylet/shlt648.wav,Sylhet,train
Shylet/shlt649.wav,Sylhet,test
Shylet/shlt65.wav,Sylhet,test
Shylet/shlt650.wav,Sylhet,val
Shylet/shlt651.wav,Sylhet,train
Shylet/shlt652.wav,Sylhet,train
Shylet/shlt653.wav,Sylhet,train
Shylet/shlt654.wav,Sylhet,val
Shylet/shlt655.wav,Sylhet,train
Shylet/shlt656.wav,Sylhet,train
Shylet/shlt657.wav,Sylhet,train
Shylet/shlt658.wav,Sylhet,train
Shylet/shlt659.wav,Sylhet,train
Shylet/shlt66.wav,Sylhet,train
Shylet/shlt660.wav,Sylhet,train
Shylet/shlt661.wav,Sylhet,train
Shylet/shlt662.wav,Sylhet,train
Shylet/shlt663.wav,Sylhet,train
Shylet/shlt664.wav,Sylhet,train
Shylet/shlt665.wav,Sylhet,train
Shylet/shlt666.wav,Sylhet,test
Shylet/shlt667.wav,Sylhet,val
Shylet/shlt668.wav,Sylhet,train
Shylet/shlt669.wav,Sylhet,train
Shylet/shlt67.wav,Sylhet,train
Shylet/shlt670.wav,Sylhet,train
Shylet/shlt671.wav,Sylhet,test
Shylet/shlt672.wav,Sylhet,val
Shylet/shlt673.wav,Sylhet,train
Shylet/shlt674.wav,Sylhet,train
Shylet/shlt675.wav,Sylhet,train
Shylet/shlt676.wav,Sylhet,val
Shylet/shlt677.wav,Sylhet,train
Shylet/shlt678.wav,Sylhet,train
Shylet/shlt679.wav,Sylhet,test
Shylet/shlt68.wav,Sylhet,train
Shylet/shlt680.wav,Sylhet,train
Shylet/shlt681.wav,Sylhet,train
Shylet/shlt682.wav,Sylhet,train
Shylet/shlt683.wav,Sylhet,train
Shylet/shlt684.wav,Sylhet,train
Shylet/shlt685.wav,Sylhet,train
Shylet/shlt686.wav,Sylhet,train
Shylet/shlt687.wav,Sylhet,train
Shylet/shlt688.wav,Sylhet,train
Shylet/shlt689.wav,Sylhet,val
Shylet/shlt69.wav,Sylhet,train
Shylet/shlt690.wav,Sylhet,test
Shylet/shlt691.wav,Sylhet,train
Shylet/shlt692.wav,Sylhet,train
Shylet/shlt693.wav,Sylhet,train
Shylet/shlt694.wav,Sylhet,train
Shylet/shlt695.wav,Sylhet,train
Shylet/shlt696.wav,Sylhet,train
Shylet/shlt697.wav,Sylhet,val
Shylet/shlt698.wav,Sylhet,train
Shylet/shlt699.wav,Sylhet,val
Shylet/shlt7.wav,Sylhet,train
Shylet/shlt70.wav,Sylhet,test
Shylet/shlt700.wav,Sylhet,train
Shylet/shlt701.wav,Sylhet,val
Shylet/shlt702.wav,Sylhet,train
Shylet/shlt703.wav,Sylhet,train
Shylet/shlt704.wav,Sylhet,test
Shylet/shlt705.wav,Sylhet,train
Shylet/shlt706.wav,Sylhet,train
Shylet/shlt707.wav,Sylhet,train
Shylet/shlt708.wav,Sylhet,test
Shylet/shlt709.wav,Sylhet,val
Shylet/shlt71.wav,Sylhet,train
Shylet/shlt710.wav,Sylhet,train
Shylet/shlt711.wav,Sylhet,val
Shylet/shlt712.wav,Sylhet,train
Shylet/shlt713.wav,Sylhet,train
Shylet/shlt714.wav,Sylhet,train
Shylet/shlt715.wav,Sylhet,test
Shylet/shlt716.wav,Sylhet,train
Shylet/shlt717.wav,Sylhet,train
Shylet/shlt718.wav,Sylhet,test
Shylet/shlt719.wav,Sylhet,test
Shylet/shlt72.wav,Sylhet,train
Shylet/shlt720.wav,Sylhet,train
Shylet/shlt721.wav,Sylhet,train
Shylet/shlt722.wav,Sylhet,train
Shylet/shlt723.wav,Sylhet,train
Shylet/shlt724.wav,Sylhet,test
Shylet/shlt725.wav,Sylhet,val
Shylet/shlt726.wav,Sylhet,train
Shylet/shlt727.wav,Sylhet,train
Shylet/shlt728.wav,Sylhet,val
Shylet/shlt729.wav,Sylhet,train
Shylet/shlt73.wav,Sylhet,train
Shylet/shlt730.wav,Sylhet,train
Shylet/shlt731.wav,Sylhet,train
Shylet/shlt732.wav,Sylhet,val
Shylet/shlt733.wav,Sylhet,train
Shylet/shlt734.wav,Sylhet,train
Shylet/shlt735.wav,Sylhet,train
Shylet/shlt736.wav,Sylhet,val
Shylet/shlt737.wav,Sylhet,train
Shylet/shlt738.wav,Sylhet,train
Shylet/shlt739.wav,Sylhet,train
Shylet/shlt74.wav,Sylhet,val
Shylet/shlt740.wav,Sylhet,test
Shylet/shlt741.wav,Sylhet,train
Shylet/shlt742.wav,Sylhet,train
Shylet/shlt743.wav,Sylhet,train
Shylet/shlt744.wav,Sylhet,train
Shylet/shlt745.wav,Sylhet,train
Shylet/shlt746.wav,Sylhet,train
Shylet/shlt747.wav,Sylhet,train
Shylet/shlt748.wav,Sylhet,test
Shylet/shlt749.wav,Sylhet,train
Shylet/shlt75.wav,Sylhet,test
Shylet/shlt750.wav,Sylhet,val
Shylet/shlt751.wav,Sylhet,train
Shylet/shlt752.wav,Sylhet,train
Shylet/shlt753.wav,Sylhet,train
Shylet/shlt754.wav,Sylhet,train
Shylet/shlt755.wav,Sylhet,train
Shylet/shlt756.wav,Sylhet,train
Shylet/shlt757.wav,Sylhet,train
Shylet/shlt758.wav,Sylhet,test
Shylet/shlt759.wav,Sylhet,train
Shylet/shlt76.wav,Sylhet,test
Shylet/shlt760.wav,Sylhet,train
Shylet/shlt761.wav,Sylhet,train
Shylet/shlt762.wav,Sylhet,train
Shylet/shlt763.wav,Sylhet,train
Shylet/shlt764.wav,Sylhet,train
Shylet/shlt765.wav,Sylhet,test
Shylet/shlt766.wav,Sylhet,train
Shylet/shlt767.wav,Sylhet,train
Shylet/shlt768.wav,Sylhet,val
Shylet/shlt769.wav,Sylhet,train
Shylet/shlt77.wav,Sylhet,train
Shylet/shlt770.wav,Sylhet,train
Shylet/shlt771.wav,Sylhet,train
Shylet/shlt772.wav,Sylhet,train
Shylet/shlt773.wav,Sylhet,train
Shylet/shlt774.wav,Sylhet,train
Shylet/shlt775.wav,Sylhet,train
Shylet/shlt776.wav,Sylhet,train
Shylet/shlt777.wav,Sylhet,train
Shylet/shlt778.wav,Sylhet,test
Shylet/shlt779.wav,Sylhet,train
Shylet/shlt78.wav,Sylhet,train
Shylet/shlt780.wav,Sylhet,train
Shylet/shlt781.wav,Sylhet,val
Shylet/shlt782.wav,Sylhet,train
Shylet/shlt783.wav,Sylhet,train
Shylet/shlt784.wav,Sylhet,test
Shylet/shlt785.wav,Sylhet,train
Shylet/shlt786.wav,Sylhet,train
Shylet/shlt787.wav,Sylhet,train
Shylet/shlt788.wav,Sylhet,train
Shylet/shlt789.wav,Sylhet,train
Shylet/shlt79.wav,Sylhet,train
Shylet/shlt790.wav,Sylhet,train
Shylet/shlt791.wav,Sylhet,test
Shylet/shlt792.wav,Sylhet,train
Shylet/shlt793.wav,Sylhet,train
Shylet/shlt794.wav,Sylhet,train
Shylet/shlt795.wav,Sylhet,test
Shylet/shlt796.wav,Sylhet,test
Shylet/shlt797.wav,Sylhet,train
Shylet/shlt798.wav,Sylhet,train
Shylet/shlt799.wav,Sylhet,train
Shylet/shlt8.wav,Sylhet,train
Shylet/shlt80.wav,Sylhet,train
Shylet/shlt800.wav,Sylhet,train
Shylet/shlt801.wav,Sylhet,train
Shylet/shlt802.wav,Sylhet,train
Shylet/shlt803.wav,Sylhet,train
Shylet/shlt804.wav,Sylhet,train
Shylet/shlt805.wav,Sylhet,train
Shylet/shlt806.wav,Sylhet,test
Shylet/shlt807.wav,Sylhet,train
Shylet/shlt808.wav,Sylhet,train
Shylet/shlt809.wav,Sylhet,test
Shylet/shlt81.wav,Sylhet,train
Shylet/shlt810.wav,Sylhet,train
Shylet/shlt811.wav,Sylhet,train
Shylet/shlt812.wav,Sylhet,train
Shylet/shlt813.wav,Sylhet,train
Shylet/shlt814.wav,Sylhet,train
Shylet/shlt815.wav,Sylhet,test
Shylet/shlt816.wav,Sylhet,train
Shylet/shlt817.wav,Sylhet,val
Shylet/shlt818.wav,Sylhet,test
Shylet/shlt819.wav,Sylhet,train
Shylet/shlt82.wav,Sylhet,train
Shylet/shlt820.wav,Sylhet,train
Shylet/shlt821.wav,Sylhet,train
Shylet/shlt822.wav,Sylhet,train
Shylet/shlt823.wav,Sylhet,test
Shylet/shlt824.wav,Sylhet,train
Shylet/shlt825.wav,Sylhet,train
Shylet/shlt826.wav,Sylhet,train
Shylet/shlt827.wav,Sylhet,train
Shylet/shlt828.wav,Sylhet,train
Shylet/shlt829.wav,Sylhet,train
Shylet/shlt83.wav,Sylhet,train
Shylet/shlt830.wav,Sylhet,train
Shylet/shlt831.wav,Sylhet,train
Shylet/shlt832.wav,Sylhet,val
Shylet/shlt833.wav,Sylhet,train
Shylet/shlt834.wav,Sylhet,train
Shylet/shlt835.wav,Sylhet,val
Shylet/shlt836.wav,Sylhet,train
Shylet/shlt837.wav,Sylhet,train
Shylet/shlt838.wav,Sylhet,val
Shylet/shlt839.wav,Sylhet,train
Shylet/shlt84.wav,Sylhet,train
Shylet/shlt840.wav,Sylhet,train
Shylet/shlt841.wav,Sylhet,test
Shylet/shlt842.wav,Sylhet,train
Shylet/shlt843.wav,Sylhet,train
Shylet/shlt844.wav,Sylhet,train
Shylet/shlt845.wav,Sylhet,val
Shylet/shlt846.wav,Sylhet,train
Shylet/shlt847.wav,Sylhet,train
Shylet/shlt848.wav,Sylhet,train
Shylet/shlt849.wav,Sylhet,train
Shylet/shlt85.wav,Sylhet,train
Shylet/shlt850.wav,Sylhet,train
Shylet/shlt851.wav,Sylhet,train
Shylet/shlt852.wav,Sylhet,train
Shylet/shlt853.wav,Sylhet,train
Shylet/shlt854.wav,Sylhet,train
Shylet/shlt855.wav,Sylhet,train
Shylet/shlt856.wav,Sylhet,test
Shylet/shlt857.wav,Sylhet,train
Shylet/shlt858.wav,Sylhet,val
Shylet/shlt859.wav,Sylhet,train
Shylet/shlt86.wav,Sylhet,train
Shylet/shlt860.wav,Sylhet,train
Shylet/shlt861.wav,Sylhet,test
Shylet/shlt862.wav,Sylhet,train
Shylet/shlt863.wav,Sylhet,train
Shylet/shlt864.wav,Sylhet,test
Shylet/shlt865.wav,Sylhet,test
Shylet/shlt866.wav,Sylhet,train
Shylet/shlt867.wav,Sylhet,train
Shylet/shlt868.wav,Sylhet,train
Shylet/shlt869.wav,Sylhet,train
Shylet/shlt87.wav,Sylhet,test
Shylet/shlt870.wav,Sylhet,train
Shylet/shlt871.wav,Sylhet,test
Shylet/shlt872.wav,Sylhet,test
Shylet/shlt873.wav,Sylhet,train
Shylet/shlt874.wav,Sylhet,test
Shylet/shlt875.wav,Sylhet,train
Shylet/shlt876.wav,Sylhet,train
Shylet/shlt877.wav,Sylhet,train
Shylet/shlt878.wav,Sylhet,train
Shylet/shlt879.wav,Sylhet,train
Shylet/shlt88.wav,Sylhet,train
Shylet/shlt880.wav,Sylhet,train
Shylet/shlt881.wav,Sylhet,train
Shylet/shlt882.wav,Sylhet,train
Shylet/shlt883.wav,Sylhet,train
Shylet/shlt884.wav,Sylhet,test
Shylet/shlt885.wav,Sylhet,train
Shylet/shlt886.wav,Sylhet,train
Shylet/shlt887.wav,Sylhet,train
Shylet/shlt888.wav,Sylhet,train
Shylet/shlt889.wav,Sylhet,train
Shylet/shlt89.wav,Sylhet,train
Shylet/shlt890.wav,Sylhet,train
Shylet/shlt891.wav,Sylhet,train
Shylet/shlt892.wav,Sylhet,train
Shylet/shlt893.wav,Sylhet,train
Shylet/shlt894.wav,Sylhet,train
Shylet/shlt895.wav,Sylhet,train
Shylet/shlt896.wav,Sylhet,test
Shylet/shlt897.wav,Sylhet,train
Shylet/shlt898.wav,Sylhet,test
Shylet/shlt899.wav,Sylhet,val
Shylet/shlt9.wav,Sylhet,train
Shylet/shlt90.wav,Sylhet,val
Shylet/shlt900.wav,Sylhet,train
Shylet/shlt901.wav,Sylhet,train
Shylet/shlt902.wav,Sylhet,val
Shylet/shlt903.wav,Sylhet,test
Shylet/shlt904.wav,Sylhet,val
Shylet/shlt905.wav,Sylhet,train
Shylet/shlt906.wav,Sylhet,train
Shylet/shlt907.wav,Sylhet,train
Shylet/shlt908.wav,Sylhet,train
Shylet/shlt909.wav,Sylhet,train
Shylet/shlt91.wav,Sylhet,train
Shylet/shlt910.wav,Sylhet,test
Shylet/shlt911.wav,Sylhet,val
Shylet/shlt912.wav,Sylhet,train
Shylet/shlt913.wav,Sylhet,train
Shylet/shlt914.wav,Sylhet,val
Shylet/shlt915.wav,Sylhet,train
Shylet/shlt916.wav,Sylhet,test
Shylet/shlt917.wav,Sylhet,train
Shylet/shlt918.wav,Sylhet,train
Shylet/shlt919.wav,Sylhet,train
Shylet/shlt92.wav,Sylhet,train
Shylet/shlt920.wav,Sylhet,train
Shylet/shlt921.wav,Sylhet,train
Shylet/shlt922.wav,Sylhet,train
Shylet/shlt923.wav,Sylhet,train
Shylet/shlt924.wav,Sylhet,test
Shylet/shlt925.wav,Sylhet,train
Shylet/shlt926.wav,Sylhet,train
Shylet/shlt927.wav,Sylhet,test
Shylet/shlt928.wav,Sylhet,train
Shylet/shlt929.wav,Sylhet,train
Shylet/shlt93.wav,Sylhet,train
Shylet/shlt930.wav,Sylhet,train
Shylet/shlt931.wav,Sylhet,train
Shylet/shlt932.wav,Sylhet,test
Shylet/shlt933.wav,Sylhet,train
Shylet/shlt934.wav,Sylhet,test
Shylet/shlt935.wav,Sylhet,test
Shylet/shlt936.wav,Sylhet,train
Shylet/shlt937.wav,Sylhet,train
Shylet/shlt938.wav,Sylhet,test
Shylet/shlt939.wav,Sylhet,train
Shylet/shlt94.wav,Sylhet,val
Shylet/shlt940.wav,Sylhet,train
Shylet/shlt941.wav,Sylhet,train
Shylet/shlt942.wav,Sylhet,train
Shylet/shlt943.wav,Sylhet,train
Shylet/shlt944.wav,Sylhet,train
Shylet/shlt945.wav,Sylhet,train
Shylet/shlt946.wav,Sylhet,train
Shylet/shlt947.wav,Sylhet,val
Shylet/shlt948.wav,Sylhet,test
Shylet/shlt949.wav,Sylhet,train
Shylet/shlt95.wav,Sylhet,train
Shylet/shlt950.wav,Sylhet,val
Shylet/shlt951.wav,Sylhet,train
Shylet/shlt952.wav,Sylhet,test
Shylet/shlt953.wav,Sylhet,train
Shylet/shlt954.wav,Sylhet,train
Shylet/shlt955.wav,Sylhet,train
Shylet/shlt956.wav,Sylhet,train
Shylet/shlt957.wav,Sylhet,train
Shylet/shlt958.wav,Sylhet,train
Shylet/shlt96.wav,Sylhet,val
Shylet/shlt97.wav,Sylhet,train
Shylet/shlt98.wav,Sylhet,train
Shylet/shlt99.wav,Sylhet,train
Rajshahi/raj1.wav,Rajshahi,test
Rajshahi/raj10.wav,Rajshahi,train
Rajshahi/raj100.wav,Rajshahi,train
Rajshahi/raj101.wav,Rajshahi,test
Rajshahi/raj102.wav,Rajshahi,train
Rajshahi/raj103.wav,Rajshahi,train
Rajshahi/raj104.wav,Rajshahi,train
Rajshahi/raj105.wav,Rajshahi,val
Rajshahi/raj106.wav,Rajshahi,test
Rajshahi/raj107.wav,Rajshahi,train
Rajshahi/raj108.wav,Rajshahi,train
Rajshahi/raj109.wav,Rajshahi,train
Rajshahi/raj11.wav,Rajshahi,train
Rajshahi/raj110.wav,Rajshahi,train
Rajshahi/raj111.wav,Rajshahi,train
Rajshahi/raj112.wav,Rajshahi,train
Rajshahi/raj113.wav,Rajshahi,train
Rajshahi/raj114.wav,Rajshahi,train
Rajshahi/raj115.wav,Rajshahi,val
Rajshahi/raj116.wav,Rajshahi,train
Rajshahi/raj117.wav,Rajshahi,train
Rajshahi/raj118.wav,Rajshahi,train
Rajshahi/raj119.wav,Rajshahi,train
Rajshahi/raj12.wav,Rajshahi,train
Rajshahi/raj120.wav,Rajshahi,train
Rajshahi/raj121.wav,Rajshahi,test
Rajshahi/raj122.wav,Rajshahi,train
Rajshahi/raj123.wav,Rajshahi,test
Rajshahi/raj124.wav,Rajshahi,train
Rajshahi/raj125.wav,Rajshahi,train
Rajshahi/raj126.wav,Rajshahi,train
Rajshahi/raj127.wav,Rajshahi,test
Rajshahi/raj128.wav,Rajshahi,train
Rajshahi/raj129.wav,Rajshahi,train
Rajshahi/raj13.wav,Rajshahi,test
Rajshahi/raj130.wav,Rajshahi,test
Rajshahi/raj131.wav,Rajshahi,train
Rajshahi/raj132.wav,Rajshahi,train
Rajshahi/raj133.wav,Rajshahi,test
Rajshahi/raj134.wav,Rajshahi,val
Rajshahi/raj135.wav,Rajshahi,train
Rajshahi/raj136.wav,Rajshahi,train
Rajshahi/raj137.wav,Rajshahi,train
Rajshahi/raj138.wav,Rajshahi,train
Rajshahi/raj139.wav,Rajshahi,train
Rajshahi/raj14.wav,Rajshahi,val
Rajshahi/raj140.wav,Rajshahi,train
Rajshahi/raj141.wav,Rajshahi,train
Rajshahi/raj142.wav,Rajshahi,train
Rajshahi/raj143.wav,Rajshahi,train
Rajshahi/raj144.wav,Rajshahi,train
Rajshahi/raj145.wav,Rajshahi,train
Rajshahi/raj146.wav,Rajshahi,train
Rajshahi/raj147.wav,Rajshahi,train
Rajshahi/raj148.wav,Rajshahi,train
Rajshahi/raj149.wav,Rajshahi,test
Rajshahi/raj15.wav,Rajshahi,train
Rajshahi/raj150.wav,Rajshahi,train
Rajshahi/raj151.wav,Rajshahi,train
Rajshahi/raj152.wav,Rajshahi,train
Rajshahi/raj153.wav,Rajshahi,train
Rajshahi/raj154.wav,Rajshahi,train
Rajshahi/raj155.wav,Rajshahi,train
Rajshahi/raj156.wav,Rajshahi,train
Rajshahi/raj157.wav,Rajshahi,test
Rajshahi/raj158.wav,Rajshahi,val
Rajshahi/raj159.wav,Rajshahi,val
Rajshahi/raj16.wav,Rajshahi,train
Rajshahi/raj160.wav,Rajshahi,train
Rajshahi/raj161.wav,Rajshahi,train
Rajshahi/raj162.wav,Rajshahi,train
Rajshahi/raj163.wav,Rajshahi,train
Rajshahi/raj164.wav,Rajshahi,train
Rajshahi/raj165.wav,Rajshahi,test
Rajshahi/raj166.wav,Rajshahi,train
Rajshahi/raj167.wav,Rajshahi,train
Rajshahi/raj168.wav,Rajshahi,train
Rajshahi/raj169.wav,Rajshahi,train
Rajshahi/raj17.wav,Rajshahi,train
Rajshahi/raj170.wav,Rajshahi,train
Rajshahi/raj171.wav,Rajshahi,train
Rajshahi/raj172.wav,Rajshahi,train
Rajshahi/raj173.wav,Rajshahi,train
Rajshahi/raj174.wav,Rajshahi,train
Rajshahi/raj175.wav,Rajshahi,train
Rajshahi/raj176.wav,Rajshahi,val
Rajshahi/raj177.wav,Rajshahi,train
Rajshahi/raj178.wav,Rajshahi,train
Rajshahi/raj179.wav,Rajshahi,train
Rajshahi/raj18.wav,Rajshahi,train
Rajshahi/raj180.wav,Rajshahi,train
Rajshahi/raj181.wav,Rajshahi,train
Rajshahi/raj182.wav,Rajshahi,train
Rajshahi/raj183.wav,Rajshahi,train
Rajshahi/raj184.wav,Rajshahi,train
Rajshahi/raj185.wav,Rajshahi,train
Rajshahi/raj186.wav,Rajshahi,train
Rajshahi/raj187.wav,Rajshahi,train
Rajshahi/raj188.wav,Rajshahi,train
Rajshahi/raj189.wav,Rajshahi,train
Rajshahi/raj19.wav,Rajshahi,train
Rajshahi/raj190.wav,Rajshahi,test
Rajshahi/raj191.wav,Rajshahi,train
Rajshahi/raj192.wav,Rajshahi,train
Rajshahi/raj193.wav,Rajshahi,train
Rajshahi/raj194.wav,Rajshahi,val
Rajshahi/raj195.wav,Rajshahi,train
Rajshahi/raj196.wav,Rajshahi,train
Rajshahi/raj197.wav,Rajshahi,train
Rajshahi/raj198.wav,Rajshahi,train
Rajshahi/raj199.wav,Rajshahi,test
Rajshahi/raj2.wav,Rajshahi,train
Rajshahi/raj20.wav,Rajshahi,train
Rajshahi/raj200.wav,Rajshahi,train
Rajshahi/raj201.wav,Rajshahi,train
Rajshahi/raj202.wav,Rajshahi,test
Rajshahi/raj203.wav,Rajshahi,train
Rajshahi/raj204.wav,Rajshahi,train
Rajshahi/raj205.wav,Rajshahi,test
Rajshahi/raj206.wav,Rajshahi,train
Rajshahi/raj207.wav,Rajshahi,val
Rajshahi/raj208.wav,Rajshahi,val
Rajshahi/raj209.wav,Rajshahi,train
Rajshahi/raj21.wav,Rajshahi,train
Rajshahi/raj210.wav,Rajshahi,val
Rajshahi/raj211.wav,Rajshahi,train
Rajshahi/raj212.wav,Rajshahi,train
Rajshahi/raj213.wav,Rajshahi,train
Rajshahi/raj214.wav,Rajshahi,test
Rajshahi/raj215.wav,Rajshahi,test
Rajshahi/raj216.wav,Rajshahi,val
Rajshahi/raj217.wav,Rajshahi,train
Rajshahi/raj218.wav,Rajshahi,train
Rajshahi/raj219.wav,Rajshahi,train
Rajshahi/raj22.wav,Rajshahi,train
Rajshahi/raj220.wav,Rajshahi,train
Rajshahi/raj221.wav,Rajshahi,train
Rajshahi/raj222.wav,Rajshahi,train
Rajshahi/raj223.wav,Rajshahi,train
Rajshahi/raj224.wav,Rajshahi,train
Rajshahi/raj225.wav,Rajshahi,val
Rajshahi/raj226.wav,Rajshahi,train
Rajshahi/raj227.wav,Rajshahi,val
Rajshahi/raj228.wav,Rajshahi,train
Rajshahi/raj229.wav,Rajshahi,train
Rajshahi/raj23.wav,Rajshahi,train
Rajshahi/raj230.wav,Rajshahi,train
Rajshahi/raj231.wav,Rajshahi,train
Rajshahi/raj232.wav,Rajshahi,train
Rajshahi/raj233.wav,Rajshahi,train
Rajshahi/raj234.wav,Rajshahi,train
Rajshahi/raj235.wav,Rajshahi,train
Rajshahi/raj236.wav,Rajshahi,val
Rajshahi/raj237.wav,Rajshahi,val
Rajshahi/raj238.wav,Rajshahi,train
Rajshahi/raj239.wav,Rajshahi,train
Rajshahi/raj24.wav,Rajshahi,test
Rajshahi/raj240.wav,Rajshahi,train
Rajshahi/raj241.wav,Rajshahi,test
Rajshahi/raj242.wav,Rajshahi,train
Rajshahi/raj243.wav,Rajshahi,train
Rajshahi/raj244.wav,Rajshahi,train
Rajshahi/raj245.wav,Rajshahi,test
Rajshahi/raj246.wav,Rajshahi,train
Rajshahi/raj247.wav,Rajshahi,test
Rajshahi/raj248.wav,Rajshahi,train
Rajshahi/raj249.wav,Rajshahi,train
Rajshahi/raj25.wav,Rajshahi,train
Rajshahi/raj250.wav,Rajshahi,train
Rajshahi/raj251.wav,Rajshahi,train
Rajshahi/raj252.wav,Rajshahi,train
Rajshahi/raj253.wav,Rajshahi,val
Rajshahi/raj254.wav,Rajshahi,train
Rajshahi/raj255.wav,Rajshahi,train
Rajshahi/raj256.wav,Rajshahi,test
Rajshahi/raj257.wav,Rajshahi,test
Rajshahi/raj258.wav,Rajshahi,val
Rajshahi/raj259.wav,Rajshahi,val
Rajshahi/raj26.wav,Rajshahi,train
Rajshahi/raj260.wav,Rajshahi,train
Rajshahi/raj261.wav,Rajshahi,train
Rajshahi/raj262.wav,Rajshahi,test
Rajshahi/raj263.wav,Rajshahi,train
Rajshahi/raj264.wav,Rajshahi,train
Rajshahi/raj265.wav,Rajshahi,train
Rajshahi/raj266.wav,Rajshahi,test
Rajshahi/raj267.wav,Rajshahi,train
Rajshahi/raj268.wav,Rajshahi,train
Rajshahi/raj269.wav,Rajshahi,val
Rajshahi/raj27.wav,Rajshahi,train
Rajshahi/raj270.wav,Rajshahi,test
Rajshahi/raj271.wav,Rajshahi,train
Rajshahi/raj272.wav,Rajshahi,train
Rajshahi/raj273.wav,Rajshahi,train
Rajshahi/raj274.wav,Rajshahi,train
Rajshahi/raj275.wav,Rajshahi,val
Rajshahi/raj276.wav,Rajshahi,test
Rajshahi/raj277.wav,Rajshahi,train
Rajshahi/raj278.wav,Rajshahi,train
Rajshahi/raj279.wav,Rajshahi,train
Rajshahi/raj28.wav,Rajshahi,train
Rajshahi/raj280.wav,Rajshahi,train
Rajshahi/raj281.wav,Rajshahi,test
Rajshahi/raj282.wav,Rajshahi,train
Rajshahi/raj283.wav,Rajshahi,val
Rajshahi/raj284.wav,Rajshahi,train
Rajshahi/raj285.wav,Rajshahi,val
Rajshahi/raj286.wav,Rajshahi,test
Rajshahi/raj287.wav,Rajshahi,train
Rajshahi/raj288.wav,Rajshahi,train
Rajshahi/raj289.wav,Rajshahi,train
Rajshahi/raj29.wav,Rajshahi,train
Rajshahi/raj290.wav,Rajshahi,train
Rajshahi/raj291.wav,Rajshahi,train
Rajshahi/raj292.wav,Rajshahi,train
Rajshahi/raj293.wav,Rajshahi,train
Rajshahi/raj294.wav,Rajshahi,train
Rajshahi/raj295.wav,Rajshahi,train
Rajshahi/raj296.wav,Rajshahi,train
Rajshahi/raj297.wav,Rajshahi,val
Rajshahi/raj298.wav,Rajshahi,train
Rajshahi/raj299.wav,Rajshahi,train
Rajshahi/raj3.wav,Rajshahi,train
Rajshahi/raj30.wav,Rajshahi,train
Rajshahi/raj300.wav,Rajshahi,train
Rajshahi/raj301.wav,Rajshahi,train
Rajshahi/raj302.wav,Rajshahi,train
Rajshahi/raj303.wav,Rajshahi,train
Rajshahi/raj304.wav,Rajshahi,train
Rajshahi/raj305.wav,Rajshahi,val
Rajshahi/raj306.wav,Rajshahi,train
Rajshahi/raj307.wav,Rajshahi,train
Rajshahi/raj308.wav,Rajshahi,train
Rajshahi/raj309.wav,Rajshahi,train
Rajshahi/raj31.wav,Rajshahi,train
Rajshahi/raj310.wav,Rajshahi,train
Rajshahi/raj311.wav,Rajshahi,train
Rajshahi/raj312.wav,Rajshahi,train
Rajshahi/raj313.wav,Rajshahi,train
Rajshahi/raj314.wav,Rajshahi,train
Rajshahi/raj315.wav,Rajshahi,train
Rajshahi/raj316.wav,Rajshahi,test
Rajshahi/raj317.wav,Rajshahi,test
Rajshahi/raj318.wav,Rajshahi,train
Rajshahi/raj319.wav,Rajshahi,train
Rajshahi/raj32.wav,Rajshahi,train
Rajshahi/raj320.wav,Rajshahi,train
Rajshahi/raj321.wav,Rajshahi,test
Rajshahi/raj322.wav,Rajshahi,test
Rajshahi/raj323.wav,Rajshahi,train
Rajshahi/raj324.wav,Rajshahi,train
Rajshahi/raj325.wav,Rajshahi,train
Rajshahi/raj326.wav,Rajshahi,train
Rajshahi/raj327.wav,Rajshahi,train
Rajshahi/raj328.wav,Rajshahi,train
Rajshahi/raj329.wav,Rajshahi,train
Rajshahi/raj33.wav,Rajshahi,train
Rajshahi/raj330.wav,Rajshahi,val
Rajshahi/raj331.wav,Rajshahi,train
Rajshahi/raj332.wav,Rajshahi,train
Rajshahi/raj333.wav,Rajshahi,train
Rajshahi/raj334.wav,Rajshahi,train
Rajshahi/raj335.wav,Rajshahi,train
Rajshahi/raj336.wav,Rajshahi,train
Rajshahi/raj337.wav,Rajshahi,train
Rajshahi/raj338.wav,Rajshahi,train
Rajshahi/raj339.wav,Rajshahi,test
Rajshahi/raj34.wav,Rajshahi,test
Rajshahi/raj340.wav,Rajshahi,train
Rajshahi/raj341.wav,Rajshahi,train
Rajshahi/raj342.wav,Rajshahi,val
Rajshahi/raj343.wav,Rajshahi,train
Rajshahi/raj344.wav,Rajshahi,train
Rajshahi/raj345.wav,Rajshahi,train
Rajshahi/raj346.wav,Rajshahi,test
Rajshahi/raj347.wav,Rajshahi,train
Rajshahi/raj348.wav,Rajshahi,train
Rajshahi/raj349.wav,Rajshahi,train
Rajshahi/raj35.wav,Rajshahi,train
Rajshahi/raj350.wav,Rajshahi,train
Rajshahi/raj351.wav,Rajshahi,train
Rajshahi/raj352.wav,Rajshahi,test
Rajshahi/raj353.wav,Rajshahi,train
Rajshahi/raj354.wav,Rajshahi,train
Rajshahi/raj355.wav,Rajshahi,train
Rajshahi/raj356.wav,Rajshahi,train
Rajshahi/raj357.wav,Rajshahi,val
Rajshahi/raj358.wav,Rajshahi,train
Rajshahi/raj359.wav,Rajshahi,train
Rajshahi/raj36.wav,Rajshahi,train
Rajshahi/raj360.wav,Rajshahi,train
Rajshahi/raj361.wav,Rajshahi,train
Rajshahi/raj362.wav,Rajshahi,train
Rajshahi/raj363.wav,Rajshahi,train
Rajshahi/raj364.wav,Rajshahi,train
Rajshahi/raj365.wav,Rajshahi,train
Rajshahi/raj366.wav,Rajshahi,train
Rajshahi/raj367.wav,Rajshahi,val
Rajshahi/raj368.wav,Rajshahi,train
Rajshahi/raj369.wav,Rajshahi,train
Rajshahi/raj37.wav,Rajshahi,train
Rajshahi/raj370.wav,Rajshahi,train
Rajshahi/raj371.wav,Rajshahi,train
Rajshahi/raj372.wav,Rajshahi,train
Rajshahi/raj373.wav,Rajshahi,val
Rajshahi/raj374.wav,Rajshahi,train
Rajshahi/raj375.wav,Rajshahi,train
Rajshahi/raj376.wav,Rajshahi,train
Rajshahi/raj377.wav,Rajshahi,train
Rajshahi/raj378.wav,Rajshahi,train
Rajshahi/raj379.wav,Rajshahi,train
Rajshahi/raj38.wav,Rajshahi,train
Rajshahi/raj380.wav,Rajshahi,train
Rajshahi/raj381.wav,Rajshahi,train
Rajshahi/raj382.wav,Rajshahi,train
Rajshahi/raj383.wav,Rajshahi,train
Rajshahi/raj384.wav,Rajshahi,test
Rajshahi/raj385.wav,Rajshahi,train
Rajshahi/raj386.wav,Rajshahi,train
Rajshahi/raj387.wav,Rajshahi,val
Rajshahi/raj388.wav,Rajshahi,test
Rajshahi/raj389.wav,Rajshahi,test
Rajshahi/raj39.wav,Rajshahi,train
Rajshahi/raj390.wav,Rajshahi,train
Rajshahi/raj391.wav,Rajshahi,train
Rajshahi/raj392.wav,Rajshahi,train
Rajshahi/raj393.wav,Rajshahi,train
Rajshahi/raj394.wav,Rajshahi,val
Rajshahi/raj395.wav,Rajshahi,val
Rajshahi/raj396.wav,Rajshahi,train
Rajshahi/raj397.wav,Rajshahi,test
Rajshahi/raj398.wav,Rajshahi,train
Rajshahi/raj399.wav,Rajshahi,train
Rajshahi/raj4.wav,Rajshahi,train
Rajshahi/raj40.wav,Rajshahi,train
Rajshahi/raj400.wav,Rajshahi,train
Rajshahi/raj401.wav,Rajshahi,train
Rajshahi/raj402.wav,Rajshahi,train
Rajshahi/raj403.wav,Rajshahi,train
Rajshahi/raj404.wav,Rajshahi,train
Rajshahi/raj405.wav,Rajshahi,test
Rajshahi/raj406.wav,Rajshahi,train
Rajshahi/raj407.wav,Rajshahi,train
Rajshahi/raj408.wav,Rajshahi,train
Rajshahi/raj409.wav,Rajshahi,val
Rajshahi/raj41.wav,Rajshahi,test
Rajshahi/raj410.wav,Rajshahi,train
Rajshahi/raj411.wav,Rajshahi,train
Rajshahi/raj412.wav,Rajshahi,train
Rajshahi/raj413.wav,Rajshahi,train
Rajshahi/raj414.wav,Rajshahi,train
Rajshahi/raj415.wav,Rajshahi,train
Rajshahi/raj416.wav,Rajshahi,test
Rajshahi/raj417.wav,Rajshahi,val
Rajshahi/raj418.wav,Rajshahi,train
Rajshahi/raj419.wav,Rajshahi,train
Rajshahi/raj42.wav,Rajshahi,train
Rajshahi/raj420.wav,Rajshahi,train
Rajshahi/raj421.wav,Rajshahi,test
Rajshahi/raj422.wav,Rajshahi,test
Rajshahi/raj423.wav,Rajshahi,test
Rajshahi/raj424.wav,Rajshahi,train
Rajshahi/raj425.wav,Rajshahi,train
Rajshahi/raj426.wav,Rajshahi,train
Rajshahi/raj427.wav,Rajshahi,train
Rajshahi/raj428.wav,Rajshahi,train
Rajshahi/raj429.wav,Rajshahi,train
Rajshahi/raj43.wav,Rajshahi,train
Rajshahi/raj430.wav,Rajshahi,train
Rajshahi/raj431.wav,Rajshahi,train
Rajshahi/raj432.wav,Rajshahi,train
Rajshahi/raj433.wav,Rajshahi,train
Rajshahi/raj434.wav,Rajshahi,train
Rajshahi/raj435.wav,Rajshahi,train
Rajshahi/raj436.wav,Rajshahi,val
Rajshahi/raj437.wav,Rajshahi,train
Rajshahi/raj438.wav,Rajshahi,train
Rajshahi/raj439.wav,Rajshahi,train
Rajshahi/raj44.wav,Rajshahi,train
Rajshahi/raj440.wav,Rajshahi,test
Rajshahi/raj441.wav,Rajshahi,train
Rajshahi/raj442.wav,Rajshahi,val
Rajshahi/raj443.wav,Rajshahi,train
Rajshahi/raj444.wav,Rajshahi,test
Rajshahi/raj445.wav,Rajshahi,train
Rajshahi/raj446.wav,Rajshahi,test
Rajshahi/raj447.wav,Rajshahi,train
Rajshahi/raj448.wav,Rajshahi,val
Rajshahi/raj449.wav,Rajshahi,test
Rajshahi/raj45.wav,Rajshahi,train
Rajshahi/raj450.wav,Rajshahi,train
Rajshahi/raj451.wav,Rajshahi,train
Rajshahi/raj452.wav,Rajshahi,train
Rajshahi/raj453.wav,Rajshahi,train
Rajshahi/raj454.wav,Rajshahi,train
Rajshahi/raj455.wav,Rajshahi,train
Rajshahi/raj456.wav,Rajshahi,train
Rajshahi/raj457.wav,Rajshahi,train
Rajshahi/raj458.wav,Rajshahi,train
Rajshahi/raj459.wav,Rajshahi,train
Rajshahi/raj46.wav,Rajshahi,val
Rajshahi/raj460.wav,Rajshahi,test
Rajshahi/raj461.wav,Rajshahi,train
Rajshahi/raj462.wav,Rajshahi,train
Rajshahi/raj463.wav,Rajshahi,train
Rajshahi/raj464.wav,Rajshahi,train
Rajshahi/raj465.wav,Rajshahi,val
Rajshahi/raj466.wav,Rajshahi,val
Rajshahi/raj467.wav,Rajshahi,test
Rajshahi/raj468.wav,Rajshahi,val
Rajshahi/raj469.wav,Rajshahi,train
Rajshahi/raj47.wav,Rajshahi,train
Rajshahi/raj470.wav,Rajshahi,train
Rajshahi/raj471.wav,Rajshahi,train
Rajshahi/raj472.wav,Rajshahi,train
Rajshahi/raj473.wav,Rajshahi,train
Rajshahi/raj474.wav,Rajshahi,train
Rajshahi/raj475.wav,Rajshahi,val
Rajshahi/raj476.wav,Rajshahi,val
Rajshahi/raj477.wav,Rajshahi,test
Rajshahi/raj478.wav,Rajshahi,train
Rajshahi/raj479.wav,Rajshahi,train
Rajshahi/raj48.wav,Rajshahi,train
Rajshahi/raj480.wav,Rajshahi,val
Rajshahi/raj481.wav,Rajshahi,train
Rajshahi/raj482.wav,Rajshahi,train
Rajshahi/raj483.wav,Rajshahi,train
Rajshahi/raj484.wav,Rajshahi,train
Rajshahi/raj485.wav,Rajshahi,train
Rajshahi/raj486.wav,Rajshahi,train
Rajshahi/raj487.wav,Rajshahi,test
Rajshahi/raj488.wav,Rajshahi,train
Rajshahi/raj489.wav,Rajshahi,train
Rajshahi/raj49.wav,Rajshahi,train
Rajshahi/raj490.wav,Rajshahi,test
Rajshahi/raj491.wav,Rajshahi,train
Rajshahi/raj492.wav,Rajshahi,test
Rajshahi/raj493.wav,Rajshahi,train
Rajshahi/raj494.wav,Rajshahi,train
Rajshahi/raj495.wav,Rajshahi,train
Rajshahi/raj496.wav,Rajshahi,train
Rajshahi/raj497.wav,Rajshahi,train
Rajshahi/raj498.wav,Rajshahi,val
Rajshahi/raj499.wav,Rajshahi,train
Rajshahi/raj5.wav,Rajshahi,test
Rajshahi/raj50.wav,Rajshahi,train
Rajshahi/raj500.wav,Rajshahi,val
Rajshahi/raj501.wav,Rajshahi,train
Rajshahi/raj502.wav,Rajshahi,train
Rajshahi/raj503.wav,Rajshahi,test
Rajshahi/raj504.wav,Rajshahi,train
Rajshahi/raj505.wav,Rajshahi,train
Rajshahi/raj506.wav,Rajshahi,train
Rajshahi/raj507.wav,Rajshahi,train
Rajshahi/raj508.wav,Rajshahi,test
Rajshahi/raj509.wav,Rajshahi,val
Rajshahi/raj51.wav,Rajshahi,train
Rajshahi/raj510.wav,Rajshahi,train
Rajshahi/raj511.wav,Rajshahi,train
Rajshahi/raj512.wav,Rajshahi,train
Rajshahi/raj513.wav,Rajshahi,train
Rajshahi/raj514.wav,Rajshahi,train
Rajshahi/raj515.wav,Rajshahi,train
Rajshahi/raj516.wav,Rajshahi,train
Rajshahi/raj517.wav,Rajshahi,train
Rajshahi/raj518.wav,Rajshahi,test
Rajshahi/raj519.wav,Rajshahi,test
Rajshahi/raj52.wav,Rajshahi,train
Rajshahi/raj520.wav,Rajshahi,train
Rajshahi/raj521.wav,Rajshahi,train
Rajshahi/raj522.wav,Rajshahi,test
Rajshahi/raj523.wav,Rajshahi,test
Rajshahi/raj524.wav,Rajshahi,train
Rajshahi/raj525.wav,Rajshahi,test
Rajshahi/raj526.wav,Rajshahi,train
Rajshahi/raj527.wav,Rajshahi,train
Rajshahi/raj528.wav,Rajshahi,train
Rajshahi/raj529.wav,Rajshahi,train
Rajshahi/raj53.wav,Rajshahi,train
Rajshahi/raj530.wav,Rajshahi,train
Rajshahi/raj531.wav,Rajshahi,train
Rajshahi/raj532.wav,Rajshahi,test
Rajshahi/raj533.wav,Rajshahi,test
Rajshahi/raj534.wav,Rajshahi,train
Rajshahi/raj535.wav,Rajshahi,train
Rajshahi/raj536.wav,Rajshahi,val
Rajshahi/raj537.wav,Rajshahi,train
Rajshahi/raj538.wav,Rajshahi,train
Rajshahi/raj539.wav,Rajshahi,train
Rajshahi/raj54.wav,Rajshahi,train
Rajshahi/raj540.wav,Rajshahi,train
Rajshahi/raj541.wav,Rajshahi,test
Rajshahi/raj542.wav,Rajshahi,train
Rajshahi/raj543.wav,Rajshahi,train
Rajshahi/raj544.wav,Rajshahi,test
Rajshahi/raj545.wav,Rajshahi,train
Rajshahi/raj546.wav,Rajshahi,test
Rajshahi/raj547.wav,Rajshahi,test
Rajshahi/raj548.wav,Rajshahi,test
Rajshahi/raj549.wav,Rajshahi,train
Rajshahi/raj55.wav,Rajshahi,test
Rajshahi/raj550.wav,Rajshahi,train
Rajshahi/raj551.wav,Rajshahi,train
Rajshahi/raj552.wav,Rajshahi,train
Rajshahi/raj553.wav,Rajshahi,train
Rajshahi/raj554.wav,Rajshahi,train
Rajshahi/raj555.wav,Rajshahi,train
Rajshahi/raj556.wav,Rajshahi,train
Rajshahi/raj557.wav,Rajshahi,train
Rajshahi/raj558.wav,Rajshahi,val
Rajshahi/raj559.wav,Rajshahi,train
Rajshahi/raj56.wav,Rajshahi,train
Rajshahi/raj560.wav,Rajshahi,train
Rajshahi/raj561.wav,Rajshahi,train
Rajshahi/raj562.wav,Rajshahi,test
Rajshahi/raj563.wav,Rajshahi,train
Rajshahi/raj564.wav,Rajshahi,test
Rajshahi/raj565.wav,Rajshahi,test
Rajshahi/raj566.wav,Rajshahi,train
Rajshahi/raj567.wav,Rajshahi,val
Rajshahi/raj568.wav,Rajshahi,train
Rajshahi/raj569.wav,Rajshahi,train
Rajshahi/raj57.wav,Rajshahi,train
Rajshahi/raj570.wav,Rajshahi,train
Rajshahi/raj571.wav,Rajshahi,val
Rajshahi/raj572.wav,Rajshahi,train
Rajshahi/raj573.wav,Rajshahi,test
Rajshahi/raj574.wav,Rajshahi,train
Rajshahi/raj575.wav,Rajshahi,test
Rajshahi/raj576.wav,Rajshahi,train
Rajshahi/raj577.wav,Rajshahi,train
Rajshahi/raj578.wav,Rajshahi,train
Rajshahi/raj579.wav,Rajshahi,train
Rajshahi/raj58.wav,Rajshahi,train
Rajshahi/raj580.wav,Rajshahi,train
Rajshahi/raj581.wav,Rajshahi,val
Rajshahi/raj582.wav,Rajshahi,test
Rajshahi/raj583.wav,Rajshahi,train
Rajshahi/raj584.wav,Rajshahi,val
Rajshahi/raj585.wav,Rajshahi,train
Rajshahi/raj586.wav,Rajshahi,train
Rajshahi/raj587.wav,Rajshahi,train
Rajshahi/raj588.wav,Rajshahi,val
Rajshahi/raj589.wav,Rajshahi,train
Rajshahi/raj59.wav,Rajshahi,test
Rajshahi/raj590.wav,Rajshahi,test
Rajshahi/raj591.wav,Rajshahi,val
Rajshahi/raj592.wav,Rajshahi,train
Rajshahi/raj593.wav,Rajshahi,train
Rajshahi/raj594.wav,Rajshahi,train
Rajshahi/raj595.wav,Rajshahi,train
Rajshahi/raj596.wav,Rajshahi,train
Rajshahi/raj597.wav,Rajshahi,train
Rajshahi/raj598.wav,Rajshahi,train
Rajshahi/raj599.wav,Rajshahi,val
Rajshahi/raj6.wav,Rajshahi,val
Rajshahi/raj60.wav,Rajshahi,train
Rajshahi/raj600.wav,Rajshahi,train
Rajshahi/raj601.wav,Rajshahi,train
Rajshahi/raj602.wav,Rajshahi,val
Rajshahi/raj603.wav,Rajshahi,train
Rajshahi/raj604.wav,Rajshahi,train
Rajshahi/raj605.wav,Rajshahi,train
Rajshahi/raj606.wav,Rajshahi,val
Rajshahi/raj607.wav,Rajshahi,train
Rajshahi/raj608.wav,Rajshahi,val
Rajshahi/raj609.wav,Rajshahi,train
Rajshahi/raj61.wav,Rajshahi,train
Rajshahi/raj610.wav,Rajshahi,train
Rajshahi/raj611.wav,Rajshahi,train
Rajshahi/raj612.wav,Rajshahi,test
Rajshahi/raj613.wav,Rajshahi,train
Rajshahi/raj614.wav,Rajshahi,train
Rajshahi/raj615.wav,Rajshahi,train
Rajshahi/raj616.wav,Rajshahi,train
Rajshahi/raj617.wav,Rajshahi,test
Rajshahi/raj618.wav,Rajshahi,train
Rajshahi/raj619.wav,Rajshahi,train
Rajshahi/raj62.wav,Rajshahi,train
Rajshahi/raj620.wav,Rajshahi,train
Rajshahi/raj621.wav,Rajshahi,test
Rajshahi/raj622.wav,Rajshahi,train
Rajshahi/raj623.wav,Rajshahi,train
Rajshahi/raj624.wav,Rajshahi,test
Rajshahi/raj625.wav,Rajshahi,train
Rajshahi/raj626.wav,Rajshahi,train
Rajshahi/raj627.wav,Rajshahi,train
Rajshahi/raj628.wav,Rajshahi,train
Rajshahi/raj629.wav,Rajshahi,train
Rajshahi/raj63.wav,Rajshahi,train
Rajshahi/raj630.wav,Rajshahi,train
Rajshahi/raj631.wav,Rajshahi,val
Rajshahi/raj632.wav,Rajshahi,train
Rajshahi/raj633.wav,Rajshahi,val
Rajshahi/raj634.wav,Rajshahi,train
Rajshahi/raj635.wav,Rajshahi,train
Rajshahi/raj636.wav,Rajshahi,train
Rajshahi/raj637.wav,Rajshahi,train
Rajshahi/raj638.wav,Rajshahi,train
Rajshahi/raj639.wav,Rajshahi,test
Rajshahi/raj64.wav,Rajshahi,train
Rajshahi/raj640.wav,Rajshahi,train
Rajshahi/raj641.wav,Rajshahi,train
Rajshahi/raj642.wav,Rajshahi,train
Rajshahi/raj643.wav,Rajshahi,train
Rajshahi/raj644.wav,Rajshahi,train
Rajshahi/raj645.wav,Rajshahi,train
Rajshahi/raj646.wav,Rajshahi,train
Rajshahi/raj647.wav,Rajshahi,test
Rajshahi/raj648.wav,Rajshahi,train
Rajshahi/raj649.wav,Rajshahi,test
Rajshahi/raj65.wav,Rajshahi,train
Rajshahi/raj650.wav,Rajshahi,train
Rajshahi/raj651.wav,Rajshahi,val
Rajshahi/raj652.wav,Rajshahi,train
Rajshahi/raj653.wav,Rajshahi,train
Rajshahi/raj654.wav,Rajshahi,train
Rajshahi/raj655.wav,Rajshahi,train
Rajshahi/raj656.wav,Rajshahi,train
Rajshahi/raj657.wav,Rajshahi,train
Rajshahi/raj658.wav,Rajshahi,train
Rajshahi/raj659.wav,Rajshahi,train
Rajshahi/raj66.wav,Rajshahi,train
Rajshahi/raj660.wav,Rajshahi,train
Rajshahi/raj661.wav,Rajshahi,train
Rajshahi/raj662.wav,Rajshahi,train
Rajshahi/raj663.wav,Rajshahi,train
Rajshahi/raj664.wav,Rajshahi,train
Rajshahi/raj665.wav,Rajshahi,test
Rajshahi/raj666.wav,Rajshahi,train
Rajshahi/raj667.wav,Rajshahi,train
Rajshahi/raj668.wav,Rajshahi,train
Rajshahi/raj669.wav,Rajshahi,train
Rajshahi/raj67.wav,Rajshahi,train
Rajshahi/raj670.wav,Rajshahi,train
Rajshahi/raj671.wav,Rajshahi,val
Rajshahi/raj672.wav,Rajshahi,train
Rajshahi/raj673.wav,Rajshahi,val
Rajshahi/raj674.wav,Rajshahi,train
Rajshahi/raj675.wav,Rajshahi,train
Rajshahi/raj676.wav,Rajshahi,test
Rajshahi/raj677.wav,Rajshahi,train
Rajshahi/raj678.wav,Rajshahi,train
Rajshahi/raj679.wav,Rajshahi,train
Rajshahi/raj68.wav,Rajshahi,train
Rajshahi/raj680.wav,Rajshahi,train
Rajshahi/raj681.wav,Rajshahi,val
Rajshahi/raj682.wav,Rajshahi,val
Rajshahi/raj683.wav,Rajshahi,train
Rajshahi/raj684.wav,Rajshahi,train
Rajshahi/raj685.wav,Rajshahi,train
Rajshahi/raj686.wav,Rajshahi,train
Rajshahi/raj687.wav,Rajshahi,val
Rajshahi/raj688.wav,Rajshahi,train
Rajshahi/raj689.wav,Rajshahi,train
Rajshahi/raj69.wav,Rajshahi,train
Rajshahi/raj690.wav,Rajshahi,val
Rajshahi/raj691.wav,Rajshahi,train
Rajshahi/raj692.wav,Rajshahi,train
Rajshahi/raj693.wav,Rajshahi,train
Rajshahi/raj694.wav,Rajshahi,train
Rajshahi/raj695.wav,Rajshahi,train
Rajshahi/raj696.wav,Rajshahi,train
Rajshahi/raj697.wav,Rajshahi,train
Rajshahi/raj698.wav,Rajshahi,train
Rajshahi/raj699.wav,Rajshahi,train
Rajshahi/raj7.wav,Rajshahi,train
Rajshahi/raj70.wav,Rajshahi,val
Rajshahi/raj700.wav,Rajshahi,train
Rajshahi/raj701.wav,Rajshahi,test
Rajshahi/raj702.wav,Rajshahi,train
Rajshahi/raj703.wav,Rajshahi,train
Rajshahi/raj704.wav,Rajshahi,train
Rajshahi/raj705.wav,Rajshahi,train
Rajshahi/raj706.wav,Rajshahi,train
Rajshahi/raj707.wav,Rajshahi,train
Rajshahi/raj708.wav,Rajshahi,test
Rajshahi/raj709.wav,Rajshahi,train
Rajshahi/raj71.wav,Rajshahi,train
Rajshahi/raj710.wav,Rajshahi,test
Rajshahi/raj711.wav,Rajshahi,train
Rajshahi/raj712.wav,Rajshahi,val
Rajshahi/raj713.wav,Rajshahi,train
Rajshahi/raj714.wav,Rajshahi,train
Rajshahi/raj715.wav,Rajshahi,train
Rajshahi/raj716.wav,Rajshahi,train
Rajshahi/raj717.wav,Rajshahi,train
Rajshahi/raj718.wav,Rajshahi,train
Rajshahi/raj719.wav,Rajshahi,train
Rajshahi/raj72.wav,Rajshahi,train
Rajshahi/raj720.wav,Rajshahi,val
Rajshahi/raj721.wav,Rajshahi,train
Rajshahi/raj722.wav,Rajshahi,train
Rajshahi/raj723.wav,Rajshahi,train
Rajshahi/raj724.wav,Rajshahi,test
Rajshahi/raj725.wav,Rajshahi,train
Rajshahi/raj726.wav,Rajshahi,val
Rajshahi/raj727.wav,Rajshahi,train
Rajshahi/raj728.wav,Rajshahi,train
Rajshahi/raj729.wav,Rajshahi,train
Rajshahi/raj73.wav,Rajshahi,train
Rajshahi/raj730.wav,Rajshahi,test
Rajshahi/raj731.wav,Rajshahi,test
Rajshahi/raj732.wav,Rajshahi,train
Rajshahi/raj733.wav,Rajshahi,train
Rajshahi/raj734.wav,Rajshahi,train
Rajshahi/raj735.wav,Rajshahi,train
Rajshahi/raj736.wav,Rajshahi,train
Rajshahi/raj737.wav,Rajshahi,test
Rajshahi/raj738.wav,Rajshahi,test
Rajshahi/raj739.wav,Rajshahi,train
Rajshahi/raj74.wav,Rajshahi,train
Rajshahi/raj740.wav,Rajshahi,train
Rajshahi/raj741.wav,Rajshahi,test
Rajshahi/raj742.wav,Rajshahi,train
Rajshahi/raj743.wav,Rajshahi,val
Rajshahi/raj744.wav,Rajshahi,test
Rajshahi/raj745.wav,Rajshahi,test
Rajshahi/raj746.wav,Rajshahi,test
Rajshahi/raj747.wav,Rajshahi,train
Rajshahi/raj748.wav,Rajshahi,val
Rajshahi/raj749.wav,Rajshahi,train
Rajshahi/raj75.wav,Rajshahi,train
Rajshahi/raj750.wav,Rajshahi,val
Rajshahi/raj751.wav,Rajshahi,train
Rajshahi/raj752.wav,Rajshahi,val
Rajshahi/raj753.wav,Rajshahi,val
Rajshahi/raj754.wav,Rajshahi,train
Rajshahi/raj755.wav,Rajshahi,test
Rajshahi/raj756.wav,Rajshahi,train
Rajshahi/raj757.wav,Rajshahi,train
Rajshahi/raj758.wav,Rajshahi,train
Rajshahi/raj759.wav,Rajshahi,train
Rajshahi/raj76.wav,Rajshahi,train
Rajshahi/raj760.wav,Rajshahi,train
Rajshahi/raj761.wav,Rajshahi,train
Rajshahi/raj762.wav,Rajshahi,train
Rajshahi/raj763.wav,Rajshahi,train
Rajshahi/raj764.wav,Rajshahi,train
Rajshahi/raj765.wav,Rajshahi,train
Rajshahi/raj766.wav,Rajshahi,train
Rajshahi/raj767.wav,Rajshahi,train
Rajshahi/raj768.wav,Rajshahi,train
Rajshahi/raj769.wav,Rajshahi,train
Rajshahi/raj77.wav,Rajshahi,val
Rajshahi/raj770.wav,Rajshahi,train
Rajshahi/raj771.wav,Rajshahi,train
Rajshahi/raj772.wav,Rajshahi,train
Rajshahi/raj773.wav,Rajshahi,train
Rajshahi/raj774.wav,Rajshahi,train
Rajshahi/raj775.wav,Rajshahi,test
Rajshahi/raj776.wav,Rajshahi,train
Rajshahi/raj777.wav,Rajshahi,train
Rajshahi/raj778.wav,Rajshahi,train
Rajshahi/raj779.wav,Rajshahi,train
Rajshahi/raj78.wav,Rajshahi,train
Rajshahi/raj780.wav,Rajshahi,train
Rajshahi/raj781.wav,Rajshahi,test
Rajshahi/raj782.wav,Rajshahi,train
Rajshahi/raj783.wav,Rajshahi,train
Rajshahi/raj784.wav,Rajshahi,train
Rajshahi/raj785.wav,Rajshahi,train
Rajshahi/raj786.wav,Rajshahi,train
Rajshahi/raj787.wav,Rajshahi,train
Rajshahi/raj788.wav,Rajshahi,train
Rajshahi/raj789.wav,Rajshahi,train
Rajshahi/raj79.wav,Rajshahi,val
Rajshahi/raj790.wav,Rajshahi,test
Rajshahi/raj791.wav,Rajshahi,train
Rajshahi/raj792.wav,Rajshahi,train
Rajshahi/raj793.wav,Rajshahi,train
Rajshahi/raj794.wav,Rajshahi,test
Rajshahi/raj795.wav,Rajshahi,train
Rajshahi/raj796.wav,Rajshahi,train
Rajshahi/raj797.wav,Rajshahi,train
Rajshahi/raj798.wav,Rajshahi,test
Rajshahi/raj799.wav,Rajshahi,train
Rajshahi/raj8.wav,Rajshahi,train
Rajshahi/raj80.wav,Rajshahi,train
Rajshahi/raj800.wav,Rajshahi,val
Rajshahi/raj801.wav,Rajshahi,train
Rajshahi/raj802.wav,Rajshahi,test
Rajshahi/raj803.wav,Rajshahi,test
Rajshahi/raj804.wav,Rajshahi,train
Rajshahi/raj805.wav,Rajshahi,train
Rajshahi/raj806.wav,Rajshahi,train
Rajshahi/raj807.wav,Rajshahi,test
Rajshahi/raj808.wav,Rajshahi,val
Rajshahi/raj809.wav,Rajshahi,train
Rajshahi/raj81.wav,Rajshahi,train
Rajshahi/raj810.wav,Rajshahi,train
Rajshahi/raj811.wav,Rajshahi,train
Rajshahi/raj812.wav,Rajshahi,train
Rajshahi/raj813.wav,Rajshahi,train
Rajshahi/raj814.wav,Rajshahi,train
Rajshahi/raj815.wav,Rajshahi,train
Rajshahi/raj816.wav,Rajshahi,train
Rajshahi/raj817.wav,Rajshahi,val
Rajshahi/raj818.wav,Rajshahi,train
Rajshahi/raj819.wav,Rajshahi,train
Rajshahi/raj82.wav,Rajshahi,train
Rajshahi/raj820.wav,Rajshahi,train
Rajshahi/raj821.wav,Rajshahi,train
Rajshahi/raj822.wav,Rajshahi,train
Rajshahi/raj823.wav,Rajshahi,val
Rajshahi/raj824.wav,Rajshahi,train
Rajshahi/raj825.wav,Rajshahi,test
Rajshahi/raj826.wav,Rajshahi,val
Rajshahi/raj827.wav,Rajshahi,train
Rajshahi/raj828.wav,Rajshahi,train
Rajshahi/raj829.wav,Rajshahi,train
Rajshahi/raj83.wav,Rajshahi,val
Rajshahi/raj830.wav,Rajshahi,train
Rajshahi/raj831.wav,Rajshahi,train
Rajshahi/raj832.wav,Rajshahi,train
Rajshahi/raj833.wav,Rajshahi,val
Rajshahi/raj834.wav,Rajshahi,val
Rajshahi/raj835.wav,Rajshahi,train
Rajshahi/raj836.wav,Rajshahi,train
Rajshahi/raj837.wav,Rajshahi,train
Rajshahi/raj838.wav,Rajshahi,test
Rajshahi/raj839.wav,Rajshahi,test
Rajshahi/raj84.wav,Rajshahi,train
Rajshahi/raj840.wav,Rajshahi,train
Rajshahi/raj841.wav,Rajshahi,train
Rajshahi/raj842.wav,Rajshahi,train
Rajshahi/raj843.wav,Rajshahi,train
Rajshahi/raj844.wav,Rajshahi,test
Rajshahi/raj845.wav,Rajshahi,train
Rajshahi/raj846.wav,Rajshahi,train
Rajshahi/raj847.wav,Rajshahi,train
Rajshahi/raj848.wav,Rajshahi,train
Rajshahi/raj849.wav,Rajshahi,test
Rajshahi/raj85.wav,Rajshahi,train
Rajshahi/raj850.wav,Rajshahi,test
Rajshahi/raj851.wav,Rajshahi,train
Rajshahi/raj852.wav,Rajshahi,val
Rajshahi/raj853.wav,Rajshahi,val
Rajshahi/raj854.wav,Rajshahi,train
Rajshahi/raj855.wav,Rajshahi,train
Rajshahi/raj856.wav,Rajshahi,test
Rajshahi/raj857.wav,Rajshahi,test
Rajshahi/raj858.wav,Rajshahi,test
Rajshahi/raj859.wav,Rajshahi,train
Rajshahi/raj86.wav,Rajshahi,train
Rajshahi/raj860.wav,Rajshahi,test
Rajshahi/raj87.wav,Rajshahi,train
Rajshahi/raj88.wav,Rajshahi,train
Rajshahi/raj89.wav,Rajshahi,train
Rajshahi/raj9.wav,Rajshahi,train
Rajshahi/raj90.wav,Rajshahi,train
Rajshahi/raj91.wav,Rajshahi,val
Rajshahi/raj92.wav,Rajshahi,train
Rajshahi/raj93.wav,Rajshahi,train
Rajshahi/raj94.wav,Rajshahi,train
Rajshahi/raj95.wav,Rajshahi,val
Rajshahi/raj96.wav,Rajshahi,train
Rajshahi/raj97.wav,Rajshahi,train
Rajshahi/raj98.wav,Rajshahi,train
Rajshahi/raj99.wav,Rajshahi,train
Dhaka/dhk1.wav,Dhaka,val
Dhaka/dhk10.wav,Dhaka,train
Dhaka/dhk100.wav,Dhaka,train
Dhaka/dhk101.wav,Dhaka,train
Dhaka/dhk102.wav,Dhaka,train
Dhaka/dhk103.wav,Dhaka,val
Dhaka/dhk104.wav,Dhaka,test
Dhaka/dhk105.wav,Dhaka,train
Dhaka/dhk106.wav,Dhaka,test
Dhaka/dhk107.wav,Dhaka,train
Dhaka/dhk108.wav,Dhaka,train
Dhaka/dhk109.wav,Dhaka,test
Dhaka/dhk11.wav,Dhaka,train
Dhaka/dhk110.wav,Dhaka,test
Dhaka/dhk111.wav,Dhaka,test
Dhaka/dhk112.wav,Dhaka,train
Dhaka/dhk113.wav,Dhaka,train
Dhaka/dhk114.wav,Dhaka,train
Dhaka/dhk115.wav,Dhaka,train
Dhaka/dhk116.wav,Dhaka,train
Dhaka/dhk117.wav,Dhaka,test
Dhaka/dhk118.wav,Dhaka,train
Dhaka/dhk119.wav,Dhaka,test
Dhaka/dhk12.wav,Dhaka,train
Dhaka/dhk120.wav,Dhaka,val
Dhaka/dhk121.wav,Dhaka,train
Dhaka/dhk122.wav,Dhaka,train
Dhaka/dhk123.wav,Dhaka,train
Dhaka/dhk124.wav,Dhaka,val
Dhaka/dhk125.wav,Dhaka,train
Dhaka/dhk126.wav,Dhaka,test
Dhaka/dhk127.wav,Dhaka,train
Dhaka/dhk128.wav,Dhaka,test
Dhaka/dhk129.wav,Dhaka,train
Dhaka/dhk13.wav,Dhaka,test
Dhaka/dhk130.wav,Dhaka,train
Dhaka/dhk131.wav,Dhaka,train
Dhaka/dhk132.wav,Dhaka,train
Dhaka/dhk133.wav,Dhaka,train
Dhaka/dhk134.wav,Dhaka,test
Dhaka/dhk135.wav,Dhaka,train
Dhaka/dhk136.wav,Dhaka,train
Dhaka/dhk137.wav,Dhaka,train
Dhaka/dhk138.wav,Dhaka,train
Dhaka/dhk139.wav,Dhaka,val
Dhaka/dhk14.wav,Dhaka,train
Dhaka/dhk140.wav,Dhaka,train
Dhaka/dhk141.wav,Dhaka,train
Dhaka/dhk142.wav,Dhaka,train
Dhaka/dhk143.wav,Dhaka,train
Dhaka/dhk144.wav,Dhaka,train
Dhaka/dhk145.wav,Dhaka,train
Dhaka/dhk146.wav,Dhaka,train
Dhaka/dhk147.wav,Dhaka,train
Dhaka/dhk148.wav,Dhaka,train
Dhaka/dhk149.wav,Dhaka,train
Dhaka/dhk15.wav,Dhaka,train
Dhaka/dhk150.wav,Dhaka,val
Dhaka/dhk151.wav,Dhaka,train
Dhaka/dhk152.wav,Dhaka,train
Dhaka/dhk153.wav,Dhaka,test
Dhaka/dhk154.wav,Dhaka,train
Dhaka/dhk155.wav,Dhaka,val
Dhaka/dhk156.wav,Dhaka,train
Dhaka/dhk157.wav,Dhaka,train
Dhaka/dhk158.wav,Dhaka,train
Dhaka/dhk159.wav,Dhaka,val
Dhaka/dhk16.wav,Dhaka,test
Dhaka/dhk160.wav,Dhaka,train
Dhaka/dhk161.wav,Dhaka,train
Dhaka/dhk162.wav,Dhaka,train
Dhaka/dhk163.wav,Dhaka,test
Dhaka/dhk164.wav,Dhaka,train
Dhaka/dhk165.wav,Dhaka,train
Dhaka/dhk166.wav,Dhaka,train
Dhaka/dhk167.wav,Dhaka,train
Dhaka/dhk168.wav,Dhaka,train
Dhaka/dhk169.wav,Dhaka,train
Dhaka/dhk17.wav,Dhaka,val
Dhaka/dhk170.wav,Dhaka,train
Dhaka/dhk171.wav,Dhaka,train
Dhaka/dhk172.wav,Dhaka,train
Dhaka/dhk173.wav,Dhaka,train
Dhaka/dhk174.wav,Dhaka,train
Dhaka/dhk175.wav,Dhaka,train
Dhaka/dhk176.wav,Dhaka,train
Dhaka/dhk177.wav,Dhaka,val
Dhaka/dhk178.wav,Dhaka,val
Dhaka/dhk179.wav,Dhaka,train
Dhaka/dhk18.wav,Dhaka,test
Dhaka/dhk180.wav,Dhaka,train
Dhaka/dhk181.wav,Dhaka,train
Dhaka/dhk182.wav,Dhaka,train
Dhaka/dhk183.wav,Dhaka,train
Dhaka/dhk184.wav,Dhaka,val
Dhaka/dhk185.wav,Dhaka,train
Dhaka/dhk186.wav,Dhaka,train
Dhaka/dhk187.wav,Dhaka,train
Dhaka/dhk188.wav,Dhaka,train
Dhaka/dhk189.wav,Dhaka,train
Dhaka/dhk19.wav,Dhaka,train
Dhaka/dhk190.wav,Dhaka,train
Dhaka/dhk191.wav,Dhaka,train
Dhaka/dhk192.wav,Dhaka,test
Dhaka/dhk193.wav,Dhaka,train
Dhaka/dhk194.wav,Dhaka,train
Dhaka/dhk195.wav,Dhaka,train
Dhaka/dhk196.wav,Dhaka,train
Dhaka/dhk197.wav,Dhaka,train
Dhaka/dhk198.wav,Dhaka,train
Dhaka/dhk199.wav,Dhaka,train
Dhaka/dhk2.wav,Dhaka,train
Dhaka/dhk20.wav,Dhaka,train
Dhaka/dhk200.wav,Dhaka,train
Dhaka/dhk201.wav,Dhaka,val
Dhaka/dhk202.wav,Dhaka,train
Dhaka/dhk203.wav,Dhaka,train
Dhaka/dhk204.wav,Dhaka,train
Dhaka/dhk205.wav,Dhaka,test
Dhaka/dhk206.wav,Dhaka,train
Dhaka/dhk207.wav,Dhaka,train
Dhaka/dhk208.wav,Dhaka,train
Dhaka/dhk209.wav,Dhaka,train
Dhaka/dhk21.wav,Dhaka,train
Dhaka/dhk210.wav,Dhaka,test
Dhaka/dhk211.wav,Dhaka,test
Dhaka/dhk212.wav,Dhaka,val
Dhaka/dhk213.wav,Dhaka,train
Dhaka/dhk214.wav,Dhaka,train
Dhaka/dhk215.wav,Dhaka,train
Dhaka/dhk216.wav,Dhaka,train
Dhaka/dhk217.wav,Dhaka,train
Dhaka/dhk218.wav,Dhaka,train
Dhaka/dhk219.wav,Dhaka,train
Dhaka/dhk22.wav,Dhaka,train
Dhaka/dhk220.wav,Dhaka,train
Dhaka/dhk221.wav,Dhaka,train
Dhaka/dhk222.wav,Dhaka,train
Dhaka/dhk223.wav,Dhaka,train
Dhaka/dhk224.wav,Dhaka,train
Dhaka/dhk225.wav,Dhaka,train
Dhaka/dhk226.wav,Dhaka,train
Dhaka/dhk227.wav,Dhaka,val
Dhaka/dhk228.wav,Dhaka,train
Dhaka/dhk229.wav,Dhaka,train
Dhaka/dhk23.wav,Dhaka,train
Dhaka/dhk230.wav,Dhaka,train
Dhaka/dhk231.wav,Dhaka,train
Dhaka/dhk232.wav,Dhaka,train
Dhaka/dhk233.wav,Dhaka,train
Dhaka/dhk234.wav,Dhaka,train
Dhaka/dhk235.wav,Dhaka,train
Dhaka/dhk236.wav,Dhaka,train
Dhaka/dhk237.wav,Dhaka,test
Dhaka/dhk238.wav,Dhaka,train
Dhaka/dhk239.wav,Dhaka,train
Dhaka/dhk24.wav,Dhaka,test
Dhaka/dhk240.wav,Dhaka,train
Dhaka/dhk241.wav,Dhaka,train
Dhaka/dhk242.wav,Dhaka,train
Dhaka/dhk243.wav,Dhaka,val
Dhaka/dhk244.wav,Dhaka,train
Dhaka/dhk245.wav,Dhaka,train
Dhaka/dhk246.wav,Dhaka,test
Dhaka/dhk247.wav,Dhaka,train
Dhaka/dhk248.wav,Dhaka,train
Dhaka/dhk249.wav,Dhaka,test
Dhaka/dhk25.wav,Dhaka,test
Dhaka/dhk250.wav,Dhaka,train
Dhaka/dhk251.wav,Dhaka,train
Dhaka/dhk252.wav,Dhaka,train
Dhaka/dhk253.wav,Dhaka,train
Dhaka/dhk254.wav,Dhaka,train
Dhaka/dhk255.wav,Dhaka,train
Dhaka/dhk256.wav,Dhaka,train
Dhaka/dhk257.wav,Dhaka,test
Dhaka/dhk258.wav,Dhaka,test
Dhaka/dhk259.wav,Dhaka,train
Dhaka/dhk26.wav,Dhaka,test
Dhaka/dhk260.wav,Dhaka,test
Dhaka/dhk261.wav,Dhaka,val
Dhaka/dhk262.wav,Dhaka,train
Dhaka/dhk263.wav,Dhaka,val
Dhaka/dhk264.wav,Dhaka,test
Dhaka/dhk265.wav,Dhaka,train
Dhaka/dhk266.wav,Dhaka,val
Dhaka/dhk267.wav,Dhaka,train
Dhaka/dhk268.wav,Dhaka,test
Dhaka/dhk269.wav,Dhaka,train
Dhaka/dhk27.wav,Dhaka,test
Dhaka/dhk270.wav,Dhaka,train
Dhaka/dhk271.wav,Dhaka,train
Dhaka/dhk272.wav,Dhaka,train
Dhaka/dhk273.wav,Dhaka,train
Dhaka/dhk274.wav,Dhaka,train
Dhaka/dhk275.wav,Dhaka,train
Dhaka/dhk276.wav,Dhaka,train
Dhaka/dhk277.wav,Dhaka,train
Dhaka/dhk278.wav,Dhaka,train
Dhaka/dhk279.wav,Dhaka,train
Dhaka/dhk28.wav,Dhaka,train
Dhaka/dhk280.wav,Dhaka,train
Dhaka/dhk281.wav,Dhaka,test
Dhaka/dhk282.wav,Dhaka,train
Dhaka/dhk283.wav,Dhaka,train
Dhaka/dhk284.wav,Dhaka,train
Dhaka/dhk285.wav,Dhaka,train
Dhaka/dhk286.wav,Dhaka,train
Dhaka/dhk287.wav,Dhaka,test
Dhaka/dhk288.wav,Dhaka,train
Dhaka/dhk289.wav,Dhaka,train
Dhaka/dhk29.wav,Dhaka,train
Dhaka/dhk290.wav,Dhaka,train
Dhaka/dhk291.wav,Dhaka,test
Dhaka/dhk292.wav,Dhaka,val
Dhaka/dhk293.wav,Dhaka,train
Dhaka/dhk294.wav,Dhaka,train
Dhaka/dhk295.wav,Dhaka,test
Dhaka/dhk296.wav,Dhaka,train
Dhaka/dhk297.wav,Dhaka,train
Dhaka/dhk298.wav,Dhaka,train
Dhaka/dhk299.wav,Dhaka,train
Dhaka/dhk3.wav,Dhaka,train
Dhaka/dhk30.wav,Dhaka,test
Dhaka/dhk300.wav,Dhaka,train
Dhaka/dhk301.wav,Dhaka,test
Dhaka/dhk302.wav,Dhaka,val
Dhaka/dhk303.wav,Dhaka,train
Dhaka/dhk304.wav,Dhaka,train
Dhaka/dhk305.wav,Dhaka,train
Dhaka/dhk306.wav,Dhaka,train
Dhaka/dhk307.wav,Dhaka,train
Dhaka/dhk308.wav,Dhaka,train
Dhaka/dhk309.wav,Dhaka,test
Dhaka/dhk31.wav,Dhaka,train
Dhaka/dhk310.wav,Dhaka,train
Dhaka/dhk311.wav,Dhaka,train
Dhaka/dhk312.wav,Dhaka,train
Dhaka/dhk313.wav,Dhaka,train
Dhaka/dhk314.wav,Dhaka,train
Dhaka/dhk315.wav,Dhaka,train
Dhaka/dhk316.wav,Dhaka,test
Dhaka/dhk317.wav,Dhaka,train
Dhaka/dhk318.wav,Dhaka,test
Dhaka/dhk319.wav,Dhaka,train
Dhaka/dhk32.wav,Dhaka,train
Dhaka/dhk320.wav,Dhaka,test
Dhaka/dhk321.wav,Dhaka,train
Dhaka/dhk322.wav,Dhaka,train
Dhaka/dhk323.wav,Dhaka,train
Dhaka/dhk324.wav,Dhaka,train
Dhaka/dhk325.wav,Dhaka,train
Dhaka/dhk326.wav,Dhaka,val
Dhaka/dhk327.wav,Dhaka,train
Dhaka/dhk328.wav,Dhaka,train
Dhaka/dhk329.wav,Dhaka,train
Dhaka/dhk33.wav,Dhaka,train
Dhaka/dhk330.wav,Dhaka,val
Dhaka/dhk331.wav,Dhaka,train
Dhaka/dhk332.wav,Dhaka,train
Dhaka/dhk333.wav,Dhaka,train
Dhaka/dhk334.wav,Dhaka,train
Dhaka/dhk335.wav,Dhaka,train
Dhaka/dhk336.wav,Dhaka,val
Dhaka/dhk337.wav,Dhaka,train
Dhaka/dhk338.wav,Dhaka,train
Dhaka/dhk339.wav,Dhaka,val
Dhaka/dhk34.wav,Dhaka,test
Dhaka/dhk340.wav,Dhaka,train
Dhaka/dhk341.wav,Dhaka,train
Dhaka/dhk342.wav,Dhaka,val
Dhaka/dhk343.wav,Dhaka,test
Dhaka/dhk344.wav,Dhaka,train
Dhaka/dhk345.wav,Dhaka,train
Dhaka/dhk346.wav,Dhaka,train
Dhaka/dhk347.wav,Dhaka,train
Dhaka/dhk348.wav,Dhaka,train
Dhaka/dhk349.wav,Dhaka,val
Dhaka/dhk35.wav,Dhaka,val
Dhaka/dhk350.wav,Dhaka,train
Dhaka/dhk351.wav,Dhaka,train
Dhaka/dhk352.wav,Dhaka,train
Dhaka/dhk353.wav,Dhaka,val
Dhaka/dhk354.wav,Dhaka,train
Dhaka/dhk355.wav,Dhaka,train
Dhaka/dhk356.wav,Dhaka,train
Dhaka/dhk357.wav,Dhaka,test
Dhaka/dhk358.wav,Dhaka,train
Dhaka/dhk359.wav,Dhaka,train
Dhaka/dhk36.wav,Dhaka,train
Dhaka/dhk360.wav,Dhaka,train
Dhaka/dhk361.wav,Dhaka,train
Dhaka/dhk362.wav,Dhaka,train
Dhaka/dhk363.wav,Dhaka,test
Dhaka/dhk364.wav,Dhaka,train
Dhaka/dhk365.wav,Dhaka,test
Dhaka/dhk366.wav,Dhaka,test
Dhaka/dhk367.wav,Dhaka,train
Dhaka/dhk368.wav,Dhaka,train
Dhaka/dhk369.wav,Dhaka,train
Dhaka/dhk37.wav,Dhaka,train
Dhaka/dhk370.wav,Dhaka,train
Dhaka/dhk371.wav,Dhaka,train
Dhaka/dhk372.wav,Dhaka,test
Dhaka/dhk373.wav,Dhaka,train
Dhaka/dhk374.wav,Dhaka,train
Dhaka/dhk375.wav,Dhaka,val
Dhaka/dhk376.wav,Dhaka,train
Dhaka/dhk377.wav,Dhaka,train
Dhaka/dhk378.wav,Dhaka,train
Dhaka/dhk379.wav,Dhaka,train
Dhaka/dhk38.wav,Dhaka,train
Dhaka/dhk380.wav,Dhaka,train
Dhaka/dhk381.wav,Dhaka,train
Dhaka/dhk382.wav,Dhaka,val
Dhaka/dhk383.wav,Dhaka,train
Dhaka/dhk384.wav,Dhaka,train
Dhaka/dhk385.wav,Dhaka,train
Dhaka/dhk386.wav,Dhaka,train
Dhaka/dhk387.wav,Dhaka,train
Dhaka/dhk388.wav,Dhaka,train
Dhaka/dhk389.wav,Dhaka,train
Dhaka/dhk39.wav,Dhaka,train
Dhaka/dhk390.wav,Dhaka,train
Dhaka/dhk391.wav,Dhaka,train
Dhaka/dhk392.wav,Dhaka,train
Dhaka/dhk393.wav,Dhaka,val
Dhaka/dhk394.wav,Dhaka,val
Dhaka/dhk395.wav,Dhaka,train
Dhaka/dhk396.wav,Dhaka,train
Dhaka/dhk397.wav,Dhaka,train
Dhaka/dhk398.wav,Dhaka,train
Dhaka/dhk399.wav,Dhaka,train
Dhaka/dhk4.wav,Dhaka,train
Dhaka/dhk40.wav,Dhaka,train
Dhaka/dhk400.wav,Dhaka,test
Dhaka/dhk401.wav,Dhaka,train
Dhaka/dhk402.wav,Dhaka,train
Dhaka/dhk403.wav,Dhaka,train
Dhaka/dhk404.wav,Dhaka,train
Dhaka/dhk405.wav,Dhaka,test
Dhaka/dhk406.wav,Dhaka,test
Dhaka/dhk407.wav,Dhaka,test
Dhaka/dhk408.wav,Dhaka,train
Dhaka/dhk409.wav,Dhaka,val
Dhaka/dhk41.wav,Dhaka,train
Dhaka/dhk410.wav,Dhaka,train
Dhaka/dhk411.wav,Dhaka,train
Dhaka/dhk412.wav,Dhaka,train
Dhaka/dhk413.wav,Dhaka,train
Dhaka/dhk414.wav,Dhaka,val
Dhaka/dhk415.wav,Dhaka,train
Dhaka/dhk416.wav,Dhaka,train
Dhaka/dhk417.wav,Dhaka,train
Dhaka/dhk418.wav,Dhaka,train
Dhaka/dhk419.wav,Dhaka,train
Dhaka/dhk42.wav,Dhaka,train
Dhaka/dhk420.wav,Dhaka,val
Dhaka/dhk421.wav,Dhaka,test
Dhaka/dhk422.wav,Dhaka,test
Dhaka/dhk423.wav,Dhaka,test
Dhaka/dhk424.wav,Dhaka,train
Dhaka/dhk425.wav,Dhaka,train
Dhaka/dhk426.wav,Dhaka,train
Dhaka/dhk427.wav,Dhaka,test
Dhaka/dhk428.wav,Dhaka,train
Dhaka/dhk429.wav,Dhaka,test
Dhaka/dhk43.wav,Dhaka,test
Dhaka/dhk430.wav,Dhaka,train
Dhaka/dhk431.wav,Dhaka,train
Dhaka/dhk432.wav,Dhaka,train
Dhaka/dhk433.wav,Dhaka,val
Dhaka/dhk434.wav,Dhaka,train
Dhaka/dhk435.wav,Dhaka,train
Dhaka/dhk436.wav,Dhaka,test
Dhaka/dhk437.wav,Dhaka,test
Dhaka/dhk438.wav,Dhaka,val
Dhaka/dhk439.wav,Dhaka,train
Dhaka/dhk44.wav,Dhaka,train
Dhaka/dhk440.wav,Dhaka,train
Dhaka/dhk441.wav,Dhaka,train
Dhaka/dhk442.wav,Dhaka,train
Dhaka/dhk443.wav,Dhaka,val
Dhaka/dhk444.wav,Dhaka,val
Dhaka/dhk445.wav,Dhaka,test
Dhaka/dhk446.wav,Dhaka,train
Dhaka/dhk447.wav,Dhaka,train
Dhaka/dhk448.wav,Dhaka,test
Dhaka/dhk449.wav,Dhaka,val
Dhaka/dhk45.wav,Dhaka,train
Dhaka/dhk450.wav,Dhaka,train
Dhaka/dhk451.wav,Dhaka,train
Dhaka/dhk452.wav,Dhaka,train
Dhaka/dhk453.wav,Dhaka,train
Dhaka/dhk454.wav,Dhaka,train
Dhaka/dhk455.wav,Dhaka,val
Dhaka/dhk456.wav,Dhaka,train
Dhaka/dhk457.wav,Dhaka,train
Dhaka/dhk458.wav,Dhaka,test
Dhaka/dhk459.wav,Dhaka,train
Dhaka/dhk46.wav,Dhaka,val
Dhaka/dhk460.wav,Dhaka,train
Dhaka/dhk461.wav,Dhaka,train
Dhaka/dhk462.wav,Dhaka,train
Dhaka/dhk463.wav,Dhaka,train
Dhaka/dhk464.wav,Dhaka,train
Dhaka/dhk465.wav,Dhaka,train
Dhaka/dhk466.wav,Dhaka,train
Dhaka/dhk467.wav,Dhaka,train
Dhaka/dhk468.wav,Dhaka,train
Dhaka/dhk469.wav,Dhaka,train
Dhaka/dhk47.wav,Dhaka,train
Dhaka/dhk470.wav,Dhaka,val
Dhaka/dhk471.wav,Dhaka,train
Dhaka/dhk472.wav,Dhaka,train
Dhaka/dhk473.wav,Dhaka,train
Dhaka/dhk474.wav,Dhaka,train
Dhaka/dhk475.wav,Dhaka,train
Dhaka/dhk476.wav,Dhaka,train
Dhaka/dhk477.wav,Dhaka,train
Dhaka/dhk478.wav,Dhaka,train
Dhaka/dhk479.wav,Dhaka,train
Dhaka/dhk48.wav,Dhaka,train
Dhaka/dhk480.wav,Dhaka,test
Dhaka/dhk481.wav,Dhaka,train
Dhaka/dhk482.wav,Dhaka,train
Dhaka/dhk483.wav,Dhaka,train
Dhaka/dhk484.wav,Dhaka,test
Dhaka/dhk485.wav,Dhaka,train
Dhaka/dhk486.wav,Dhaka,val
Dhaka/dhk487.wav,Dhaka,train
Dhaka/dhk488.wav,Dhaka,train
Dhaka/dhk489.wav,Dhaka,train
Dhaka/dhk49.wav,Dhaka,val
Dhaka/dhk490.wav,Dhaka,train
Dhaka/dhk491.wav,Dhaka,train
Dhaka/dhk492.wav,Dhaka,test
Dhaka/dhk493.wav,Dhaka,val
Dhaka/dhk494.wav,Dhaka,train
Dhaka/dhk495.wav,Dhaka,val
Dhaka/dhk496.wav,Dhaka,train
Dhaka/dhk497.wav,Dhaka,train
Dhaka/dhk498.wav,Dhaka,train
Dhaka/dhk499.wav,Dhaka,train
Dhaka/dhk5.wav,Dhaka,train
Dhaka/dhk50.wav,Dhaka,train
Dhaka/dhk500.wav,Dhaka,train
Dhaka/dhk501.wav,Dhaka,train
Dhaka/dhk502.wav,Dhaka,train
Dhaka/dhk503.wav,Dhaka,train
Dhaka/dhk504.wav,Dhaka,train
Dhaka/dhk505.wav,Dhaka,train
Dhaka/dhk506.wav,Dhaka,train
Dhaka/dhk507.wav,Dhaka,val
Dhaka/dhk508.wav,Dhaka,train
Dhaka/dhk509.wav,Dhaka,test
Dhaka/dhk51.wav,Dhaka,train
Dhaka/dhk510.wav,Dhaka,test
Dhaka/dhk511.wav,Dhaka,train
Dhaka/dhk512.wav,Dhaka,train
Dhaka/dhk513.wav,Dhaka,train
Dhaka/dhk514.wav,Dhaka,train
Dhaka/dhk515.wav,Dhaka,train
Dhaka/dhk516.wav,Dhaka,test
Dhaka/dhk517.wav,Dhaka,val
Dhaka/dhk518.wav,Dhaka,train
Dhaka/dhk519.wav,Dhaka,train
Dhaka/dhk52.wav,Dhaka,train
Dhaka/dhk520.wav,Dhaka,train
Dhaka/dhk521.wav,Dhaka,train
Dhaka/dhk522.wav,Dhaka,train
Dhaka/dhk523.wav,Dhaka,train
Dhaka/dhk524.wav,Dhaka,train
Dhaka/dhk525.wav,Dhaka,train
Dhaka/dhk526.wav,Dhaka,train
Dhaka/dhk527.wav,Dhaka,train
Dhaka/dhk528.wav,Dhaka,train
Dhaka/dhk529.wav,Dhaka,train
Dhaka/dhk53.wav,Dhaka,train
Dhaka/dhk530.wav,Dhaka,train
Dhaka/dhk531.wav,Dhaka,train
Dhaka/dhk532.wav,Dhaka,train
Dhaka/dhk533.wav,Dhaka,train
Dhaka/dhk534.wav,Dhaka,train
Dhaka/dhk535.wav,Dhaka,train
Dhaka/dhk536.wav,Dhaka,train
Dhaka/dhk537.wav,Dhaka,train
Dhaka/dhk538.wav,Dhaka,train
Dhaka/dhk539.wav,Dhaka,test
Dhaka/dhk54.wav,Dhaka,train
Dhaka/dhk540.wav,Dhaka,train
Dhaka/dhk541.wav,Dhaka,train
Dhaka/dhk542.wav,Dhaka,test
Dhaka/dhk543.wav,Dhaka,train
Dhaka/dhk544.wav,Dhaka,train
Dhaka/dhk545.wav,Dhaka,train
Dhaka/dhk546.wav,Dhaka,train
Dhaka/dhk547.wav,Dhaka,train
Dhaka/dhk548.wav,Dhaka,train
Dhaka/dhk549.wav,Dhaka,test
Dhaka/dhk55.wav,Dhaka,train
Dhaka/dhk550.wav,Dhaka,train
Dhaka/dhk551.wav,Dhaka,train
Dhaka/dhk552.wav,Dhaka,test
Dhaka/dhk553.wav,Dhaka,train
Dhaka/dhk554.wav,Dhaka,train
Dhaka/dhk555.wav,Dhaka,train
Dhaka/dhk556.wav,Dhaka,train
Dhaka/dhk557.wav,Dhaka,val
Dhaka/dhk558.wav,Dhaka,train
Dhaka/dhk559.wav,Dhaka,val
Dhaka/dhk56.wav,Dhaka,train
Dhaka/dhk560.wav,Dhaka,train
Dhaka/dhk561.wav,Dhaka,train
Dhaka/dhk562.wav,Dhaka,train
Dhaka/dhk563.wav,Dhaka,train
Dhaka/dhk564.wav,Dhaka,train
Dhaka/dhk565.wav,Dhaka,val
Dhaka/dhk566.wav,Dhaka,val
Dhaka/dhk567.wav,Dhaka,val
Dhaka/dhk568.wav,Dhaka,train
Dhaka/dhk569.wav,Dhaka,train
Dhaka/dhk57.wav,Dhaka,train
Dhaka/dhk570.wav,Dhaka,train
Dhaka/dhk571.wav,Dhaka,train
Dhaka/dhk572.wav,Dhaka,train
Dhaka/dhk573.wav,Dhaka,train
Dhaka/dhk574.wav,Dhaka,train
Dhaka/dhk575.wav,Dhaka,train
Dhaka/dhk576.wav,Dhaka,train
Dhaka/dhk577.wav,Dhaka,train
Dhaka/dhk578.wav,Dhaka,train
Dhaka/dhk579.wav,Dhaka,train
Dhaka/dhk58.wav,Dhaka,train
Dhaka/dhk580.wav,Dhaka,train
Dhaka/dhk581.wav,Dhaka,train
Dhaka/dhk582.wav,Dhaka,val
Dhaka/dhk583.wav,Dhaka,train
Dhaka/dhk584.wav,Dhaka,train
Dhaka/dhk585.wav,Dhaka,train
Dhaka/dhk586.wav,Dhaka,train
Dhaka/dhk587.wav,Dhaka,train
Dhaka/dhk588.wav,Dhaka,train
Dhaka/dhk589.wav,Dhaka,val
Dhaka/dhk59.wav,Dhaka,val
Dhaka/dhk590.wav,Dhaka,train
Dhaka/dhk591.wav,Dhaka,train
Dhaka/dhk592.wav,Dhaka,train
Dhaka/dhk593.wav,Dhaka,train
Dhaka/dhk594.wav,Dhaka,train
Dhaka/dhk595.wav,Dhaka,train
Dhaka/dhk596.wav,Dhaka,test
Dhaka/dhk597.wav,Dhaka,train
Dhaka/dhk598.wav,Dhaka,test
Dhaka/dhk599.wav,Dhaka,train
Dhaka/dhk6.wav,Dhaka,train
Dhaka/dhk60.wav,Dhaka,train
Dhaka/dhk600.wav,Dhaka,val
Dhaka/dhk601.wav,Dhaka,train
Dhaka/dhk602.wav,Dhaka,train
Dhaka/dhk603.wav,Dhaka,train
Dhaka/dhk604.wav,Dhaka,val
Dhaka/dhk605.wav,Dhaka,train
Dhaka/dhk606.wav,Dhaka,train
Dhaka/dhk607.wav,Dhaka,train
Dhaka/dhk608.wav,Dhaka,train
Dhaka/dhk609.wav,Dhaka,train
Dhaka/dhk61.wav,Dhaka,train
Dhaka/dhk610.wav,Dhaka,train
Dhaka/dhk611.wav,Dhaka,train
Dhaka/dhk612.wav,Dhaka,train
Dhaka/dhk613.wav,Dhaka,train
Dhaka/dhk614.wav,Dhaka,train
Dhaka/dhk615.wav,Dhaka,train
Dhaka/dhk616.wav,Dhaka,train
Dhaka/dhk617.wav,Dhaka,train
Dhaka/dhk618.wav,Dhaka,train
Dhaka/dhk619.wav,Dhaka,train
Dhaka/dhk62.wav,Dhaka,train
Dhaka/dhk620.wav,Dhaka,test
Dhaka/dhk621.wav,Dhaka,train
Dhaka/dhk622.wav,Dhaka,train
Dhaka/dhk623.wav,Dhaka,train
Dhaka/dhk624.wav,Dhaka,train
Dhaka/dhk625.wav,Dhaka,val
Dhaka/dhk626.wav,Dhaka,test
Dhaka/dhk627.wav,Dhaka,train
Dhaka/dhk628.wav,Dhaka,train
Dhaka/dhk629.wav,Dhaka,train
Dhaka/dhk63.wav,Dhaka,train
Dhaka/dhk630.wav,Dhaka,test
Dhaka/dhk631.wav,Dhaka,train
Dhaka/dhk632.wav,Dhaka,train
Dhaka/dhk633.wav,Dhaka,test
Dhaka/dhk634.wav,Dhaka,train
Dhaka/dhk635.wav,Dhaka,test
Dhaka/dhk636.wav,Dhaka,test
Dhaka/dhk637.wav,Dhaka,train
Dhaka/dhk638.wav,Dhaka,train
Dhaka/dhk639.wav,Dhaka,train
Dhaka/dhk64.wav,Dhaka,train
Dhaka/dhk640.wav,Dhaka,test
Dhaka/dhk641.wav,Dhaka,val
Dhaka/dhk642.wav,Dhaka,train
Dhaka/dhk643.wav,Dhaka,train
Dhaka/dhk644.wav,Dhaka,val
Dhaka/dhk645.wav,Dhaka,train
Dhaka/dhk646.wav,Dhaka,train
Dhaka/dhk647.wav,Dhaka,train
Dhaka/dhk648.wav,Dhaka,test
Dhaka/dhk649.wav,Dhaka,train
Dhaka/dhk65.wav,Dhaka,train
Dhaka/dhk650.wav,Dhaka,train
Dhaka/dhk651.wav,Dhaka,train
Dhaka/dhk652.wav,Dhaka,train
Dhaka/dhk653.wav,Dhaka,val
Dhaka/dhk654.wav,Dhaka,train
Dhaka/dhk655.wav,Dhaka,train
Dhaka/dhk656.wav,Dhaka,train
Dhaka/dhk657.wav,Dhaka,train
Dhaka/dhk658.wav,Dhaka,val
Dhaka/dhk659.wav,Dhaka,train
Dhaka/dhk66.wav,Dhaka,train
Dhaka/dhk660.wav,Dhaka,test
Dhaka/dhk661.wav,Dhaka,val
Dhaka/dhk662.wav,Dhaka,train
Dhaka/dhk663.wav,Dhaka,val
Dhaka/dhk664.wav,Dhaka,test
Dhaka/dhk665.wav,Dhaka,train
Dhaka/dhk666.wav,Dhaka,train
Dhaka/dhk667.wav,Dhaka,val
Dhaka/dhk668.wav,Dhaka,train
Dhaka/dhk669.wav,Dhaka,train
Dhaka/dhk67.wav,Dhaka,train
Dhaka/dhk670.wav,Dhaka,train
Dhaka/dhk671.wav,Dhaka,train
Dhaka/dhk672.wav,Dhaka,val
Dhaka/dhk673.wav,Dhaka,train
Dhaka/dhk674.wav,Dhaka,train
Dhaka/dhk675.wav,Dhaka,train
Dhaka/dhk676.wav,Dhaka,train
Dhaka/dhk677.wav,Dhaka,train
Dhaka/dhk678.wav,Dhaka,test
Dhaka/dhk679.wav,Dhaka,test
Dhaka/dhk68.wav,Dhaka,train
Dhaka/dhk680.wav,Dhaka,train
Dhaka/dhk681.wav,Dhaka,train
Dhaka/dhk682.wav,Dhaka,train
Dhaka/dhk683.wav,Dhaka,test
Dhaka/dhk684.wav,Dhaka,train
Dhaka/dhk685.wav,Dhaka,train
Dhaka/dhk686.wav,Dhaka,train
Dhaka/dhk687.wav,Dhaka,train
Dhaka/dhk688.wav,Dhaka,train
Dhaka/dhk689.wav,Dhaka,train
Dhaka/dhk69.wav,Dhaka,train
Dhaka/dhk690.wav,Dhaka,train
Dhaka/dhk691.wav,Dhaka,train
Dhaka/dhk692.wav,Dhaka,train
Dhaka/dhk693.wav,Dhaka,train
Dhaka/dhk694.wav,Dhaka,train
Dhaka/dhk695.wav,Dhaka,train
Dhaka/dhk696.wav,Dhaka,train
Dhaka/dhk697.wav,Dhaka,train
Dhaka/dhk698.wav,Dhaka,test
Dhaka/dhk699.wav,Dhaka,val
Dhaka/dhk7.wav,Dhaka,train
Dhaka/dhk70.wav,Dhaka,val
Dhaka/dhk700.wav,Dhaka,train
Dhaka/dhk701.wav,Dhaka,train
Dhaka/dhk702.wav,Dhaka,train
Dhaka/dhk703.wav,Dhaka,test
Dhaka/dhk704.wav,Dhaka,test
Dhaka/dhk705.wav,Dhaka,train
Dhaka/dhk706.wav,Dhaka,train
Dhaka/dhk707.wav,Dhaka,train
Dhaka/dhk708.wav,Dhaka,test
Dhaka/dhk709.wav,Dhaka,train
Dhaka/dhk71.wav,Dhaka,test
Dhaka/dhk710.wav,Dhaka,train
Dhaka/dhk711.wav,Dhaka,test
Dhaka/dhk712.wav,Dhaka,val
Dhaka/dhk713.wav,Dhaka,train
Dhaka/dhk714.wav,Dhaka,train
Dhaka/dhk715.wav,Dhaka,train
Dhaka/dhk716.wav,Dhaka,test
Dhaka/dhk717.wav,Dhaka,train
Dhaka/dhk718.wav,Dhaka,train
Dhaka/dhk719.wav,Dhaka,val
Dhaka/dhk72.wav,Dhaka,train
Dhaka/dhk720.wav,Dhaka,test
Dhaka/dhk721.wav,Dhaka,train
Dhaka/dhk722.wav,Dhaka,test
Dhaka/dhk723.wav,Dhaka,train
Dhaka/dhk724.wav,Dhaka,test
Dhaka/dhk725.wav,Dhaka,train
Dhaka/dhk726.wav,Dhaka,train
Dhaka/dhk727.wav,Dhaka,train
Dhaka/dhk728.wav,Dhaka,train
Dhaka/dhk729.wav,Dhaka,train
Dhaka/dhk73.wav,Dhaka,train
Dhaka/dhk730.wav,Dhaka,train
Dhaka/dhk731.wav,Dhaka,val
Dhaka/dhk732.wav,Dhaka,test
Dhaka/dhk733.wav,Dhaka,train
Dhaka/dhk734.wav,Dhaka,train
Dhaka/dhk735.wav,Dhaka,train
Dhaka/dhk736.wav,Dhaka,train
Dhaka/dhk737.wav,Dhaka,train
Dhaka/dhk738.wav,Dhaka,train
Dhaka/dhk739.wav,Dhaka,test
Dhaka/dhk74.wav,Dhaka,train
Dhaka/dhk740.wav,Dhaka,train
Dhaka/dhk741.wav,Dhaka,train
Dhaka/dhk742.wav,Dhaka,train
Dhaka/dhk743.wav,Dhaka,train
Dhaka/dhk744.wav,Dhaka,train
Dhaka/dhk745.wav,Dhaka,test
Dhaka/dhk746.wav,Dhaka,train
Dhaka/dhk747.wav,Dhaka,train
Dhaka/dhk748.wav,Dhaka,test
Dhaka/dhk749.wav,Dhaka,test
Dhaka/dhk75.wav,Dhaka,val
Dhaka/dhk750.wav,Dhaka,train
Dhaka/dhk751.wav,Dhaka,train
Dhaka/dhk752.wav,Dhaka,val
Dhaka/dhk753.wav,Dhaka,train
Dhaka/dhk754.wav,Dhaka,test
Dhaka/dhk755.wav,Dhaka,train
Dhaka/dhk756.wav,Dhaka,test
Dhaka/dhk757.wav,Dhaka,train
Dhaka/dhk758.wav,Dhaka,train
Dhaka/dhk759.wav,Dhaka,val
Dhaka/dhk76.wav,Dhaka,train
Dhaka/dhk760.wav,Dhaka,train
Dhaka/dhk761.wav,Dhaka,train
Dhaka/dhk762.wav,Dhaka,train
Dhaka/dhk763.wav,Dhaka,train
Dhaka/dhk77.wav,Dhaka,train
Dhaka/dhk78.wav,Dhaka,val
Dhaka/dhk79.wav,Dhaka,train
Dhaka/dhk8.wav,Dhaka,train
Dhaka/dhk80.wav,Dhaka,train
Dhaka/dhk81.wav,Dhaka,test
Dhaka/dhk82.wav,Dhaka,train
Dhaka/dhk83.wav,Dhaka,val
Dhaka/dhk84.wav,Dhaka,train
Dhaka/dhk85.wav,Dhaka,train
Dhaka/dhk86.wav,Dhaka,val
Dhaka/dhk87.wav,Dhaka,train
Dhaka/dhk88.wav,Dhaka,train
Dhaka/dhk89.wav,Dhaka,train
Dhaka/dhk9.wav,Dhaka,test
Dhaka/dhk90.wav,Dhaka,test
Dhaka/dhk91.wav,Dhaka,train
Dhaka/dhk92.wav,Dhaka,train
Dhaka/dhk93.wav,Dhaka,train
Dhaka/dhk94.wav,Dhaka,train
Dhaka/dhk95.wav,Dhaka,train
Dhaka/dhk96.wav,Dhaka,val
Dhaka/dhk97.wav,Dhaka,train
Dhaka/dhk98.wav,Dhaka,test
Dhaka/dhk99.wav,Dhaka,train
Noakhali/nkhl1.wav,Noakhali,train
Noakhali/nkhl10.wav,Noakhali,train
Noakhali/nkhl100.wav,Noakhali,train
Noakhali/nkhl1000.wav,Noakhali,train
Noakhali/nkhl1001.wav,Noakhali,train
Noakhali/nkhl1002.wav,Noakhali,train
Noakhali/nkhl1003.wav,Noakhali,val
Noakhali/nkhl1004.wav,Noakhali,val
Noakhali/nkhl1005.wav,Noakhali,val
Noakhali/nkhl1006.wav,Noakhali,train
Noakhali/nkhl1007.wav,Noakhali,train
Noakhali/nkhl1008.wav,Noakhali,train
Noakhali/nkhl1009.wav,Noakhali,train
Noakhali/nkhl101.wav,Noakhali,test
Noakhali/nkhl1010.wav,Noakhali,train
Noakhali/nkhl1011.wav,Noakhali,train
Noakhali/nkhl1012.wav,Noakhali,train
Noakhali/nkhl1013.wav,Noakhali,train
Noakhali/nkhl1014.wav,Noakhali,train
Noakhali/nkhl1015.wav,Noakhali,train
Noakhali/nkhl1016.wav,Noakhali,train
Noakhali/nkhl1017.wav,Noakhali,test
Noakhali/nkhl1018.wav,Noakhali,train
Noakhali/nkhl1019.wav,Noakhali,train
Noakhali/nkhl102.wav,Noakhali,train
Noakhali/nkhl1020.wav,Noakhali,train
Noakhali/nkhl1021.wav,Noakhali,train
Noakhali/nkhl1022.wav,Noakhali,train
Noakhali/nkhl1023.wav,Noakhali,train
Noakhali/nkhl1024.wav,Noakhali,train
Noakhali/nkhl1025.wav,Noakhali,train
Noakhali/nkhl1026.wav,Noakhali,train
Noakhali/nkhl1027.wav,Noakhali,train
Noakhali/nkhl1028.wav,Noakhali,train
Noakhali/nkhl1029.wav,Noakhali,train
Noakhali/nkhl103.wav,Noakhali,train
Noakhali/nkhl1030.wav,Noakhali,test
Noakhali/nkhl1031.wav,Noakhali,val
Noakhali/nkhl1032.wav,Noakhali,test
Noakhali/nkhl1033.wav,Noakhali,train
Noakhali/nkhl1034.wav,Noakhali,train
Noakhali/nkhl1035.wav,Noakhali,train
Noakhali/nkhl1036.wav,Noakhali,train
Noakhali/nkhl1037.wav,Noakhali,train
Noakhali/nkhl1038.wav,Noakhali,test
Noakhali/nkhl1039.wav,Noakhali,train
Noakhali/nkhl104.wav,Noakhali,train
Noakhali/nkhl1040.wav,Noakhali,train
Noakhali/nkhl1041.wav,Noakhali,train
Noakhali/nkhl1042.wav,Noakhali,test
Noakhali/nkhl1043.wav,Noakhali,train
Noakhali/nkhl1044.wav,Noakhali,train
Noakhali/nkhl1045.wav,Noakhali,val
Noakhali/nkhl1046.wav,Noakhali,train
Noakhali/nkhl1047.wav,Noakhali,train
Noakhali/nkhl1048.wav,Noakhali,train
Noakhali/nkhl1049.wav,Noakhali,val
Noakhali/nkhl105.wav,Noakhali,train
Noakhali/nkhl1050.wav,Noakhali,train
Noakhali/nkhl1051.wav,Noakhali,train
Noakhali/nkhl1052.wav,Noakhali,val
Noakhali/nkhl1053.wav,Noakhali,train
Noakhali/nkhl1054.wav,Noakhali,train
Noakhali/nkhl1055.wav,Noakhali,test
Noakhali/nkhl1056.wav,Noakhali,train
Noakhali/nkhl1057.wav,Noakhali,train
Noakhali/nkhl1058.wav,Noakhali,val
Noakhali/nkhl1059.wav,Noakhali,val
Noakhali/nkhl106.wav,Noakhali,train
Noakhali/nkhl1060.wav,Noakhali,train
Noakhali/nkhl1061.wav,Noakhali,val
Noakhali/nkhl1062.wav,Noakhali,val
Noakhali/nkhl1063.wav,Noakhali,train
Noakhali/nkhl1064.wav,Noakhali,train
Noakhali/nkhl1065.wav,Noakhali,val
Noakhali/nkhl1066.wav,Noakhali,train
Noakhali/nkhl1067.wav,Noakhali,test
Noakhali/nkhl1068.wav,Noakhali,train
Noakhali/nkhl1069.wav,Noakhali,train
Noakhali/nkhl107.wav,Noakhali,test
Noakhali/nkhl1070.wav,Noakhali,test
Noakhali/nkhl1071.wav,Noakhali,train
Noakhali/nkhl1072.wav,Noakhali,train
Noakhali/nkhl1073.wav,Noakhali,train
Noakhali/nkhl1074.wav,Noakhali,train
Noakhali/nkhl1075.wav,Noakhali,test
Noakhali/nkhl1076.wav,Noakhali,test
Noakhali/nkhl1077.wav,Noakhali,train
Noakhali/nkhl1078.wav,Noakhali,train
Noakhali/nkhl1079.wav,Noakhali,train
Noakhali/nkhl108.wav,Noakhali,train
Noakhali/nkhl1080.wav,Noakhali,test
Noakhali/nkhl1081.wav,Noakhali,train
Noakhali/nkhl1082.wav,Noakhali,test
Noakhali/nkhl1083.wav,Noakhali,train
Noakhali/nkhl1084.wav,Noakhali,train
Noakhali/nkhl1085.wav,Noakhali,train
Noakhali/nkhl1086.wav,Noakhali,train
Noakhali/nkhl1087.wav,Noakhali,train
Noakhali/nkhl1088.wav,Noakhali,test
Noakhali/nkhl1089.wav,Noakhali,train
Noakhali/nkhl109.wav,Noakhali,train
Noakhali/nkhl1090.wav,Noakhali,train
Noakhali/nkhl1091.wav,Noakhali,train
Noakhali/nkhl1092.wav,Noakhali,val
Noakhali/nkhl1093.wav,Noakhali,train
Noakhali/nkhl1094.wav,Noakhali,train
Noakhali/nkhl1095.wav,Noakhali,train
Noakhali/nkhl1096.wav,Noakhali,train
Noakhali/nkhl1097.wav,Noakhali,train
Noakhali/nkhl1098.wav,Noakhali,train
Noakhali/nkhl1099.wav,Noakhali,test
Noakhali/nkhl11.wav,Noakhali,train
Noakhali/nkhl110.wav,Noakhali,train
Noakhali/nkhl1100.wav,Noakhali,val
Noakhali/nkhl1101.wav,Noakhali,val
Noakhali/nkhl1102.wav,Noakhali,train
Noakhali/nkhl1103.wav,Noakhali,train
Noakhali/nkhl1104.wav,Noakhali,val
Noakhali/nkhl1105.wav,Noakhali,train
Noakhali/nkhl1106.wav,Noakhali,test
Noakhali/nkhl1107.wav,Noakhali,train
Noakhali/nkhl1108.wav,Noakhali,train
Noakhali/nkhl1109.wav,Noakhali,test
Noakhali/nkhl111.wav,Noakhali,train
Noakhali/nkhl1110.wav,Noakhali,train
Noakhali/nkhl1111.wav,Noakhali,train
Noakhali/nkhl1112.wav,Noakhali,train
Noakhali/nkhl1113.wav,Noakhali,train
Noakhali/nkhl1114.wav,Noakhali,train
Noakhali/nkhl1115.wav,Noakhali,train
Noakhali/nkhl1116.wav,Noakhali,train
Noakhali/nkhl1117.wav,Noakhali,val
Noakhali/nkhl1118.wav,Noakhali,train
Noakhali/nkhl1119.wav,Noakhali,train
Noakhali/nkhl112.wav,Noakhali,train
Noakhali/nkhl1120.wav,Noakhali,train
Noakhali/nkhl1121.wav,Noakhali,val
Noakhali/nkhl1122.wav,Noakhali,val
Noakhali/nkhl1123.wav,Noakhali,train
Noakhali/nkhl1124.wav,Noakhali,train
Noakhali/nkhl1125.wav,Noakhali,train
Noakhali/nkhl1126.wav,Noakhali,train
Noakhali/nkhl1127.wav,Noakhali,train
Noakhali/nkhl1128.wav,Noakhali,val
Noakhali/nkhl1129.wav,Noakhali,train
Noakhali/nkhl113.wav,Noakhali,train
Noakhali/nkhl1130.wav,Noakhali,train
Noakhali/nkhl1131.wav,Noakhali,test
Noakhali/nkhl1132.wav,Noakhali,val
Noakhali/nkhl1133.wav,Noakhali,train
Noakhali/nkhl1134.wav,Noakhali,test
Noakhali/nkhl1135.wav,Noakhali,train
Noakhali/nkhl1136.wav,Noakhali,test
Noakhali/nkhl1137.wav,Noakhali,train
Noakhali/nkhl1138.wav,Noakhali,test
Noakhali/nkhl1139.wav,Noakhali,val
Noakhali/nkhl114.wav,Noakhali,val
Noakhali/nkhl1140.wav,Noakhali,train
Noakhali/nkhl1141.wav,Noakhali,train
Noakhali/nkhl1142.wav,Noakhali,train
Noakhali/nkhl1143.wav,Noakhali,train
Noakhali/nkhl1144.wav,Noakhali,train
Noakhali/nkhl1145.wav,Noakhali,train
Noakhali/nkhl1146.wav,Noakhali,train
Noakhali/nkhl1147.wav,Noakhali,train
Noakhali/nkhl1148.wav,Noakhali,train
Noakhali/nkhl1149.wav,Noakhali,train
Noakhali/nkhl115.wav,Noakhali,test
Noakhali/nkhl1150.wav,Noakhali,train
Noakhali/nkhl1151.wav,Noakhali,val
Noakhali/nkhl1152.wav,Noakhali,train
Noakhali/nkhl1153.wav,Noakhali,train
Noakhali/nkhl1154.wav,Noakhali,test
Noakhali/nkhl1155.wav,Noakhali,train
Noakhali/nkhl1156.wav,Noakhali,train
Noakhali/nkhl1157.wav,Noakhali,train
Noakhali/nkhl1158.wav,Noakhali,train
Noakhali/nkhl1159.wav,Noakhali,train
Noakhali/nkhl116.wav,Noakhali,val
Noakhali/nkhl1160.wav,Noakhali,val
Noakhali/nkhl1161.wav,Noakhali,test
Noakhali/nkhl1162.wav,Noakhali,train
Noakhali/nkhl1163.wav,Noakhali,train
Noakhali/nkhl1164.wav,Noakhali,test
Noakhali/nkhl1165.wav,Noakhali,train
Noakhali/nkhl1166.wav,Noakhali,test
Noakhali/nkhl1167.wav,Noakhali,train
Noakhali/nkhl1168.wav,Noakhali,val
Noakhali/nkhl1169.wav,Noakhali,train
Noakhali/nkhl117.wav,Noakhali,train
Noakhali/nkhl1170.wav,Noakhali,train
Noakhali/nkhl1171.wav,Noakhali,train
Noakhali/nkhl1172.wav,Noakhali,test
Noakhali/nkhl1173.wav,Noakhali,train
Noakhali/nkhl1174.wav,Noakhali,train
Noakhali/nkhl1175.wav,Noakhali,train
Noakhali/nkhl1176.wav,Noakhali,train
Noakhali/nkhl1177.wav,Noakhali,val
Noakhali/nkhl1178.wav,Noakhali,train
Noakhali/nkhl1179.wav,Noakhali,train
Noakhali/nkhl118.wav,Noakhali,train
Noakhali/nkhl1180.wav,Noakhali,train
Noakhali/nkhl1181.wav,Noakhali,val
Noakhali/nkhl1182.wav,Noakhali,val
Noakhali/nkhl1183.wav,Noakhali,train
Noakhali/nkhl1184.wav,Noakhali,train
Noakhali/nkhl1185.wav,Noakhali,train
Noakhali/nkhl1186.wav,Noakhali,train
Noakhali/nkhl1187.wav,Noakhali,test
Noakhali/nkhl1188.wav,Noakhali,val
Noakhali/nkhl1189.wav,Noakhali,train
Noakhali/nkhl119.wav,Noakhali,val
Noakhali/nkhl1190.wav,Noakhali,train
Noakhali/nkhl1191.wav,Noakhali,train
Noakhali/nkhl1192.wav,Noakhali,train
Noakhali/nkhl1193.wav,Noakhali,test
Noakhali/nkhl1194.wav,Noakhali,train
Noakhali/nkhl1195.wav,Noakhali,val
Noakhali/nkhl1196.wav,Noakhali,train
Noakhali/nkhl1197.wav,Noakhali,train
Noakhali/nkhl1198.wav,Noakhali,train
Noakhali/nkhl1199.wav,Noakhali,train
Noakhali/nkhl12.wav,Noakhali,val
Noakhali/nkhl120.wav,Noakhali,train
Noakhali/nkhl1200.wav,Noakhali,test
Noakhali/nkhl1201.wav,Noakhali,train
Noakhali/nkhl1202.wav,Noakhali,val
Noakhali/nkhl1203.wav,Noakhali,train
Noakhali/nkhl1204.wav,Noakhali,train
Noakhali/nkhl1205.wav,Noakhali,train
Noakhali/nkhl1206.wav,Noakhali,train
Noakhali/nkhl1207.wav,Noakhali,test
Noakhali/nkhl1208.wav,Noakhali,test
Noakhali/nkhl1209.wav,Noakhali,train
Noakhali/nkhl121.wav,Noakhali,train
Noakhali/nkhl1210.wav,Noakhali,train
Noakhali/nkhl1211.wav,Noakhali,val
Noakhali/nkhl1212.wav,Noakhali,test
Noakhali/nkhl1213.wav,Noakhali,val
Noakhali/nkhl122.wav,Noakhali,test
Noakhali/nkhl123.wav,Noakhali,test
Noakhali/nkhl124.wav,Noakhali,train
Noakhali/nkhl125.wav,Noakhali,val
Noakhali/nkhl126.wav,Noakhali,train
Noakhali/nkhl127.wav,Noakhali,test
Noakhali/nkhl128.wav,Noakhali,train
Noakhali/nkhl129.wav,Noakhali,train
Noakhali/nkhl13.wav,Noakhali,train
Noakhali/nkhl130.wav,Noakhali,train
Noakhali/nkhl131.wav,Noakhali,test
Noakhali/nkhl132.wav,Noakhali,train
Noakhali/nkhl133.wav,Noakhali,train
Noakhali/nkhl134.wav,Noakhali,train
Noakhali/nkhl135.wav,Noakhali,val
Noakhali/nkhl136.wav,Noakhali,test
Noakhali/nkhl137.wav,Noakhali,test
Noakhali/nkhl138.wav,Noakhali,train
Noakhali/nkhl139.wav,Noakhali,train
Noakhali/nkhl14.wav,Noakhali,val
Noakhali/nkhl140.wav,Noakhali,train
Noakhali/nkhl141.wav,Noakhali,train
Noakhali/nkhl142.wav,Noakhali,train
Noakhali/nkhl143.wav,Noakhali,train
Noakhali/nkhl144.wav,Noakhali,train
Noakhali/nkhl145.wav,Noakhali,val
Noakhali/nkhl146.wav,Noakhali,test
Noakhali/nkhl147.wav,Noakhali,train
Noakhali/nkhl148.wav,Noakhali,train
Noakhali/nkhl149.wav,Noakhali,train
Noakhali/nkhl15.wav,Noakhali,train
Noakhali/nkhl150.wav,Noakhali,train
Noakhali/nkhl151.wav,Noakhali,train
Noakhali/nkhl152.wav,Noakhali,train
Noakhali/nkhl153.wav,Noakhali,train
Noakhali/nkhl154.wav,Noakhali,val
Noakhali/nkhl155.wav,Noakhali,train
Noakhali/nkhl156.wav,Noakhali,val
Noakhali/nkhl157.wav,Noakhali,train
Noakhali/nkhl158.wav,Noakhali,train
Noakhali/nkhl159.wav,Noakhali,train
Noakhali/nkhl16.wav,Noakhali,train
Noakhali/nkhl160.wav,Noakhali,test
Noakhali/nkhl161.wav,Noakhali,train
Noakhali/nkhl162.wav,Noakhali,val
Noakhali/nkhl163.wav,Noakhali,test
Noakhali/nkhl164.wav,Noakhali,val
Noakhali/nkhl165.wav,Noakhali,val
Noakhali/nkhl166.wav,Noakhali,train
Noakhali/nkhl167.wav,Noakhali,train
Noakhali/nkhl168.wav,Noakhali,train
Noakhali/nkhl169.wav,Noakhali,train
Noakhali/nkhl17.wav,Noakhali,train
Noakhali/nkhl170.wav,Noakhali,train
Noakhali/nkhl171.wav,Noakhali,train
Noakhali/nkhl172.wav,Noakhali,train
Noakhali/nkhl173.wav,Noakhali,test
Noakhali/nkhl174.wav,Noakhali,train
Noakhali/nkhl175.wav,Noakhali,train
Noakhali/nkhl176.wav,Noakhali,train
Noakhali/nkhl177.wav,Noakhali,train
Noakhali/nkhl178.wav,Noakhali,test
Noakhali/nkhl179.wav,Noakhali,train
Noakhali/nkhl18.wav,Noakhali,train
Noakhali/nkhl180.wav,Noakhali,train
Noakhali/nkhl181.wav,Noakhali,train
Noakhali/nkhl182.wav,Noakhali,train
Noakhali/nkhl183.wav,Noakhali,train
Noakhali/nkhl184.wav,Noakhali,val
Noakhali/nkhl185.wav,Noakhali,train
Noakhali/nkhl186.wav,Noakhali,train
Noakhali/nkhl187.wav,Noakhali,train
Noakhali/nkhl188.wav,Noakhali,train
Noakhali/nkhl189.wav,Noakhali,train
Noakhali/nkhl19.wav,Noakhali,train
Noakhali/nkhl190.wav,Noakhali,val
Noakhali/nkhl191.wav,Noakhali,train
Noakhali/nkhl192.wav,Noakhali,train
Noakhali/nkhl193.wav,Noakhali,train
Noakhali/nkhl194.wav,Noakhali,train
Noakhali/nkhl195.wav,Noakhali,train
Noakhali/nkhl196.wav,Noakhali,train
Noakhali/nkhl197.wav,Noakhali,val
Noakhali/nkhl198.wav,Noakhali,train
Noakhali/nkhl199.wav,Noakhali,train
Noakhali/nkhl2.wav,Noakhali,train
Noakhali/nkhl20.wav,Noakhali,train
Noakhali/nkhl200.wav,Noakhali,train
Noakhali/nkhl201.wav,Noakhali,train
Noakhali/nkhl202.wav,Noakhali,train
Noakhali/nkhl203.wav,Noakhali,train
Noakhali/nkhl204.wav,Noakhali,train
Noakhali/nkhl205.wav,Noakhali,val
Noakhali/nkhl206.wav,Noakhali,train
Noakhali/nkhl207.wav,Noakhali,val
Noakhali/nkhl208.wav,Noakhali,train
Noakhali/nkhl209.wav,Noakhali,train
Noakhali/nkhl21.wav,Noakhali,train
Noakhali/nkhl210.wav,Noakhali,val
Noakhali/nkhl211.wav,Noakhali,train
Noakhali/nkhl212.wav,Noakhali,train
Noakhali/nkhl213.wav,Noakhali,train
Noakhali/nkhl214.wav,Noakhali,train
Noakhali/nkhl215.wav,Noakhali,train
Noakhali/nkhl216.wav,Noakhali,train
Noakhali/nkhl217.wav,Noakhali,train
Noakhali/nkhl218.wav,Noakhali,train
Noakhali/nkhl219.wav,Noakhali,train
Noakhali/nkhl22.wav,Noakhali,train
Noakhali/nkhl220.wav,Noakhali,train
Noakhali/nkhl221.wav,Noakhali,val
Noakhali/nkhl222.wav,Noakhali,train
Noakhali/nkhl223.wav,Noakhali,val
Noakhali/nkhl224.wav,Noakhali,train
Noakhali/nkhl225.wav,Noakhali,train
Noakhali/nkhl226.wav,Noakhali,train
Noakhali/nkhl227.wav,Noakhali,train
Noakhali/nkhl228.wav,Noakhali,train
Noakhali/nkhl229.wav,Noakhali,train
Noakhali/nkhl23.wav,Noakhali,train
Noakhali/nkhl230.wav,Noakhali,train
Noakhali/nkhl231.wav,Noakhali,test
Noakhali/nkhl232.wav,Noakhali,train
Noakhali/nkhl233.wav,Noakhali,train
Noakhali/nkhl234.wav,Noakhali,train
Noakhali/nkhl235.wav,Noakhali,train
Noakhali/nkhl236.wav,Noakhali,train
Noakhali/nkhl237.wav,Noakhali,train
Noakhali/nkhl238.wav,Noakhali,train
Noakhali/nkhl239.wav,Noakhali,train
Noakhali/nkhl24.wav,Noakhali,train
Noakhali/nkhl240.wav,Noakhali,train
Noakhali/nkhl241.wav,Noakhali,train
Noakhali/nkhl242.wav,Noakhali,val
Noakhali/nkhl243.wav,Noakhali,train
Noakhali/nkhl244.wav,Noakhali,train
Noakhali/nkhl245.wav,Noakhali,train
Noakhali/nkhl246.wav,Noakhali,train
Noakhali/nkhl247.wav,Noakhali,train
Noakhali/nkhl248.wav,Noakhali,test
Noakhali/nkhl249.wav,Noakhali,train
Noakhali/nkhl25.wav,Noakhali,test
Noakhali/nkhl250.wav,Noakhali,train
Noakhali/nkhl251.wav,Noakhali,train
Noakhali/nkhl252.wav,Noakhali,train
Noakhali/nkhl253.wav,Noakhali,train
Noakhali/nkhl254.wav,Noakhali,train
Noakhali/nkhl255.wav,Noakhali,train
Noakhali/nkhl256.wav,Noakhali,train
Noakhali/nkhl257.wav,Noakhali,val
Noakhali/nkhl258.wav,Noakhali,val
Noakhali/nkhl259.wav,Noakhali,test
Noakhali/nkhl26.wav,Noakhali,train
Noakhali/nkhl260.wav,Noakhali,train
Noakhali/nkhl261.wav,Noakhali,train
Noakhali/nkhl262.wav,Noakhali,train
Noakhali/nkhl263.wav,Noakhali,train
Noakhali/nkhl264.wav,Noakhali,train
Noakhali/nkhl265.wav,Noakhali,train
Noakhali/nkhl266.wav,Noakhali,train
Noakhali/nkhl267.wav,Noakhali,test
Noakhali/nkhl268.wav,Noakhali,train
Noakhali/nkhl269.wav,Noakhali,test
Noakhali/nkhl27.wav,Noakhali,train
Noakhali/nkhl270.wav,Noakhali,train
Noakhali/nkhl271.wav,Noakhali,test
Noakhali/nkhl272.wav,Noakhali,train
Noakhali/nkhl273.wav,Noakhali,train
Noakhali/nkhl274.wav,Noakhali,train
Noakhali/nkhl275.wav,Noakhali,train
Noakhali/nkhl276.wav,Noakhali,train
Noakhali/nkhl277.wav,Noakhali,val
Noakhali/nkhl278.wav,Noakhali,train
Noakhali/nkhl279.wav,Noakhali,train
Noakhali/nkhl28.wav,Noakhali,val
Noakhali/nkhl280.wav,Noakhali,train
Noakhali/nkhl281.wav,Noakhali,train
Noakhali/nkhl282.wav,Noakhali,train
Noakhali/nkhl283.wav,Noakhali,train
Noakhali/nkhl284.wav,Noakhali,test
Noakhali/nkhl285.wav,Noakhali,test
Noakhali/nkhl286.wav,Noakhali,train
Noakhali/nkhl287.wav,Noakhali,val
Noakhali/nkhl288.wav,Noakhali,val
Noakhali/nkhl289.wav,Noakhali,train
Noakhali/nkhl29.wav,Noakhali,val
Noakhali/nkhl290.wav,Noakhali,train
Noakhali/nkhl291.wav,Noakhali,train
Noakhali/nkhl292.wav,Noakhali,test
Noakhali/nkhl293.wav,Noakhali,val
Noakhali/nkhl294.wav,Noakhali,train
Noakhali/nkhl295.wav,Noakhali,train
Noakhali/nkhl296.wav,Noakhali,train
Noakhali/nkhl297.wav,Noakhali,train
Noakhali/nkhl298.wav,Noakhali,train
Noakhali/nkhl299.wav,Noakhali,val
Noakhali/nkhl3.wav,Noakhali,test
Noakhali/nkhl30.wav,Noakhali,train
Noakhali/nkhl300.wav,Noakhali,train
Noakhali/nkhl301.wav,Noakhali,train
Noakhali/nkhl302.wav,Noakhali,train
Noakhali/nkhl303.wav,Noakhali,val
Noakhali/nkhl304.wav,Noakhali,train
Noakhali/nkhl305.wav,Noakhali,test
Noakhali/nkhl306.wav,Noakhali,train
Noakhali/nkhl307.wav,Noakhali,test
Noakhali/nkhl308.wav,Noakhali,train
Noakhali/nkhl309.wav,Noakhali,train
Noakhali/nkhl31.wav,Noakhali,train
Noakhali/nkhl310.wav,Noakhali,train
Noakhali/nkhl311.wav,Noakhali,train
Noakhali/nkhl312.wav,Noakhali,train
Noakhali/nkhl313.wav,Noakhali,train
Noakhali/nkhl314.wav,Noakhali,train
Noakhali/nkhl315.wav,Noakhali,train
Noakhali/nkhl316.wav,Noakhali,train
Noakhali/nkhl317.wav,Noakhali,train
Noakhali/nkhl318.wav,Noakhali,val
Noakhali/nkhl319.wav,Noakhali,train
Noakhali/nkhl32.wav,Noakhali,train
Noakhali/nkhl320.wav,Noakhali,train
Noakhali/nkhl321.wav,Noakhali,train
Noakhali/nkhl322.wav,Noakhali,train
Noakhali/nkhl323.wav,Noakhali,train
Noakhali/nkhl324.wav,Noakhali,test
Noakhali/nkhl325.wav,Noakhali,test
Noakhali/nkhl326.wav,Noakhali,train
Noakhali/nkhl327.wav,Noakhali,train
Noakhali/nkhl328.wav,Noakhali,train
Noakhali/nkhl329.wav,Noakhali,train
Noakhali/nkhl33.wav,Noakhali,test
Noakhali/nkhl330.wav,Noakhali,train
Noakhali/nkhl331.wav,Noakhali,test
Noakhali/nkhl332.wav,Noakhali,train
Noakhali/nkhl333.wav,Noakhali,train
Noakhali/nkhl334.wav,Noakhali,val
Noakhali/nkhl335.wav,Noakhali,train
Noakhali/nkhl336.wav,Noakhali,train
Noakhali/nkhl337.wav,Noakhali,train
Noakhali/nkhl338.wav,Noakhali,train
Noakhali/nkhl339.wav,Noakhali,test
Noakhali/nkhl34.wav,Noakhali,val
Noakhali/nkhl340.wav,Noakhali,test
Noakhali/nkhl341.wav,Noakhali,train
Noakhali/nkhl342.wav,Noakhali,train
Noakhali/nkhl343.wav,Noakhali,val
Noakhali/nkhl344.wav,Noakhali,train
Noakhali/nkhl345.wav,Noakhali,train
Noakhali/nkhl346.wav,Noakhali,train
Noakhali/nkhl347.wav,Noakhali,train
Noakhali/nkhl348.wav,Noakhali,train
Noakhali/nkhl349.wav,Noakhali,train
Noakhali/nkhl35.wav,Noakhali,test
Noakhali/nkhl350.wav,Noakhali,test
Noakhali/nkhl351.wav,Noakhali,train
Noakhali/nkhl352.wav,Noakhali,test
Noakhali/nkhl353.wav,Noakhali,train
Noakhali/nkhl354.wav,Noakhali,train
Noakhali/nkhl355.wav,Noakhali,train
Noakhali/nkhl356.wav,Noakhali,train
Noakhali/nkhl357.wav,Noakhali,train
Noakhali/nkhl358.wav,Noakhali,train
Noakhali/nkhl359.wav,Noakhali,train
Noakhali/nkhl36.wav,Noakhali,train
Noakhali/nkhl360.wav,Noakhali,train
Noakhali/nkhl361.wav,Noakhali,test
Noakhali/nkhl362.wav,Noakhali,test
Noakhali/nkhl363.wav,Noakhali,train
Noakhali/nkhl364.wav,Noakhali,train
Noakhali/nkhl365.wav,Noakhali,train
Noakhali/nkhl366.wav,Noakhali,train
Noakhali/nkhl367.wav,Noakhali,train
Noakhali/nkhl368.wav,Noakhali,train
Noakhali/nkhl369.wav,Noakhali,train
Noakhali/nkhl37.wav,Noakhali,train
Noakhali/nkhl370.wav,Noakhali,train
Noakhali/nkhl371.wav,Noakhali,test
Noakhali/nkhl372.wav,Noakhali,train
Noakhali/nkhl373.wav,Noakhali,test
Noakhali/nkhl374.wav,Noakhali,train
Noakhali/nkhl375.wav,Noakhali,val
Noakhali/nkhl376.wav,Noakhali,train
Noakhali/nkhl377.wav,Noakhali,train
Noakhali/nkhl378.wav,Noakhali,train
Noakhali/nkhl379.wav,Noakhali,train
Noakhali/nkhl38.wav,Noakhali,train
Noakhali/nkhl380.wav,Noakhali,train
Noakhali/nkhl381.wav,Noakhali,train
Noakhali/nkhl382.wav,Noakhali,train
Noakhali/nkhl383.wav,Noakhali,test
Noakhali/nkhl384.wav,Noakhali,train
Noakhali/nkhl385.wav,Noakhali,train
Noakhali/nkhl386.wav,Noakhali,test
Noakhali/nkhl387.wav,Noakhali,train
Noakhali/nkhl388.wav,Noakhali,val
Noakhali/nkhl389.wav,Noakhali,train
Noakhali/nkhl39.wav,Noakhali,test
Noakhali/nkhl390.wav,Noakhali,val
Noakhali/nkhl391.wav,Noakhali,train
Noakhali/nkhl392.wav,Noakhali,train
Noakhali/nkhl393.wav,Noakhali,test
Noakhali/nkhl394.wav,Noakhali,train
Noakhali/nkhl395.wav,Noakhali,train
Noakhali/nkhl396.wav,Noakhali,train
Noakhali/nkhl397.wav,Noakhali,test
Noakhali/nkhl398.wav,Noakhali,train
Noakhali/nkhl399.wav,Noakhali,train
Noakhali/nkhl4.wav,Noakhali,train
Noakhali/nkhl40.wav,Noakhali,train
Noakhali/nkhl400.wav,Noakhali,train
Noakhali/nkhl401.wav,Noakhali,train
Noakhali/nkhl402.wav,Noakhali,train
Noakhali/nkhl403.wav,Noakhali,test
Noakhali/nkhl404.wav,Noakhali,train
Noakhali/nkhl405.wav,Noakhali,train
Noakhali/nkhl406.wav,Noakhali,train
Noakhali/nkhl407.wav,Noakhali,train
Noakhali/nkhl408.wav,Noakhali,train
Noakhali/nkhl409.wav,Noakhali,test
Noakhali/nkhl41.wav,Noakhali,train
Noakhali/nkhl410.wav,Noakhali,train
Noakhali/nkhl411.wav,Noakhali,train
Noakhali/nkhl412.wav,Noakhali,train
Noakhali/nkhl413.wav,Noakhali,train
Noakhali/nkhl414.wav,Noakhali,train
Noakhali/nkhl415.wav,Noakhali,train
Noakhali/nkhl416.wav,Noakhali,test
Noakhali/nkhl417.wav,Noakhali,train
Noakhali/nkhl418.wav,Noakhali,train
Noakhali/nkhl419.wav,Noakhali,train
Noakhali/nkhl42.wav,Noakhali,train
Noakhali/nkhl420.wav,Noakhali,train
Noakhali/nkhl421.wav,Noakhali,train
Noakhali/nkhl422.wav,Noakhali,train
Noakhali/nkhl423.wav,Noakhali,train
Noakhali/nkhl424.wav,Noakhali,train
Noakhali/nkhl425.wav,Noakhali,train
Noakhali/nkhl426.wav,Noakhali,train
Noakhali/nkhl427.wav,Noakhali,train
Noakhali/nkhl428.wav,Noakhali,test
Noakhali/nkhl429.wav,Noakhali,train
Noakhali/nkhl43.wav,Noakhali,train
Noakhali/nkhl430.wav,Noakhali,train
Noakhali/nkhl431.wav,Noakhali,train
Noakhali/nkhl432.wav,Noakhali,train
Noakhali/nkhl433.wav,Noakhali,train
Noakhali/nkhl434.wav,Noakhali,val
Noakhali/nkhl435.wav,Noakhali,test
Noakhali/nkhl436.wav,Noakhali,train
Noakhali/nkhl437.wav,Noakhali,train
Noakhali/nkhl438.wav,Noakhali,train
Noakhali/nkhl439.wav,Noakhali,train
Noakhali/nkhl44.wav,Noakhali,train
Noakhali/nkhl440.wav,Noakhali,train
Noakhali/nkhl441.wav,Noakhali,train
Noakhali/nkhl442.wav,Noakhali,val
Noakhali/nkhl443.wav,Noakhali,train
Noakhali/nkhl444.wav,Noakhali,val
Noakhali/nkhl445.wav,Noakhali,train
Noakhali/nkhl446.wav,Noakhali,train
Noakhali/nkhl447.wav,Noakhali,train
Noakhali/nkhl448.wav,Noakhali,val
Noakhali/nkhl449.wav,Noakhali,train
Noakhali/nkhl45.wav,Noakhali,test
Noakhali/nkhl450.wav,Noakhali,test
Noakhali/nkhl451.wav,Noakhali,test
Noakhali/nkhl452.wav,Noakhali,val
Noakhali/nkhl453.wav,Noakhali,test
Noakhali/nkhl454.wav,Noakhali,train
Noakhali/nkhl455.wav,Noakhali,train
Noakhali/nkhl456.wav,Noakhali,train
Noakhali/nkhl457.wav,Noakhali,train
Noakhali/nkhl458.wav,Noakhali,train
Noakhali/nkhl459.wav,Noakhali,train
Noakhali/nkhl46.wav,Noakhali,train
Noakhali/nkhl460.wav,Noakhali,test
Noakhali/nkhl461.wav,Noakhali,val
Noakhali/nkhl462.wav,Noakhali,train
Noakhali/nkhl463.wav,Noakhali,train
Noakhali/nkhl464.wav,Noakhali,train
Noakhali/nkhl465.wav,Noakhali,val
Noakhali/nkhl466.wav,Noakhali,train
Noakhali/nkhl467.wav,Noakhali,train
Noakhali/nkhl468.wav,Noakhali,train
Noakhali/nkhl469.wav,Noakhali,train
Noakhali/nkhl47.wav,Noakhali,train
Noakhali/nkhl470.wav,Noakhali,test
Noakhali/nkhl471.wav,Noakhali,train
Noakhali/nkhl472.wav,Noakhali,train
Noakhali/nkhl473.wav,Noakhali,val
Noakhali/nkhl474.wav,Noakhali,val
Noakhali/nkhl475.wav,Noakhali,train
Noakhali/nkhl476.wav,Noakhali,train
Noakhali/nkhl477.wav,Noakhali,train
Noakhali/nkhl478.wav,Noakhali,train
Noakhali/nkhl479.wav,Noakhali,train
Noakhali/nkhl48.wav,Noakhali,train
Noakhali/nkhl480.wav,Noakhali,train
Noakhali/nkhl481.wav,Noakhali,train
Noakhali/nkhl482.wav,Noakhali,train
Noakhali/nkhl483.wav,Noakhali,val
Noakhali/nkhl484.wav,Noakhali,train
Noakhali/nkhl485.wav,Noakhali,train
Noakhali/nkhl486.wav,Noakhali,train
Noakhali/nkhl487.wav,Noakhali,train
Noakhali/nkhl488.wav,Noakhali,test
Noakhali/nkhl489.wav,Noakhali,train
Noakhali/nkhl49.wav,Noakhali,test
Noakhali/nkhl490.wav,Noakhali,train
Noakhali/nkhl491.wav,Noakhali,train
Noakhali/nkhl492.wav,Noakhali,train
Noakhali/nkhl493.wav,Noakhali,train
Noakhali/nkhl494.wav,Noakhali,train
Noakhali/nkhl495.wav,Noakhali,train
Noakhali/nkhl496.wav,Noakhali,train
Noakhali/nkhl497.wav,Noakhali,train
Noakhali/nkhl498.wav,Noakhali,train
Noakhali/nkhl499.wav,Noakhali,train
Noakhali/nkhl5.wav,Noakhali,train
Noakhali/nkhl50.wav,Noakhali,test
Noakhali/nkhl500.wav,Noakhali,train
Noakhali/nkhl501.wav,Noakhali,train
Noakhali/nkhl502.wav,Noakhali,train
Noakhali/nkhl503.wav,Noakhali,train
Noakhali/nkhl504.wav,Noakhali,train
Noakhali/nkhl505.wav,Noakhali,val
Noakhali/nkhl506.wav,Noakhali,test
Noakhali/nkhl507.wav,Noakhali,train
Noakhali/nkhl508.wav,Noakhali,train
Noakhali/nkhl509.wav,Noakhali,train
Noakhali/nkhl51.wav,Noakhali,train
Noakhali/nkhl510.wav,Noakhali,train
Noakhali/nkhl511.wav,Noakhali,train
Noakhali/nkhl512.wav,Noakhali,train
Noakhali/nkhl513.wav,Noakhali,train
Noakhali/nkhl514.wav,Noakhali,train
Noakhali/nkhl515.wav,Noakhali,train
Noakhali/nkhl516.wav,Noakhali,train
Noakhali/nkhl517.wav,Noakhali,train
Noakhali/nkhl518.wav,Noakhali,train
Noakhali/nkhl519.wav,Noakhali,train
Noakhali/nkhl52.wav,Noakhali,test
Noakhali/nkhl520.wav,Noakhali,test
Noakhali/nkhl521.wav,Noakhali,train
Noakhali/nkhl522.wav,Noakhali,train
Noakhali/nkhl523.wav,Noakhali,train
Noakhali/nkhl524.wav,Noakhali,train
Noakhali/nkhl525.wav,Noakhali,test
Noakhali/nkhl526.wav,Noakhali,train
Noakhali/nkhl527.wav,Noakhali,train
Noakhali/nkhl528.wav,Noakhali,train
Noakhali/nkhl529.wav,Noakhali,train
Noakhali/nkhl53.wav,Noakhali,train
Noakhali/nkhl530.wav,Noakhali,train
Noakhali/nkhl531.wav,Noakhali,train
Noakhali/nkhl532.wav,Noakhali,train
Noakhali/nkhl533.wav,Noakhali,train
Noakhali/nkhl534.wav,Noakhali,test
Noakhali/nkhl535.wav,Noakhali,train
Noakhali/nkhl536.wav,Noakhali,test
Noakhali/nkhl537.wav,Noakhali,train
Noakhali/nkhl538.wav,Noakhali,train
Noakhali/nkhl539.wav,Noakhali,train
Noakhali/nkhl54.wav,Noakhali,val
Noakhali/nkhl540.wav,Noakhali,train
Noakhali/nkhl541.wav,Noakhali,train
Noakhali/nkhl542.wav,Noakhali,train
Noakhali/nkhl543.wav,Noakhali,test
Noakhali/nkhl544.wav,Noakhali,train
Noakhali/nkhl545.wav,Noakhali,val
Noakhali/nkhl546.wav,Noakhali,train
Noakhali/nkhl547.wav,Noakhali,train
Noakhali/nkhl548.wav,Noakhali,val
Noakhali/nkhl549.wav,Noakhali,test
Noakhali/nkhl55.wav,Noakhali,train
Noakhali/nkhl550.wav,Noakhali,train
Noakhali/nkhl551.wav,Noakhali,val
Noakhali/nkhl552.wav,Noakhali,train
Noakhali/nkhl553.wav,Noakhali,train
Noakhali/nkhl554.wav,Noakhali,train
Noakhali/nkhl555.wav,Noakhali,train
Noakhali/nkhl556.wav,Noakhali,train
Noakhali/nkhl557.wav,Noakhali,test
Noakhali/nkhl558.wav,Noakhali,val
Noakhali/nkhl559.wav,Noakhali,train
Noakhali/nkhl56.wav,Noakhali,train
Noakhali/nkhl560.wav,Noakhali,train
Noakhali/nkhl561.wav,Noakhali,val
Noakhali/nkhl562.wav,Noakhali,train
Noakhali/nkhl563.wav,Noakhali,train
Noakhali/nkhl564.wav,Noakhali,train
Noakhali/nkhl565.wav,Noakhali,train
Noakhali/nkhl566.wav,Noakhali,train
Noakhali/nkhl567.wav,Noakhali,train
Noakhali/nkhl568.wav,Noakhali,train
Noakhali/nkhl569.wav,Noakhali,train
Noakhali/nkhl57.wav,Noakhali,train
Noakhali/nkhl570.wav,Noakhali,test
Noakhali/nkhl571.wav,Noakhali,train
Noakhali/nkhl572.wav,Noakhali,train
Noakhali/nkhl573.wav,Noakhali,train
Noakhali/nkhl574.wav,Noakhali,val
Noakhali/nkhl575.wav,Noakhali,train
Noakhali/nkhl576.wav,Noakhali,test
Noakhali/nkhl577.wav,Noakhali,test
Noakhali/nkhl578.wav,Noakhali,train
Noakhali/nkhl579.wav,Noakhali,train
Noakhali/nkhl58.wav,Noakhali,train
Noakhali/nkhl580.wav,Noakhali,train
Noakhali/nkhl581.wav,Noakhali,train
Noakhali/nkhl582.wav,Noakhali,train
Noakhali/nkhl583.wav,Noakhali,train
Noakhali/nkhl584.wav,Noakhali,train
Noakhali/nkhl585.wav,Noakhali,train
Noakhali/nkhl586.wav,Noakhali,val
Noakhali/nkhl587.wav,Noakhali,train
Noakhali/nkhl588.wav,Noakhali,train
Noakhali/nkhl589.wav,Noakhali,train
Noakhali/nkhl59.wav,Noakhali,train
Noakhali/nkhl590.wav,Noakhali,val
Noakhali/nkhl591.wav,Noakhali,train
Noakhali/nkhl592.wav,Noakhali,test
Noakhali/nkhl593.wav,Noakhali,test
Noakhali/nkhl594.wav,Noakhali,val
Noakhali/nkhl595.wav,Noakhali,test
Noakhali/nkhl596.wav,Noakhali,train
Noakhali/nkhl597.wav,Noakhali,train
Noakhali/nkhl598.wav,Noakhali,val
Noakhali/nkhl599.wav,Noakhali,train
Noakhali/nkhl6.wav,Noakhali,train
Noakhali/nkhl60.wav,Noakhali,train
Noakhali/nkhl600.wav,Noakhali,train
Noakhali/nkhl601.wav,Noakhali,test
Noakhali/nkhl602.wav,Noakhali,val
Noakhali/nkhl603.wav,Noakhali,train
Noakhali/nkhl604.wav,Noakhali,train
Noakhali/nkhl605.wav,Noakhali,train
Noakhali/nkhl606.wav,Noakhali,val
Noakhali/nkhl607.wav,Noakhali,train
Noakhali/nkhl608.wav,Noakhali,val
Noakhali/nkhl609.wav,Noakhali,train
Noakhali/nkhl61.wav,Noakhali,test
Noakhali/nkhl610.wav,Noakhali,train
Noakhali/nkhl611.wav,Noakhali,train
Noakhali/nkhl612.wav,Noakhali,train
Noakhali/nkhl613.wav,Noakhali,train
Noakhali/nkhl614.wav,Noakhali,train
Noakhali/nkhl615.wav,Noakhali,train
Noakhali/nkhl616.wav,Noakhali,train
Noakhali/nkhl617.wav,Noakhali,train
Noakhali/nkhl618.wav,Noakhali,train
Noakhali/nkhl619.wav,Noakhali,train
Noakhali/nkhl62.wav,Noakhali,train
Noakhali/nkhl620.wav,Noakhali,train
Noakhali/nkhl621.wav,Noakhali,train
Noakhali/nkhl622.wav,Noakhali,train
Noakhali/nkhl623.wav,Noakhali,train
Noakhali/nkhl624.wav,Noakhali,test
Noakhali/nkhl625.wav,Noakhali,val
Noakhali/nkhl626.wav,Noakhali,test
Noakhali/nkhl627.wav,Noakhali,train
Noakhali/nkhl628.wav,Noakhali,train
Noakhali/nkhl629.wav,Noakhali,val
Noakhali/nkhl63.wav,Noakhali,train
Noakhali/nkhl630.wav,Noakhali,train
Noakhali/nkhl631.wav,Noakhali,train
Noakhali/nkhl632.wav,Noakhali,train
Noakhali/nkhl633.wav,Noakhali,test
Noakhali/nkhl634.wav,Noakhali,test
Noakhali/nkhl635.wav,Noakhali,train
Noakhali/nkhl636.wav,Noakhali,train
Noakhali/nkhl637.wav,Noakhali,train
Noakhali/nkhl638.wav,Noakhali,test
Noakhali/nkhl639.wav,Noakhali,val
Noakhali/nkhl64.wav,Noakhali,train
Noakhali/nkhl640.wav,Noakhali,train
Noakhali/nkhl641.wav,Noakhali,train
Noakhali/nkhl642.wav,Noakhali,train
Noakhali/nkhl643.wav,Noakhali,train
Noakhali/nkhl644.wav,Noakhali,train
Noakhali/nkhl645.wav,Noakhali,test
Noakhali/nkhl646.wav,Noakhali,train
Noakhali/nkhl647.wav,Noakhali,train
Noakhali/nkhl648.wav,Noakhali,train
Noakhali/nkhl649.wav,Noakhali,test
Noakhali/nkhl65.wav,Noakhali,train
Noakhali/nkhl650.wav,Noakhali,train
Noakhali/nkhl651.wav,Noakhali,train
Noakhali/nkhl652.wav,Noakhali,test
Noakhali/nkhl653.wav,Noakhali,train
Noakhali/nkhl654.wav,Noakhali,train
Noakhali/nkhl655.wav,Noakhali,train
Noakhali/nkhl656.wav,Noakhali,train
Noakhali/nkhl657.wav,Noakhali,train
Noakhali/nkhl658.wav,Noakhali,train
Noakhali/nkhl659.wav,Noakhali,train
Noakhali/nkhl66.wav,Noakhali,train
Noakhali/nkhl660.wav,Noakhali,train
Noakhali/nkhl661.wav,Noakhali,train
Noakhali/nkhl662.wav,Noakhali,train
Noakhali/nkhl663.wav,Noakhali,train
Noakhali/nkhl664.wav,Noakhali,train
Noakhali/nkhl665.wav,Noakhali,train
Noakhali/nkhl666.wav,Noakhali,train
Noakhali/nkhl667.wav,Noakhali,train
Noakhali/nkhl668.wav,Noakhali,train
Noakhali/nkhl669.wav,Noakhali,test
Noakhali/nkhl67.wav,Noakhali,train
Noakhali/nkhl670.wav,Noakhali,train
Noakhali/nkhl671.wav,Noakhali,train
Noakhali/nkhl672.wav,Noakhali,train
Noakhali/nkhl673.wav,Noakhali,train
Noakhali/nkhl674.wav,Noakhali,train
Noakhali/nkhl675.wav,Noakhali,train
Noakhali/nkhl676.wav,Noakhali,train
Noakhali/nkhl677.wav,Noakhali,train
Noakhali/nkhl678.wav,Noakhali,test
Noakhali/nkhl679.wav,Noakhali,train
Noakhali/nkhl68.wav,Noakhali,train
Noakhali/nkhl680.wav,Noakhali,train
Noakhali/nkhl681.wav,Noakhali,test
Noakhali/nkhl682.wav,Noakhali,train
Noakhali/nkhl683.wav,Noakhali,train
Noakhali/nkhl684.wav,Noakhali,val
Noakhali/nkhl685.wav,Noakhali,val
Noakhali/nkhl686.wav,Noakhali,test
Noakhali/nkhl687.wav,Noakhali,train
Noakhali/nkhl688.wav,Noakhali,train
Noakhali/nkhl689.wav,Noakhali,test
Noakhali/nkhl69.wav,Noakhali,val
Noakhali/nkhl690.wav,Noakhali,test
Noakhali/nkhl691.wav,Noakhali,val
Noakhali/nkhl692.wav,Noakhali,train
Noakhali/nkhl693.wav,Noakhali,test
Noakhali/nkhl694.wav,Noakhali,test
Noakhali/nkhl695.wav,Noakhali,train
Noakhali/nkhl696.wav,Noakhali,train
Noakhali/nkhl697.wav,Noakhali,test
Noakhali/nkhl698.wav,Noakhali,train
Noakhali/nkhl699.wav,Noakhali,train
Noakhali/nkhl7.wav,Noakhali,train
Noakhali/nkhl70.wav,Noakhali,train
Noakhali/nkhl700.wav,Noakhali,train
Noakhali/nkhl701.wav,Noakhali,test
Noakhali/nkhl702.wav,Noakhali,train
Noakhali/nkhl703.wav,Noakhali,train
Noakhali/nkhl704.wav,Noakhali,train
Noakhali/nkhl705.wav,Noakhali,train
Noakhali/nkhl706.wav,Noakhali,train
Noakhali/nkhl707.wav,Noakhali,val
Noakhali/nkhl708.wav,Noakhali,train
Noakhali/nkhl709.wav,Noakhali,train
Noakhali/nkhl71.wav,Noakhali,train
Noakhali/nkhl710.wav,Noakhali,train
Noakhali/nkhl711.wav,Noakhali,train
Noakhali/nkhl712.wav,Noakhali,train
Noakhali/nkhl713.wav,Noakhali,train
Noakhali/nkhl714.wav,Noakhali,train
Noakhali/nkhl715.wav,Noakhali,train
Noakhali/nkhl716.wav,Noakhali,train
Noakhali/nkhl717.wav,Noakhali,val
Noakhali/nkhl718.wav,Noakhali,test
Noakhali/nkhl719.wav,Noakhali,train
Noakhali/nkhl72.wav,Noakhali,train
Noakhali/nkhl720.wav,Noakhali,train
Noakhali/nkhl721.wav,Noakhali,test
Noakhali/nkhl722.wav,Noakhali,train
Noakhali/nkhl723.wav,Noakhali,train
Noakhali/nkhl724.wav,Noakhali,train
Noakhali/nkhl725.wav,Noakhali,val
Noakhali/nkhl726.wav,Noakhali,train
Noakhali/nkhl727.wav,Noakhali,train
Noakhali/nkhl728.wav,Noakhali,val
Noakhali/nkhl729.wav,Noakhali,train
Noakhali/nkhl73.wav,Noakhali,val
Noakhali/nkhl730.wav,Noakhali,test
Noakhali/nkhl731.wav,Noakhali,train
Noakhali/nkhl732.wav,Noakhali,train
Noakhali/nkhl733.wav,Noakhali,train
Noakhali/nkhl734.wav,Noakhali,train
Noakhali/nkhl735.wav,Noakhali,train
Noakhali/nkhl736.wav,Noakhali,train
Noakhali/nkhl737.wav,Noakhali,test
Noakhali/nkhl738.wav,Noakhali,test
Noakhali/nkhl739.wav,Noakhali,train
Noakhali/nkhl74.wav,Noakhali,val
Noakhali/nkhl740.wav,Noakhali,test
Noakhali/nkhl741.wav,Noakhali,train
Noakhali/nkhl742.wav,Noakhali,train
Noakhali/nkhl743.wav,Noakhali,train
Noakhali/nkhl744.wav,Noakhali,train
Noakhali/nkhl745.wav,Noakhali,train
Noakhali/nkhl746.wav,Noakhali,train
Noakhali/nkhl747.wav,Noakhali,train
Noakhali/nkhl748.wav,Noakhali,train
Noakhali/nkhl749.wav,Noakhali,train
Noakhali/nkhl75.wav,Noakhali,test
Noakhali/nkhl750.wav,Noakhali,val
Noakhali/nkhl751.wav,Noakhali,train
Noakhali/nkhl752.wav,Noakhali,test
Noakhali/nkhl753.wav,Noakhali,test
Noakhali/nkhl754.wav,Noakhali,train
Noakhali/nkhl755.wav,Noakhali,train
Noakhali/nkhl756.wav,Noakhali,train
Noakhali/nkhl757.wav,Noakhali,train
Noakhali/nkhl758.wav,Noakhali,train
Noakhali/nkhl759.wav,Noakhali,train
Noakhali/nkhl76.wav,Noakhali,train
Noakhali/nkhl760.wav,Noakhali,train
Noakhali/nkhl761.wav,Noakhali,train
Noakhali/nkhl762.wav,Noakhali,train
Noakhali/nkhl763.wav,Noakhali,train
Noakhali/nkhl764.wav,Noakhali,train
Noakhali/nkhl765.wav,Noakhali,test
Noakhali/nkhl766.wav,Noakhali,test
Noakhali/nkhl767.wav,Noakhali,train
Noakhali/nkhl768.wav,Noakhali,train
Noakhali/nkhl769.wav,Noakhali,test
Noakhali/nkhl77.wav,Noakhali,train
Noakhali/nkhl770.wav,Noakhali,train
Noakhali/nkhl771.wav,Noakhali,val
Noakhali/nkhl772.wav,Noakhali,train
Noakhali/nkhl773.wav,Noakhali,train
Noakhali/nkhl774.wav,Noakhali,test
Noakhali/nkhl775.wav,Noakhali,test
Noakhali/nkhl776.wav,Noakhali,train
Noakhali/nkhl777.wav,Noakhali,train
Noakhali/nkhl778.wav,Noakhali,test
Noakhali/nkhl779.wav,Noakhali,train
Noakhali/nkhl78.wav,Noakhali,val
Noakhali/nkhl780.wav,Noakhali,train
Noakhali/nkhl781.wav,Noakhali,train
Noakhali/nkhl782.wav,Noakhali,train
Noakhali/nkhl783.wav,Noakhali,val
Noakhali/nkhl784.wav,Noakhali,train
Noakhali/nkhl785.wav,Noakhali,train
Noakhali/nkhl786.wav,Noakhali,train
Noakhali/nkhl787.wav,Noakhali,test
Noakhali/nkhl788.wav,Noakhali,train
Noakhali/nkhl789.wav,Noakhali,test
Noakhali/nkhl79.wav,Noakhali,test
Noakhali/nkhl790.wav,Noakhali,train
Noakhali/nkhl791.wav,Noakhali,val
Noakhali/nkhl792.wav,Noakhali,train
Noakhali/nkhl793.wav,Noakhali,train
Noakhali/nkhl794.wav,Noakhali,train
Noakhali/nkhl795.wav,Noakhali,train
Noakhali/nkhl796.wav,Noakhali,test
Noakhali/nkhl797.wav,Noakhali,test
Noakhali/nkhl798.wav,Noakhali,train
Noakhali/nkhl799.wav,Noakhali,train
Noakhali/nkhl8.wav,Noakhali,train
Noakhali/nkhl80.wav,Noakhali,train
Noakhali/nkhl800.wav,Noakhali,train
Noakhali/nkhl801.wav,Noakhali,train
Noakhali/nkhl802.wav,Noakhali,test
Noakhali/nkhl803.wav,Noakhali,train
Noakhali/nkhl804.wav,Noakhali,train
Noakhali/nkhl805.wav,Noakhali,train
Noakhali/nkhl806.wav,Noakhali,train
Noakhali/nkhl807.wav,Noakhali,train
Noakhali/nkhl808.wav,Noakhali,train
Noakhali/nkhl809.wav,Noakhali,train
Noakhali/nkhl81.wav,Noakhali,test
Noakhali/nkhl810.wav,Noakhali,test
Noakhali/nkhl811.wav,Noakhali,train
Noakhali/nkhl812.wav,Noakhali,train
Noakhali/nkhl813.wav,Noakhali,train
Noakhali/nkhl814.wav,Noakhali,train
Noakhali/nkhl815.wav,Noakhali,test
Noakhali/nkhl816.wav,Noakhali,val
Noakhali/nkhl817.wav,Noakhali,train
Noakhali/nkhl818.wav,Noakhali,train
Noakhali/nkhl819.wav,Noakhali,test
Noakhali/nkhl82.wav,Noakhali,train
Noakhali/nkhl820.wav,Noakhali,train
Noakhali/nkhl821.wav,Noakhali,train
Noakhali/nkhl822.wav,Noakhali,train
Noakhali/nkhl823.wav,Noakhali,train
Noakhali/nkhl824.wav,Noakhali,train
Noakhali/nkhl825.wav,Noakhali,train
Noakhali/nkhl826.wav,Noakhali,test
Noakhali/nkhl827.wav,Noakhali,train
Noakhali/nkhl828.wav,Noakhali,train
Noakhali/nkhl829.wav,Noakhali,train
Noakhali/nkhl83.wav,Noakhali,train
Noakhali/nkhl830.wav,Noakhali,train
Noakhali/nkhl831.wav,Noakhali,train
Noakhali/nkhl832.wav,Noakhali,train
Noakhali/nkhl833.wav,Noakhali,val
Noakhali/nkhl834.wav,Noakhali,train
Noakhali/nkhl835.wav,Noakhali,train
Noakhali/nkhl836.wav,Noakhali,train
Noakhali/nkhl837.wav,Noakhali,train
Noakhali/nkhl838.wav,Noakhali,train
Noakhali/nkhl839.wav,Noakhali,train
Noakhali/nkhl84.wav,Noakhali,train
Noakhali/nkhl840.wav,Noakhali,train
Noakhali/nkhl841.wav,Noakhali,test
Noakhali/nkhl842.wav,Noakhali,train
Noakhali/nkhl843.wav,Noakhali,test
Noakhali/nkhl844.wav,Noakhali,train
Noakhali/nkhl845.wav,Noakhali,train
Noakhali/nkhl846.wav,Noakhali,train
Noakhali/nkhl847.wav,Noakhali,train
Noakhali/nkhl848.wav,Noakhali,test
Noakhali/nkhl849.wav,Noakhali,train
Noakhali/nkhl85.wav,Noakhali,train
Noakhali/nkhl850.wav,Noakhali,train
Noakhali/nkhl851.wav,Noakhali,train
Noakhali/nkhl852.wav,Noakhali,train
Noakhali/nkhl853.wav,Noakhali,train
Noakhali/nkhl854.wav,Noakhali,train
Noakhali/nkhl855.wav,Noakhali,train
Noakhali/nkhl856.wav,Noakhali,train
Noakhali/nkhl857.wav,Noakhali,train
Noakhali/nkhl858.wav,Noakhali,train
Noakhali/nkhl859.wav,Noakhali,train
Noakhali/nkhl86.wav,Noakhali,train
Noakhali/nkhl860.wav,Noakhali,test
Noakhali/nkhl861.wav,Noakhali,train
Noakhali/nkhl862.wav,Noakhali,val
Noakhali/nkhl863.wav,Noakhali,train
Noakhali/nkhl864.wav,Noakhali,test
Noakhali/nkhl865.wav,Noakhali,train
Noakhali/nkhl866.wav,Noakhali,train
Noakhali/nkhl867.wav,Noakhali,train
Noakhali/nkhl868.wav,Noakhali,train
Noakhali/nkhl869.wav,Noakhali,train
Noakhali/nkhl87.wav,Noakhali,train
Noakhali/nkhl870.wav,Noakhali,train
Noakhali/nkhl871.wav,Noakhali,test
Noakhali/nkhl872.wav,Noakhali,train
Noakhali/nkhl873.wav,Noakhali,train
Noakhali/nkhl874.wav,Noakhali,train
Noakhali/nkhl875.wav,Noakhali,train
Noakhali/nkhl876.wav,Noakhali,train
Noakhali/nkhl877.wav,Noakhali,val
Noakhali/nkhl878.wav,Noakhali,train
Noakhali/nkhl879.wav,Noakhali,train
Noakhali/nkhl88.wav,Noakhali,train
Noakhali/nkhl880.wav,Noakhali,train
Noakhali/nkhl881.wav,Noakhali,train
Noakhali/nkhl882.wav,Noakhali,val
Noakhali/nkhl883.wav,Noakhali,val
Noakhali/nkhl884.wav,Noakhali,train
Noakhali/nkhl885.wav,Noakhali,train
Noakhali/nkhl886.wav,Noakhali,val
Noakhali/nkhl887.wav,Noakhali,train
Noakhali/nkhl888.wav,Noakhali,train
Noakhali/nkhl889.wav,Noakhali,train
Noakhali/nkhl89.wav,Noakhali,train
Noakhali/nkhl890.wav,Noakhali,train
Noakhali/nkhl891.wav,Noakhali,val
Noakhali/nkhl892.wav,Noakhali,test
Noakhali/nkhl893.wav,Noakhali,train
Noakhali/nkhl894.wav,Noakhali,train
Noakhali/nkhl895.wav,Noakhali,test
Noakhali/nkhl896.wav,Noakhali,train
Noakhali/nkhl897.wav,Noakhali,train
Noakhali/nkhl898.wav,Noakhali,train
Noakhali/nkhl899.wav,Noakhali,train
Noakhali/nkhl9.wav,Noakhali,val
Noakhali/nkhl90.wav,Noakhali,train
Noakhali/nkhl900.wav,Noakhali,test
Noakhali/nkhl901.wav,Noakhali,train
Noakhali/nkhl902.wav,Noakhali,train
Noakhali/nkhl903.wav,Noakhali,train
Noakhali/nkhl904.wav,Noakhali,train
Noakhali/nkhl905.wav,Noakhali,val
Noakhali/nkhl906.wav,Noakhali,train
Noakhali/nkhl907.wav,Noakhali,train
Noakhali/nkhl908.wav,Noakhali,train
Noakhali/nkhl909.wav,Noakhali,train
Noakhali/nkhl91.wav,Noakhali,train
Noakhali/nkhl910.wav,Noakhali,train
Noakhali/nkhl911.wav,Noakhali,train
Noakhali/nkhl912.wav,Noakhali,train
Noakhali/nkhl913.wav,Noakhali,train
Noakhali/nkhl914.wav,Noakhali,test
Noakhali/nkhl915.wav,Noakhali,train
Noakhali/nkhl916.wav,Noakhali,train
Noakhali/nkhl917.wav,Noakhali,train
Noakhali/nkhl918.wav,Noakhali,train
Noakhali/nkhl919.wav,Noakhali,train
Noakhali/nkhl92.wav,Noakhali,train
Noakhali/nkhl920.wav,Noakhali,test
Noakhali/nkhl921.wav,Noakhali,train
Noakhali/nkhl922.wav,Noakhali,train
Noakhali/nkhl923.wav,Noakhali,train
Noakhali/nkhl924.wav,Noakhali,train
Noakhali/nkhl925.wav,Noakhali,train
Noakhali/nkhl926.wav,Noakhali,train
Noakhali/nkhl927.wav,Noakhali,test
Noakhali/nkhl928.wav,Noakhali,train
Noakhali/nkhl929.wav,Noakhali,train
Noakhali/nkhl93.wav,Noakhali,train
Noakhali/nkhl930.wav,Noakhali,test
Noakhali/nkhl931.wav,Noakhali,train
Noakhali/nkhl932.wav,Noakhali,test
Noakhali/nkhl933.wav,Noakhali,train
Noakhali/nkhl934.wav,Noakhali,train
Noakhali/nkhl935.wav,Noakhali,train
Noakhali/nkhl936.wav,Noakhali,train
Noakhali/nkhl937.wav,Noakhali,train
Noakhali/nkhl938.wav,Noakhali,train
Noakhali/nkhl939.wav,Noakhali,train
Noakhali/nkhl94.wav,Noakhali,train
Noakhali/nkhl940.wav,Noakhali,train
Noakhali/nkhl941.wav,Noakhali,val
Noakhali/nkhl942.wav,Noakhali,train
Noakhali/nkhl943.wav,Noakhali,train
Noakhali/nkhl944.wav,Noakhali,train
Noakhali/nkhl945.wav,Noakhali,train
Noakhali/nkhl946.wav,Noakhali,train
Noakhali/nkhl947.wav,Noakhali,test
Noakhali/nkhl948.wav,Noakhali,train
Noakhali/nkhl949.wav,Noakhali,train
Noakhali/nkhl95.wav,Noakhali,train
Noakhali/nkhl950.wav,Noakhali,test
Noakhali/nkhl951.wav,Noakhali,train
Noakhali/nkhl952.wav,Noakhali,val
Noakhali/nkhl953.wav,Noakhali,train
Noakhali/nkhl954.wav,Noakhali,train
Noakhali/nkhl955.wav,Noakhali,train
Noakhali/nkhl956.wav,Noakhali,train
Noakhali/nkhl957.wav,Noakhali,val
Noakhali/nkhl958.wav,Noakhali,train
Noakhali/nkhl959.wav,Noakhali,train
Noakhali/nkhl96.wav,Noakhali,train
Noakhali/nkhl960.wav,Noakhali,train
Noakhali/nkhl961.wav,Noakhali,test
Noakhali/nkhl962.wav,Noakhali,train
Noakhali/nkhl963.wav,Noakhali,train
Noakhali/nkhl964.wav,Noakhali,train
Noakhali/nkhl965.wav,Noakhali,test
Noakhali/nkhl966.wav,Noakhali,train
Noakhali/nkhl967.wav,Noakhali,test
Noakhali/nkhl968.wav,Noakhali,train
Noakhali/nkhl969.wav,Noakhali,train
Noakhali/nkhl97.wav,Noakhali,train
Noakhali/nkhl970.wav,Noakhali,train
Noakhali/nkhl971.wav,Noakhali,train
Noakhali/nkhl972.wav,Noakhali,train
Noakhali/nkhl973.wav,Noakhali,train
Noakhali/nkhl974.wav,Noakhali,train
Noakhali/nkhl975.wav,Noakhali,train
Noakhali/nkhl976.wav,Noakhali,train
Noakhali/nkhl977.wav,Noakhali,train
Noakhali/nkhl978.wav,Noakhali,train
Noakhali/nkhl979.wav,Noakhali,train
Noakhali/nkhl98.wav,Noakhali,train
Noakhali/nkhl980.wav,Noakhali,test
Noakhali/nkhl981.wav,Noakhali,train
Noakhali/nkhl982.wav,Noakhali,train
Noakhali/nkhl983.wav,Noakhali,train
Noakhali/nkhl984.wav,Noakhali,test
Noakhali/nkhl985.wav,Noakhali,train
Noakhali/nkhl986.wav,Noakhali,train
Noakhali/nkhl987.wav,Noakhali,train
Noakhali/nkhl988.wav,Noakhali,test
Noakhali/nkhl989.wav,Noakhali,train
Noakhali/nkhl99.wav,Noakhali,train
Noakhali/nkhl990.wav,Noakhali,train
Noakhali/nkhl991.wav,Noakhali,train
Noakhali/nkhl992.wav,Noakhali,train
Noakhali/nkhl993.wav,Noakhali,train
Noakhali/nkhl994.wav,Noakhali,train
Noakhali/nkhl995.wav,Noakhali,val
Noakhali/nkhl996.wav,Noakhali,test
Noakhali/nkhl997.wav,Noakhali,val
Noakhali/nkhl998.wav,Noakhali,train
Noakhali/nkhl999.wav,Noakhali,train
Chottogram/ctg1.wav,Chattogram,train
Chottogram/ctg10.wav,Chattogram,train
Chottogram/ctg100.wav,Chattogram,train
Chottogram/ctg101.wav,Chattogram,train
Chottogram/ctg102.wav,Chattogram,train
Chottogram/ctg103.wav,Chattogram,train
Chottogram/ctg104.wav,Chattogram,train
Chottogram/ctg105.wav,Chattogram,train
Chottogram/ctg106.wav,Chattogram,train
Chottogram/ctg107.wav,Chattogram,val
Chottogram/ctg108.wav,Chattogram,train
Chottogram/ctg109.wav,Chattogram,train
Chottogram/ctg11.wav,Chattogram,train
Chottogram/ctg110.wav,Chattogram,train
Chottogram/ctg111.wav,Chattogram,train
Chottogram/ctg112.wav,Chattogram,val
Chottogram/ctg113.wav,Chattogram,train
Chottogram/ctg114.wav,Chattogram,train
Chottogram/ctg115.wav,Chattogram,train
Chottogram/ctg116.wav,Chattogram,train
Chottogram/ctg117.wav,Chattogram,test
Chottogram/ctg118.wav,Chattogram,val
Chottogram/ctg119.wav,Chattogram,train
Chottogram/ctg12.wav,Chattogram,val
Chottogram/ctg120.wav,Chattogram,val
Chottogram/ctg121.wav,Chattogram,test
Chottogram/ctg122.wav,Chattogram,train
Chottogram/ctg123.wav,Chattogram,train
Chottogram/ctg124.wav,Chattogram,train
Chottogram/ctg125.wav,Chattogram,train
Chottogram/ctg126.wav,Chattogram,test
Chottogram/ctg127.wav,Chattogram,train
Chottogram/ctg128.wav,Chattogram,test
Chottogram/ctg129.wav,Chattogram,train
Chottogram/ctg13.wav,Chattogram,train
Chottogram/ctg130.wav,Chattogram,train
Chottogram/ctg131.wav,Chattogram,train
Chottogram/ctg132.wav,Chattogram,train
Chottogram/ctg133.wav,Chattogram,train
Chottogram/ctg134.wav,Chattogram,train
Chottogram/ctg135.wav,Chattogram,train
Chottogram/ctg136.wav,Chattogram,train
Chottogram/ctg137.wav,Chattogram,train
Chottogram/ctg138.wav,Chattogram,val
Chottogram/ctg139.wav,Chattogram,train
Chottogram/ctg14.wav,Chattogram,train
Chottogram/ctg140.wav,Chattogram,train
Chottogram/ctg141.wav,Chattogram,train
Chottogram/ctg142.wav,Chattogram,val
Chottogram/ctg143.wav,Chattogram,train
Chottogram/ctg144.wav,Chattogram,train
Chottogram/ctg145.wav,Chattogram,train
Chottogram/ctg146.wav,Chattogram,train
Chottogram/ctg147.wav,Chattogram,test
Chottogram/ctg148.wav,Chattogram,train
Chottogram/ctg149.wav,Chattogram,train
Chottogram/ctg15.wav,Chattogram,train
Chottogram/ctg150.wav,Chattogram,val
Chottogram/ctg151.wav,Chattogram,train
Chottogram/ctg152.wav,Chattogram,test
Chottogram/ctg153.wav,Chattogram,test
Chottogram/ctg154.wav,Chattogram,train
Chottogram/ctg155.wav,Chattogram,train
Chottogram/ctg156.wav,Chattogram,test
Chottogram/ctg157.wav,Chattogram,train
Chottogram/ctg158.wav,Chattogram,train
Chottogram/ctg159.wav,Chattogram,val
Chottogram/ctg16.wav,Chattogram,train
Chottogram/ctg160.wav,Chattogram,train
Chottogram/ctg161.wav,Chattogram,test
Chottogram/ctg162.wav,Chattogram,train
Chottogram/ctg163.wav,Chattogram,train
Chottogram/ctg164.wav,Chattogram,train
Chottogram/ctg165.wav,Chattogram,train
Chottogram/ctg166.wav,Chattogram,train
Chottogram/ctg167.wav,Chattogram,test
Chottogram/ctg168.wav,Chattogram,train
Chottogram/ctg169.wav,Chattogram,test
Chottogram/ctg17.wav,Chattogram,train
Chottogram/ctg170.wav,Chattogram,val
Chottogram/ctg171.wav,Chattogram,train
Chottogram/ctg172.wav,Chattogram,train
Chottogram/ctg173.wav,Chattogram,train
Chottogram/ctg174.wav,Chattogram,test
Chottogram/ctg175.wav,Chattogram,train
Chottogram/ctg176.wav,Chattogram,train
Chottogram/ctg177.wav,Chattogram,train
Chottogram/ctg178.wav,Chattogram,train
Chottogram/ctg179.wav,Chattogram,train
Chottogram/ctg18.wav,Chattogram,train
Chottogram/ctg180.wav,Chattogram,val
Chottogram/ctg181.wav,Chattogram,train
Chottogram/ctg182.wav,Chattogram,train
Chottogram/ctg183.wav,Chattogram,train
Chottogram/ctg184.wav,Chattogram,train
Chottogram/ctg185.wav,Chattogram,test
Chottogram/ctg186.wav,Chattogram,test
Chottogram/ctg187.wav,Chattogram,train
Chottogram/ctg188.wav,Chattogram,test
Chottogram/ctg189.wav,Chattogram,train
Chottogram/ctg19.wav,Chattogram,test
Chottogram/ctg190.wav,Chattogram,test
Chottogram/ctg191.wav,Chattogram,train
Chottogram/ctg192.wav,Chattogram,train
Chottogram/ctg193.wav,Chattogram,train
Chottogram/ctg194.wav,Chattogram,train
Chottogram/ctg195.wav,Chattogram,train
Chottogram/ctg196.wav,Chattogram,train
Chottogram/ctg197.wav,Chattogram,val
Chottogram/ctg198.wav,Chattogram,train
Chottogram/ctg199.wav,Chattogram,test
Chottogram/ctg2.wav,Chattogram,train
Chottogram/ctg20.wav,Chattogram,train
Chottogram/ctg200.wav,Chattogram,test
Chottogram/ctg201.wav,Chattogram,train
Chottogram/ctg202.wav,Chattogram,train
Chottogram/ctg203.wav,Chattogram,train
Chottogram/ctg204.wav,Chattogram,train
Chottogram/ctg205.wav,Chattogram,train
Chottogram/ctg206.wav,Chattogram,train
Chottogram/ctg207.wav,Chattogram,train
Chottogram/ctg208.wav,Chattogram,train
Chottogram/ctg209.wav,Chattogram,train
Chottogram/ctg21.wav,Chattogram,train
Chottogram/ctg210.wav,Chattogram,train
Chottogram/ctg211.wav,Chattogram,train
Chottogram/ctg212.wav,Chattogram,train
Chottogram/ctg213.wav,Chattogram,train
Chottogram/ctg214.wav,Chattogram,train
Chottogram/ctg215.wav,Chattogram,train
Chottogram/ctg216.wav,Chattogram,train
Chottogram/ctg217.wav,Chattogram,train
Chottogram/ctg218.wav,Chattogram,test
Chottogram/ctg219.wav,Chattogram,test
Chottogram/ctg22.wav,Chattogram,train
Chottogram/ctg220.wav,Chattogram,train
Chottogram/ctg221.wav,Chattogram,train
Chottogram/ctg222.wav,Chattogram,train
Chottogram/ctg223.wav,Chattogram,train
Chottogram/ctg224.wav,Chattogram,test
Chottogram/ctg225.wav,Chattogram,train
Chottogram/ctg226.wav,Chattogram,train
Chottogram/ctg227.wav,Chattogram,train
Chottogram/ctg228.wav,Chattogram,train
Chottogram/ctg229.wav,Chattogram,train
Chottogram/ctg23.wav,Chattogram,train
Chottogram/ctg230.wav,Chattogram,train
Chottogram/ctg231.wav,Chattogram,train
Chottogram/ctg232.wav,Chattogram,train
Chottogram/ctg233.wav,Chattogram,train
Chottogram/ctg234.wav,Chattogram,train
Chottogram/ctg235.wav,Chattogram,train
Chottogram/ctg236.wav,Chattogram,train
Chottogram/ctg237.wav,Chattogram,test
Chottogram/ctg238.wav,Chattogram,train
Chottogram/ctg239.wav,Chattogram,train
Chottogram/ctg24.wav,Chattogram,train
Chottogram/ctg240.wav,Chattogram,train
Chottogram/ctg241.wav,Chattogram,train
Chottogram/ctg242.wav,Chattogram,test
Chottogram/ctg243.wav,Chattogram,train
Chottogram/ctg244.wav,Chattogram,test
Chottogram/ctg245.wav,Chattogram,val
Chottogram/ctg246.wav,Chattogram,train
Chottogram/ctg247.wav,Chattogram,train
Chottogram/ctg248.wav,Chattogram,train
Chottogram/ctg249.wav,Chattogram,test
Chottogram/ctg25.wav,Chattogram,train
Chottogram/ctg250.wav,Chattogram,train
Chottogram/ctg251.wav,Chattogram,train
Chottogram/ctg252.wav,Chattogram,train
Chottogram/ctg253.wav,Chattogram,train
Chottogram/ctg254.wav,Chattogram,train
Chottogram/ctg255.wav,Chattogram,train
Chottogram/ctg256.wav,Chattogram,train
Chottogram/ctg257.wav,Chattogram,val
Chottogram/ctg258.wav,Chattogram,train
Chottogram/ctg259.wav,Chattogram,train
Chottogram/ctg26.wav,Chattogram,train
Chottogram/ctg260.wav,Chattogram,train
Chottogram/ctg261.wav,Chattogram,train
Chottogram/ctg262.wav,Chattogram,train
Chottogram/ctg263.wav,Chattogram,train
Chottogram/ctg264.wav,Chattogram,train
Chottogram/ctg265.wav,Chattogram,train
Chottogram/ctg266.wav,Chattogram,train
Chottogram/ctg267.wav,Chattogram,train
Chottogram/ctg268.wav,Chattogram,test
Chottogram/ctg269.wav,Chattogram,val
Chottogram/ctg27.wav,Chattogram,train
Chottogram/ctg270.wav,Chattogram,test
Chottogram/ctg271.wav,Chattogram,train
Chottogram/ctg272.wav,Chattogram,train
Chottogram/ctg273.wav,Chattogram,train
Chottogram/ctg274.wav,Chattogram,train
Chottogram/ctg275.wav,Chattogram,val
Chottogram/ctg276.wav,Chattogram,val
Chottogram/ctg277.wav,Chattogram,train
Chottogram/ctg278.wav,Chattogram,test
Chottogram/ctg279.wav,Chattogram,train
Chottogram/ctg28.wav,Chattogram,train
Chottogram/ctg280.wav,Chattogram,test
Chottogram/ctg281.wav,Chattogram,train
Chottogram/ctg282.wav,Chattogram,train
Chottogram/ctg283.wav,Chattogram,val
Chottogram/ctg284.wav,Chattogram,train
Chottogram/ctg285.wav,Chattogram,train
Chottogram/ctg286.wav,Chattogram,test
Chottogram/ctg287.wav,Chattogram,train
Chottogram/ctg288.wav,Chattogram,train
Chottogram/ctg289.wav,Chattogram,train
Chottogram/ctg29.wav,Chattogram,train
Chottogram/ctg290.wav,Chattogram,train
Chottogram/ctg291.wav,Chattogram,test
Chottogram/ctg292.wav,Chattogram,train
Chottogram/ctg293.wav,Chattogram,train
Chottogram/ctg294.wav,Chattogram,train
Chottogram/ctg295.wav,Chattogram,train
Chottogram/ctg296.wav,Chattogram,train
Chottogram/ctg297.wav,Chattogram,train
Chottogram/ctg298.wav,Chattogram,train
Chottogram/ctg299.wav,Chattogram,train
Chottogram/ctg3.wav,Chattogram,train
Chottogram/ctg30.wav,Chattogram,val
Chottogram/ctg300.wav,Chattogram,train
Chottogram/ctg301.wav,Chattogram,train
Chottogram/ctg302.wav,Chattogram,train
Chottogram/ctg303.wav,Chattogram,train
Chottogram/ctg304.wav,Chattogram,train
Chottogram/ctg305.wav,Chattogram,test
Chottogram/ctg306.wav,Chattogram,val
Chottogram/ctg307.wav,Chattogram,train
Chottogram/ctg308.wav,Chattogram,train
Chottogram/ctg309.wav,Chattogram,train
Chottogram/ctg31.wav,Chattogram,train
Chottogram/ctg310.wav,Chattogram,train
Chottogram/ctg311.wav,Chattogram,train
Chottogram/ctg312.wav,Chattogram,train
Chottogram/ctg313.wav,Chattogram,test
Chottogram/ctg314.wav,Chattogram,test
Chottogram/ctg315.wav,Chattogram,test
Chottogram/ctg316.wav,Chattogram,train
Chottogram/ctg317.wav,Chattogram,train
Chottogram/ctg318.wav,Chattogram,train
Chottogram/ctg319.wav,Chattogram,train
Chottogram/ctg32.wav,Chattogram,train
Chottogram/ctg320.wav,Chattogram,train
Chottogram/ctg321.wav,Chattogram,train
Chottogram/ctg322.wav,Chattogram,val
Chottogram/ctg323.wav,Chattogram,train
Chottogram/ctg324.wav,Chattogram,test
Chottogram/ctg325.wav,Chattogram,train
Chottogram/ctg326.wav,Chattogram,val
Chottogram/ctg327.wav,Chattogram,train
Chottogram/ctg328.wav,Chattogram,train
Chottogram/ctg329.wav,Chattogram,train
Chottogram/ctg33.wav,Chattogram,train
Chottogram/ctg330.wav,Chattogram,train
Chottogram/ctg331.wav,Chattogram,train
Chottogram/ctg332.wav,Chattogram,train
Chottogram/ctg333.wav,Chattogram,train
Chottogram/ctg334.wav,Chattogram,train
Chottogram/ctg335.wav,Chattogram,val
Chottogram/ctg336.wav,Chattogram,train
Chottogram/ctg337.wav,Chattogram,train
Chottogram/ctg338.wav,Chattogram,train
Chottogram/ctg339.wav,Chattogram,train
Chottogram/ctg34.wav,Chattogram,test
Chottogram/ctg340.wav,Chattogram,train
Chottogram/ctg341.wav,Chattogram,train
Chottogram/ctg342.wav,Chattogram,train
Chottogram/ctg343.wav,Chattogram,test
Chottogram/ctg344.wav,Chattogram,train
Chottogram/ctg345.wav,Chattogram,train
Chottogram/ctg346.wav,Chattogram,train
Chottogram/ctg347.wav,Chattogram,test
Chottogram/ctg348.wav,Chattogram,train
Chottogram/ctg349.wav,Chattogram,train
Chottogram/ctg35.wav,Chattogram,train
Chottogram/ctg350.wav,Chattogram,train
Chottogram/ctg351.wav,Chattogram,train
Chottogram/ctg352.wav,Chattogram,test
Chottogram/ctg353.wav,Chattogram,test
Chottogram/ctg354.wav,Chattogram,train
Chottogram/ctg355.wav,Chattogram,test
Chottogram/ctg356.wav,Chattogram,train
Chottogram/ctg357.wav,Chattogram,train
Chottogram/ctg358.wav,Chattogram,train
Chottogram/ctg359.wav,Chattogram,test
Chottogram/ctg36.wav,Chattogram,train
Chottogram/ctg360.wav,Chattogram,train
Chottogram/ctg361.wav,Chattogram,val
Chottogram/ctg362.wav,Chattogram,test
Chottogram/ctg363.wav,Chattogram,test
Chottogram/ctg364.wav,Chattogram,train
Chottogram/ctg365.wav,Chattogram,val
Chottogram/ctg366.wav,Chattogram,test
Chottogram/ctg367.wav,Chattogram,train
Chottogram/ctg368.wav,Chattogram,test
Chottogram/ctg369.wav,Chattogram,train
Chottogram/ctg37.wav,Chattogram,val
Chottogram/ctg370.wav,Chattogram,train
Chottogram/ctg371.wav,Chattogram,train
Chottogram/ctg372.wav,Chattogram,train
Chottogram/ctg373.wav,Chattogram,train
Chottogram/ctg374.wav,Chattogram,val
Chottogram/ctg375.wav,Chattogram,train
Chottogram/ctg376.wav,Chattogram,train
Chottogram/ctg377.wav,Chattogram,test
Chottogram/ctg378.wav,Chattogram,train
Chottogram/ctg379.wav,Chattogram,train
Chottogram/ctg38.wav,Chattogram,train
Chottogram/ctg380.wav,Chattogram,val
Chottogram/ctg381.wav,Chattogram,val
Chottogram/ctg382.wav,Chattogram,train
Chottogram/ctg383.wav,Chattogram,train
Chottogram/ctg384.wav,Chattogram,train
Chottogram/ctg385.wav,Chattogram,train
Chottogram/ctg386.wav,Chattogram,train
Chottogram/ctg387.wav,Chattogram,train
Chottogram/ctg388.wav,Chattogram,train
Chottogram/ctg389.wav,Chattogram,train
Chottogram/ctg39.wav,Chattogram,train
Chottogram/ctg390.wav,Chattogram,test
Chottogram/ctg391.wav,Chattogram,test
Chottogram/ctg392.wav,Chattogram,train
Chottogram/ctg393.wav,Chattogram,train
Chottogram/ctg394.wav,Chattogram,val
Chottogram/ctg395.wav,Chattogram,train
Chottogram/ctg396.wav,Chattogram,train
Chottogram/ctg397.wav,Chattogram,train
Chottogram/ctg398.wav,Chattogram,train
Chottogram/ctg399.wav,Chattogram,test
Chottogram/ctg4.wav,Chattogram,train
Chottogram/ctg40.wav,Chattogram,train
Chottogram/ctg400.wav,Chattogram,train
Chottogram/ctg401.wav,Chattogram,train
Chottogram/ctg402.wav,Chattogram,train
Chottogram/ctg403.wav,Chattogram,train
Chottogram/ctg404.wav,Chattogram,train
Chottogram/ctg405.wav,Chattogram,train
Chottogram/ctg406.wav,Chattogram,train
Chottogram/ctg407.wav,Chattogram,val
Chottogram/ctg408.wav,Chattogram,test
Chottogram/ctg409.wav,Chattogram,test
Chottogram/ctg41.wav,Chattogram,train
Chottogram/ctg410.wav,Chattogram,train
Chottogram/ctg411.wav,Chattogram,train
Chottogram/ctg412.wav,Chattogram,train
Chottogram/ctg413.wav,Chattogram,train
Chottogram/ctg414.wav,Chattogram,test
Chottogram/ctg415.wav,Chattogram,val
Chottogram/ctg416.wav,Chattogram,train
Chottogram/ctg417.wav,Chattogram,test
Chottogram/ctg418.wav,Chattogram,train
Chottogram/ctg419.wav,Chattogram,val
Chottogram/ctg42.wav,Chattogram,test
Chottogram/ctg420.wav,Chattogram,test
Chottogram/ctg421.wav,Chattogram,train
Chottogram/ctg422.wav,Chattogram,train
Chottogram/ctg423.wav,Chattogram,train
Chottogram/ctg424.wav,Chattogram,train
Chottogram/ctg425.wav,Chattogram,test
Chottogram/ctg426.wav,Chattogram,train
Chottogram/ctg427.wav,Chattogram,train
Chottogram/ctg428.wav,Chattogram,test
Chottogram/ctg429.wav,Chattogram,train
Chottogram/ctg43.wav,Chattogram,train
Chottogram/ctg430.wav,Chattogram,val
Chottogram/ctg431.wav,Chattogram,train
Chottogram/ctg432.wav,Chattogram,val
Chottogram/ctg433.wav,Chattogram,train
Chottogram/ctg434.wav,Chattogram,test
Chottogram/ctg435.wav,Chattogram,train
Chottogram/ctg436.wav,Chattogram,train
Chottogram/ctg437.wav,Chattogram,test
Chottogram/ctg438.wav,Chattogram,test
Chottogram/ctg439.wav,Chattogram,val
Chottogram/ctg44.wav,Chattogram,train
Chottogram/ctg440.wav,Chattogram,train
Chottogram/ctg441.wav,Chattogram,train
Chottogram/ctg442.wav,Chattogram,train
Chottogram/ctg443.wav,Chattogram,train
Chottogram/ctg444.wav,Chattogram,test
Chottogram/ctg445.wav,Chattogram,train
Chottogram/ctg446.wav,Chattogram,train
Chottogram/ctg447.wav,Chattogram,val
Chottogram/ctg448.wav,Chattogram,test
Chottogram/ctg449.wav,Chattogram,train
Chottogram/ctg45.wav,Chattogram,test
Chottogram/ctg450.wav,Chattogram,train
Chottogram/ctg451.wav,Chattogram,train
Chottogram/ctg452.wav,Chattogram,train
Chottogram/ctg453.wav,Chattogram,test
Chottogram/ctg454.wav,Chattogram,train
Chottogram/ctg455.wav,Chattogram,train
Chottogram/ctg456.wav,Chattogram,train
Chottogram/ctg457.wav,Chattogram,test
Chottogram/ctg458.wav,Chattogram,train
Chottogram/ctg459.wav,Chattogram,train
Chottogram/ctg46.wav,Chattogram,train
Chottogram/ctg460.wav,Chattogram,test
Chottogram/ctg461.wav,Chattogram,train
Chottogram/ctg462.wav,Chattogram,train
Chottogram/ctg463.wav,Chattogram,train
Chottogram/ctg464.wav,Chattogram,train
Chottogram/ctg465.wav,Chattogram,val
Chottogram/ctg466.wav,Chattogram,val
Chottogram/ctg467.wav,Chattogram,test
Chottogram/ctg468.wav,Chattogram,test
Chottogram/ctg469.wav,Chattogram,test
Chottogram/ctg47.wav,Chattogram,train
Chottogram/ctg470.wav,Chattogram,val
Chottogram/ctg471.wav,Chattogram,train
Chottogram/ctg472.wav,Chattogram,train
Chottogram/ctg473.wav,Chattogram,train
Chottogram/ctg474.wav,Chattogram,val
Chottogram/ctg475.wav,Chattogram,train
Chottogram/ctg476.wav,Chattogram,val
Chottogram/ctg477.wav,Chattogram,train
Chottogram/ctg478.wav,Chattogram,train
Chottogram/ctg479.wav,Chattogram,train
Chottogram/ctg48.wav,Chattogram,train
Chottogram/ctg480.wav,Chattogram,train
Chottogram/ctg481.wav,Chattogram,train
Chottogram/ctg482.wav,Chattogram,train
Chottogram/ctg483.wav,Chattogram,train
Chottogram/ctg484.wav,Chattogram,train
Chottogram/ctg485.wav,Chattogram,train
Chottogram/ctg486.wav,Chattogram,val
Chottogram/ctg487.wav,Chattogram,val
Chottogram/ctg488.wav,Chattogram,train
Chottogram/ctg489.wav,Chattogram,train
Chottogram/ctg49.wav,Chattogram,val
Chottogram/ctg490.wav,Chattogram,train
Chottogram/ctg491.wav,Chattogram,train
Chottogram/ctg492.wav,Chattogram,test
Chottogram/ctg493.wav,Chattogram,train
Chottogram/ctg494.wav,Chattogram,val
Chottogram/ctg495.wav,Chattogram,train
Chottogram/ctg496.wav,Chattogram,train
Chottogram/ctg497.wav,Chattogram,train
Chottogram/ctg498.wav,Chattogram,val
Chottogram/ctg499.wav,Chattogram,train
Chottogram/ctg5.wav,Chattogram,train
Chottogram/ctg50.wav,Chattogram,train
Chottogram/ctg500.wav,Chattogram,train
Chottogram/ctg501.wav,Chattogram,test
Chottogram/ctg502.wav,Chattogram,train
Chottogram/ctg503.wav,Chattogram,val
Chottogram/ctg504.wav,Chattogram,train
Chottogram/ctg505.wav,Chattogram,train
Chottogram/ctg506.wav,Chattogram,train
Chottogram/ctg507.wav,Chattogram,train
Chottogram/ctg508.wav,Chattogram,test
Chottogram/ctg509.wav,Chattogram,train
Chottogram/ctg51.wav,Chattogram,train
Chottogram/ctg510.wav,Chattogram,train
Chottogram/ctg511.wav,Chattogram,test
Chottogram/ctg512.wav,Chattogram,train
Chottogram/ctg513.wav,Chattogram,train
Chottogram/ctg514.wav,Chattogram,train
Chottogram/ctg515.wav,Chattogram,train
Chottogram/ctg516.wav,Chattogram,train
Chottogram/ctg517.wav,Chattogram,val
Chottogram/ctg518.wav,Chattogram,val
Chottogram/ctg519.wav,Chattogram,train
Chottogram/ctg52.wav,Chattogram,val
Chottogram/ctg520.wav,Chattogram,val
Chottogram/ctg521.wav,Chattogram,train
Chottogram/ctg522.wav,Chattogram,train
Chottogram/ctg523.wav,Chattogram,train
Chottogram/ctg524.wav,Chattogram,train
Chottogram/ctg525.wav,Chattogram,val
Chottogram/ctg526.wav,Chattogram,test
Chottogram/ctg527.wav,Chattogram,train
Chottogram/ctg528.wav,Chattogram,train
Chottogram/ctg529.wav,Chattogram,train
Chottogram/ctg53.wav,Chattogram,train
Chottogram/ctg530.wav,Chattogram,val
Chottogram/ctg531.wav,Chattogram,train
Chottogram/ctg532.wav,Chattogram,train
Chottogram/ctg533.wav,Chattogram,train
Chottogram/ctg534.wav,Chattogram,train
Chottogram/ctg535.wav,Chattogram,train
Chottogram/ctg536.wav,Chattogram,test
Chottogram/ctg537.wav,Chattogram,train
Chottogram/ctg538.wav,Chattogram,train
Chottogram/ctg539.wav,Chattogram,train
Chottogram/ctg54.wav,Chattogram,train
Chottogram/ctg540.wav,Chattogram,train
Chottogram/ctg541.wav,Chattogram,train
Chottogram/ctg542.wav,Chattogram,train
Chottogram/ctg543.wav,Chattogram,train
Chottogram/ctg544.wav,Chattogram,train
Chottogram/ctg545.wav,Chattogram,train
Chottogram/ctg546.wav,Chattogram,train
Chottogram/ctg547.wav,Chattogram,train
Chottogram/ctg548.wav,Chattogram,val
Chottogram/ctg549.wav,Chattogram,val
Chottogram/ctg55.wav,Chattogram,train
Chottogram/ctg550.wav,Chattogram,train
Chottogram/ctg551.wav,Chattogram,train
Chottogram/ctg552.wav,Chattogram,train
Chottogram/ctg553.wav,Chattogram,train
Chottogram/ctg554.wav,Chattogram,train
Chottogram/ctg555.wav,Chattogram,train
Chottogram/ctg556.wav,Chattogram,train
Chottogram/ctg557.wav,Chattogram,train
Chottogram/ctg558.wav,Chattogram,train
Chottogram/ctg559.wav,Chattogram,train
Chottogram/ctg56.wav,Chattogram,train
Chottogram/ctg560.wav,Chattogram,train
Chottogram/ctg561.wav,Chattogram,train
Chottogram/ctg562.wav,Chattogram,val
Chottogram/ctg563.wav,Chattogram,train
Chottogram/ctg564.wav,Chattogram,train
Chottogram/ctg565.wav,Chattogram,test
Chottogram/ctg566.wav,Chattogram,train
Chottogram/ctg567.wav,Chattogram,test
Chottogram/ctg568.wav,Chattogram,train
Chottogram/ctg569.wav,Chattogram,test
Chottogram/ctg57.wav,Chattogram,train
Chottogram/ctg570.wav,Chattogram,train
Chottogram/ctg571.wav,Chattogram,test
Chottogram/ctg572.wav,Chattogram,test
Chottogram/ctg573.wav,Chattogram,train
Chottogram/ctg574.wav,Chattogram,train
Chottogram/ctg575.wav,Chattogram,train
Chottogram/ctg576.wav,Chattogram,train
Chottogram/ctg577.wav,Chattogram,train
Chottogram/ctg578.wav,Chattogram,val
Chottogram/ctg579.wav,Chattogram,train
Chottogram/ctg58.wav,Chattogram,train
Chottogram/ctg580.wav,Chattogram,train
Chottogram/ctg581.wav,Chattogram,train
Chottogram/ctg582.wav,Chattogram,train
Chottogram/ctg583.wav,Chattogram,train
Chottogram/ctg584.wav,Chattogram,train
Chottogram/ctg585.wav,Chattogram,val
Chottogram/ctg586.wav,Chattogram,train
Chottogram/ctg587.wav,Chattogram,train
Chottogram/ctg588.wav,Chattogram,test
Chottogram/ctg589.wav,Chattogram,train
Chottogram/ctg59.wav,Chattogram,train
Chottogram/ctg590.wav,Chattogram,train
Chottogram/ctg591.wav,Chattogram,train
Chottogram/ctg592.wav,Chattogram,train
Chottogram/ctg593.wav,Chattogram,test
Chottogram/ctg594.wav,Chattogram,train
Chottogram/ctg595.wav,Chattogram,val
Chottogram/ctg596.wav,Chattogram,train
Chottogram/ctg597.wav,Chattogram,train
Chottogram/ctg598.wav,Chattogram,val
Chottogram/ctg599.wav,Chattogram,test
Chottogram/ctg6.wav,Chattogram,test
Chottogram/ctg60.wav,Chattogram,train
Chottogram/ctg600.wav,Chattogram,train
Chottogram/ctg601.wav,Chattogram,train
Chottogram/ctg602.wav,Chattogram,train
Chottogram/ctg603.wav,Chattogram,val
Chottogram/ctg604.wav,Chattogram,test
Chottogram/ctg605.wav,Chattogram,train
Chottogram/ctg606.wav,Chattogram,train
Chottogram/ctg607.wav,Chattogram,train
Chottogram/ctg608.wav,Chattogram,train
Chottogram/ctg609.wav,Chattogram,train
Chottogram/ctg61.wav,Chattogram,train
Chottogram/ctg610.wav,Chattogram,train
Chottogram/ctg611.wav,Chattogram,train
Chottogram/ctg612.wav,Chattogram,train
Chottogram/ctg613.wav,Chattogram,train
Chottogram/ctg614.wav,Chattogram,train
Chottogram/ctg615.wav,Chattogram,train
Chottogram/ctg616.wav,Chattogram,train
Chottogram/ctg617.wav,Chattogram,train
Chottogram/ctg618.wav,Chattogram,train
Chottogram/ctg619.wav,Chattogram,train
Chottogram/ctg62.wav,Chattogram,train
Chottogram/ctg620.wav,Chattogram,train
Chottogram/ctg621.wav,Chattogram,train
Chottogram/ctg622.wav,Chattogram,train
Chottogram/ctg623.wav,Chattogram,test
Chottogram/ctg624.wav,Chattogram,test
Chottogram/ctg625.wav,Chattogram,train
Chottogram/ctg626.wav,Chattogram,train
Chottogram/ctg627.wav,Chattogram,train
Chottogram/ctg628.wav,Chattogram,train
Chottogram/ctg629.wav,Chattogram,val
Chottogram/ctg63.wav,Chattogram,train
Chottogram/ctg630.wav,Chattogram,train
Chottogram/ctg631.wav,Chattogram,test
Chottogram/ctg632.wav,Chattogram,train
Chottogram/ctg633.wav,Chattogram,train
Chottogram/ctg634.wav,Chattogram,train
Chottogram/ctg635.wav,Chattogram,train
Chottogram/ctg636.wav,Chattogram,train
Chottogram/ctg637.wav,Chattogram,train
Chottogram/ctg638.wav,Chattogram,val
Chottogram/ctg639.wav,Chattogram,train
Chottogram/ctg64.wav,Chattogram,test
Chottogram/ctg640.wav,Chattogram,train
Chottogram/ctg641.wav,Chattogram,train
Chottogram/ctg642.wav,Chattogram,train
Chottogram/ctg643.wav,Chattogram,train
Chottogram/ctg644.wav,Chattogram,train
Chottogram/ctg645.wav,Chattogram,train
Chottogram/ctg646.wav,Chattogram,train
Chottogram/ctg647.wav,Chattogram,train
Chottogram/ctg648.wav,Chattogram,train
Chottogram/ctg649.wav,Chattogram,train
Chottogram/ctg65.wav,Chattogram,train
Chottogram/ctg650.wav,Chattogram,train
Chottogram/ctg651.wav,Chattogram,train
Chottogram/ctg652.wav,Chattogram,test
Chottogram/ctg653.wav,Chattogram,train
Chottogram/ctg654.wav,Chattogram,val
Chottogram/ctg655.wav,Chattogram,train
Chottogram/ctg656.wav,Chattogram,train
Chottogram/ctg657.wav,Chattogram,train
Chottogram/ctg658.wav,Chattogram,train
Chottogram/ctg659.wav,Chattogram,train
Chottogram/ctg66.wav,Chattogram,val
Chottogram/ctg660.wav,Chattogram,train
Chottogram/ctg661.wav,Chattogram,train
Chottogram/ctg662.wav,Chattogram,train
Chottogram/ctg663.wav,Chattogram,train
Chottogram/ctg664.wav,Chattogram,val
Chottogram/ctg665.wav,Chattogram,train
Chottogram/ctg666.wav,Chattogram,test
Chottogram/ctg667.wav,Chattogram,train
Chottogram/ctg668.wav,Chattogram,train
Chottogram/ctg669.wav,Chattogram,train
Chottogram/ctg67.wav,Chattogram,train
Chottogram/ctg670.wav,Chattogram,train
Chottogram/ctg671.wav,Chattogram,train
Chottogram/ctg672.wav,Chattogram,train
Chottogram/ctg673.wav,Chattogram,train
Chottogram/ctg674.wav,Chattogram,train
Chottogram/ctg675.wav,Chattogram,val
Chottogram/ctg676.wav,Chattogram,train
Chottogram/ctg677.wav,Chattogram,train
Chottogram/ctg678.wav,Chattogram,train
Chottogram/ctg679.wav,Chattogram,train
Chottogram/ctg68.wav,Chattogram,train
Chottogram/ctg680.wav,Chattogram,train
Chottogram/ctg681.wav,Chattogram,train
Chottogram/ctg682.wav,Chattogram,train
Chottogram/ctg683.wav,Chattogram,train
Chottogram/ctg684.wav,Chattogram,train
Chottogram/ctg685.wav,Chattogram,test
Chottogram/ctg686.wav,Chattogram,train
Chottogram/ctg687.wav,Chattogram,val
Chottogram/ctg688.wav,Chattogram,train
Chottogram/ctg689.wav,Chattogram,test
Chottogram/ctg69.wav,Chattogram,val
Chottogram/ctg690.wav,Chattogram,train
Chottogram/ctg691.wav,Chattogram,train
Chottogram/ctg692.wav,Chattogram,train
Chottogram/ctg693.wav,Chattogram,test
Chottogram/ctg694.wav,Chattogram,test
Chottogram/ctg695.wav,Chattogram,train
Chottogram/ctg696.wav,Chattogram,train
Chottogram/ctg697.wav,Chattogram,train
Chottogram/ctg698.wav,Chattogram,train
Chottogram/ctg699.wav,Chattogram,val
Chottogram/ctg7.wav,Chattogram,test
Chottogram/ctg70.wav,Chattogram,train
Chottogram/ctg700.wav,Chattogram,test
Chottogram/ctg701.wav,Chattogram,train
Chottogram/ctg702.wav,Chattogram,train
Chottogram/ctg703.wav,Chattogram,train
Chottogram/ctg704.wav,Chattogram,val
Chottogram/ctg705.wav,Chattogram,train
Chottogram/ctg706.wav,Chattogram,train
Chottogram/ctg707.wav,Chattogram,train
Chottogram/ctg708.wav,Chattogram,train
Chottogram/ctg709.wav,Chattogram,train
Chottogram/ctg71.wav,Chattogram,train
Chottogram/ctg710.wav,Chattogram,train
Chottogram/ctg711.wav,Chattogram,test
Chottogram/ctg712.wav,Chattogram,train
Chottogram/ctg713.wav,Chattogram,train
Chottogram/ctg714.wav,Chattogram,val
Chottogram/ctg715.wav,Chattogram,train
Chottogram/ctg716.wav,Chattogram,train
Chottogram/ctg717.wav,Chattogram,val
Chottogram/ctg718.wav,Chattogram,val
Chottogram/ctg719.wav,Chattogram,train
Chottogram/ctg72.wav,Chattogram,train
Chottogram/ctg720.wav,Chattogram,train
Chottogram/ctg721.wav,Chattogram,train
Chottogram/ctg722.wav,Chattogram,test
Chottogram/ctg723.wav,Chattogram,train
Chottogram/ctg724.wav,Chattogram,val
Chottogram/ctg725.wav,Chattogram,test
Chottogram/ctg726.wav,Chattogram,train
Chottogram/ctg727.wav,Chattogram,train
Chottogram/ctg728.wav,Chattogram,test
Chottogram/ctg729.wav,Chattogram,train
Chottogram/ctg73.wav,Chattogram,train
Chottogram/ctg730.wav,Chattogram,train
Chottogram/ctg731.wav,Chattogram,train
Chottogram/ctg732.wav,Chattogram,train
Chottogram/ctg733.wav,Chattogram,train
Chottogram/ctg734.wav,Chattogram,train
Chottogram/ctg735.wav,Chattogram,test
Chottogram/ctg736.wav,Chattogram,train
Chottogram/ctg737.wav,Chattogram,train
Chottogram/ctg738.wav,Chattogram,train
Chottogram/ctg739.wav,Chattogram,train
Chottogram/ctg74.wav,Chattogram,train
Chottogram/ctg740.wav,Chattogram,train
Chottogram/ctg741.wav,Chattogram,train
Chottogram/ctg742.wav,Chattogram,val
Chottogram/ctg743.wav,Chattogram,val
Chottogram/ctg744.wav,Chattogram,train
Chottogram/ctg745.wav,Chattogram,test
Chottogram/ctg746.wav,Chattogram,train
Chottogram/ctg747.wav,Chattogram,test
Chottogram/ctg748.wav,Chattogram,train
Chottogram/ctg749.wav,Chattogram,train
Chottogram/ctg75.wav,Chattogram,train
Chottogram/ctg750.wav,Chattogram,train
Chottogram/ctg751.wav,Chattogram,train
Chottogram/ctg752.wav,Chattogram,val
Chottogram/ctg753.wav,Chattogram,train
Chottogram/ctg754.wav,Chattogram,val
Chottogram/ctg755.wav,Chattogram,train
Chottogram/ctg756.wav,Chattogram,train
Chottogram/ctg757.wav,Chattogram,train
Chottogram/ctg758.wav,Chattogram,test
Chottogram/ctg759.wav,Chattogram,train
Chottogram/ctg76.wav,Chattogram,train
Chottogram/ctg760.wav,Chattogram,train
Chottogram/ctg761.wav,Chattogram,train
Chottogram/ctg762.wav,Chattogram,train
Chottogram/ctg763.wav,Chattogram,train
Chottogram/ctg764.wav,Chattogram,train
Chottogram/ctg765.wav,Chattogram,val
Chottogram/ctg766.wav,Chattogram,val
Chottogram/ctg767.wav,Chattogram,train
Chottogram/ctg768.wav,Chattogram,train
Chottogram/ctg769.wav,Chattogram,train
Chottogram/ctg77.wav,Chattogram,train
Chottogram/ctg770.wav,Chattogram,train
Chottogram/ctg771.wav,Chattogram,train
Chottogram/ctg772.wav,Chattogram,train
Chottogram/ctg773.wav,Chattogram,train
Chottogram/ctg774.wav,Chattogram,train
Chottogram/ctg775.wav,Chattogram,train
Chottogram/ctg776.wav,Chattogram,train
Chottogram/ctg777.wav,Chattogram,train
Chottogram/ctg778.wav,Chattogram,train
Chottogram/ctg779.wav,Chattogram,train
Chottogram/ctg78.wav,Chattogram,train
Chottogram/ctg780.wav,Chattogram,test
Chottogram/ctg781.wav,Chattogram,train
Chottogram/ctg782.wav,Chattogram,train
Chottogram/ctg783.wav,Chattogram,train
Chottogram/ctg784.wav,Chattogram,test
Chottogram/ctg785.wav,Chattogram,train
Chottogram/ctg786.wav,Chattogram,train
Chottogram/ctg787.wav,Chattogram,train
Chottogram/ctg788.wav,Chattogram,train
Chottogram/ctg789.wav,Chattogram,train
Chottogram/ctg79.wav,Chattogram,train
Chottogram/ctg790.wav,Chattogram,train
Chottogram/ctg791.wav,Chattogram,test
Chottogram/ctg792.wav,Chattogram,train
Chottogram/ctg793.wav,Chattogram,train
Chottogram/ctg794.wav,Chattogram,test
Chottogram/ctg795.wav,Chattogram,train
Chottogram/ctg796.wav,Chattogram,train
Chottogram/ctg797.wav,Chattogram,train
Chottogram/ctg8.wav,Chattogram,train
Chottogram/ctg80.wav,Chattogram,val
Chottogram/ctg81.wav,Chattogram,test
Chottogram/ctg82.wav,Chattogram,train
Chottogram/ctg83.wav,Chattogram,train
Chottogram/ctg84.wav,Chattogram,train
Chottogram/ctg85.wav,Chattogram,val
Chottogram/ctg86.wav,Chattogram,train
Chottogram/ctg87.wav,Chattogram,train
Chottogram/ctg88.wav,Chattogram,train
Chottogram/ctg89.wav,Chattogram,train
Chottogram/ctg9.wav,Chattogram,train
Chottogram/ctg90.wav,Chattogram,train
Chottogram/ctg91.wav,Chattogram,train
Chottogram/ctg92.wav,Chattogram,train
Chottogram/ctg93.wav,Chattogram,train
Chottogram/ctg94.wav,Chattogram,test
Chottogram/ctg95.wav,Chattogram,train
Chottogram/ctg96.wav,Chattogram,train
Chottogram/ctg97.wav,Chattogram,train
Chottogram/ctg98.wav,Chattogram,val
Chottogram/ctg99.wav,Chattogram,train
