relpath,split,Barishal,Chattogram,Dhaka,Formal,Khulna,Mymensingh,Noakhali,Rajshahi,Sylhet
Khulna/khl12.wav,test,7.2070514e-05,5.40393e-07,5.2333914e-12,9.084031e-08,0.9999219,1.4375449e-06,1.4564294e-08,1.2580376e-06,2.6518985e-06
Khulna/khl14.wav,test,3.4626322e-05,8.167356e-07,4.652472e-12,4.4970736e-08,0.9999597,2.4078931e-06,8.628628e-09,1.3076641e-06,1.1432045e-06
Khulna/khl15.wav,test,7.877302e-05,8.428019e-07,5.32136e-12,5.7138568e-08,0.9999155,2.6412356e-06,1.1347218e-08,8.9385554e-07,1.3028213e-06
Khulna/khl153.wav,test,7.692831e-05,4.599214e-07,5.8162876e-12,8.5829576e-08,0.99991477,1.3488816e-06,2.4972353e-08,3.2304242e-06,3.1217678e-06
Khulna/khl156.wav,test,1.29337395e-05,3.6618607e-05,2.396096e-11,5.0218415e-07,0.99994695,1.8604001e-06,1.0911291e-09,9.5241575e-07,2.1647752e-07
Khulna/khl157.wav,test,2.0858884e-05,2.4565668e-06,8.155829e-12,1.3150064e-07,0.9999728,1.3939376e-06,4.181589e-09,1.6227257e-06,6.732129e-07
Khulna/khl158.wav,test,4.8405644e-05,5.0154526e-06,1.017003e-11,3.4784705e-07,0.99994373,1.2846804e-06,3.2855099e-09,5.169153e-07,6.9043523e-07
Khulna/khl159.wav,test,5.5057217e-06,1.0536346e-05,9.167739e-12,7.119377e-08,0.9999795,2.3032192e-06,1.1994914e-09,1.8910782e-06,1.8319285e-07
Khulna/khl16.wav,test,2.2264607e-05,9.713119e-07,4.280147e-12,3.9448246e-08,0.9999721,2.0336565e-06,6.0981247e-09,1.6894612e-06,8.667391e-07
Khulna/khl163.wav,test,1.3989193e-05,2.4245392e-06,4.7502137e-12,4.5481098e-08,0.99997973,2.1632372e-06,2.759156e-09,1.154235e-06,4.2466874e-07
Khulna/khl166.wav,test,4.1420382e-05,1.2365487e-06,5.454108e-12,4.6302105e-08,0.9999527,2.830904e-06,8.801553e-09,1.1793188e-06,6.4589983e-07
Khulna/khl167.wav,test,1.0056652e-05,6.331845e-06,6.05798e-12,5.5338738e-08,0.9999795,2.8238371e-06,1.5521567e-09,1.0183095e-06,2.2622808e-07
Khulna/khl171.wav,test,1.1386103e-05,6.216815e-06,7.417123e-12,8.368008e-08,0.9999789,1.9732358e-06,1.801422e-09,1.1335036e-06,2.6090405e-07
Khulna/khl175.wav,test,1.9297653e-05,3.2316764e-06,4.796721e-12,6.7372675e-08,0.99997425,1.9116817e-06,2.1358149e-09,6.914282e-07,4.7301148e-07
Khulna/khl177.wav,test,2.5414156e-05,2.2670645e-06,4.6060378e-12,9.2035975e-08,0.99996936,1.4136214e-06,3.225673e-09,7.592107e-07,7.0675105e-07
Khulna/khl182.wav,test,1.5461876e-05,3.269624e-06,5.575183e-12,9.333151e-08,0.99997807,1.429903e-06,2.5779263e-09,1.2217097e-06,5.2676086e-07
Khulna/khl183.wav,test,6.850987e-05,1.3521984e-06,6.6285393e-12,1.6484556e-07,0.99992645,1.3199252e-06,7.563994e-09,6.867989e-07,1.4701818e-06
Khulna/khl186.wav,test,7.4833656e-06,5.0705294e-06,4.8441355e-12,4.7069157e-08,0.9999838,2.1257208e-06,1.3275065e-09,1.2565795e-06,2.776327e-07
Khulna/khl189.wav,test,2.040895e-05,1.3365747e-06,3.9929652e-12,6.8577286e-08,0.99997497,1.177264e-06,3.9767745e-09,1.2812212e-06,8.6493895e-07
Khulna/khl195.wav,test,1.6428346e-05,4.657158e-06,5.720332e-12,1.4103772e-07,0.9999764,1.1963674e-06,1.5914078e-09,7.6099565e-07,4.3741792e-07
Khulna/khl198.wav,test,2.4993884e-05,1.7233383e-06,4.886655e-12,8.819777e-08,0.9999702,1.3445009e-06,3.8177475e-09,8.989003e-07,7.216746e-07
Khulna/khl20.wav,test,3.9557617e-05,7.73164e-07,4.8601618e-12,4.3069903e-08,0.9999546,2.4875155e-06,1.048055e-08,1.4146376e-06,1.047115e-06
Khulna/khl200.wav,test,1.2847025e-05,3.56447e-06,5.568437e-12,8.198706e-08,0.99998045,1.5904153e-06,2.090993e-09,1.1305958e-06,3.851122e-07
Khulna/khl202.wav,test,8.797211e-06,1.011794e-05,6.732843e-12,7.245531e-08,0.99997747,2.5902777e-06,1.0953203e-09,8.196122e-07,1.956215e-07
Khulna/khl203.wav,test,1.4710292e-05,4.204742e-06,5.9157063e-12,7.242659e-08,0.9999777,2.1392177e-06,2.139851e-09,8.4090817e-07,3.2372844e-07
Khulna/khl206.wav,test,1.24757e-05,2.7650144e-06,5.852134e-12,4.504927e-08,0.9999802,2.5639383e-06,3.2474008e-09,1.5380351e-06,3.4450647e-07
Khulna/khl207.wav,test,1.4249137e-05,2.014959e-06,5.5350546e-12,4.8781516e-08,0.9999794,2.2658442e-06,3.7469614e-09,1.6392784e-06,4.159578e-07
Khulna/khl209.wav,test,5.1396786e-05,1.3214667e-06,7.443177e-12,2.0110441e-07,0.9999435,1.3371814e-06,7.3818005e-09,9.1102316e-07,1.3013614e-06
Khulna/khl21.wav,test,6.780034e-05,5.7275645e-07,5.2671405e-12,5.110651e-08,0.9999261,2.590167e-06,1.593859e-08,1.2500647e-06,1.7245859e-06
Khulna/khl210.wav,test,1.4256725e-05,3.1614172e-06,5.8657077e-12,1.0512169e-07,0.9999796,1.3353298e-06,2.3560551e-09,1.1123356e-06,4.114943e-07
Khulna/khl212.wav,val,1.8712855e-05,8.5340054e-07,5.020895e-12,4.086571e-08,0.9999746,1.7687423e-06,8.065159e-09,2.956814e-06,1.0861246e-06
Khulna/khl213.wav,val,4.166147e-05,5.0845307e-07,5.506637e-12,5.6001866e-08,0.99995136,1.6526832e-06,1.6445357e-08,2.7313704e-06,1.9545837e-06
Khulna/khl216.wav,val,2.7089989e-05,5.6498135e-07,5.22695e-12,5.2380585e-08,0.9999645,1.2895027e-06,1.3012646e-08,4.305551e-06,2.203601e-06
Khulna/khl219.wav,val,1.9609557e-05,9.761515e-07,5.079382e-12,4.4633516e-08,0.9999745,1.8963077e-06,6.390637e-09,2.1481508e-06,8.901617e-07
Khulna/khl220.wav,val,1.6309701e-05,9.643271e-07,5.1431823e-12,4.4760665e-08,0.9999771,1.7003027e-06,6.464246e-09,2.9109883e-06,9.574853e-07
Khulna/khl221.wav,val,2.3049046e-05,1.0055953e-06,4.935171e-12,5.059873e-08,0.9999714,1.7098886e-06,6.200547e-09,1.7478618e-06,9.979458e-07
Khulna/khl222.wav,val,2.2138742e-05,1.1218966e-06,5.430989e-12,3.9097067e-08,0.9999716,2.5646818e-06,6.54233e-09,1.7096818e-06,7.533358e-07
Khulna/khl223.wav,val,2.4025556e-05,8.104667e-07,5.315897e-12,4.5035826e-08,0.9999697,1.9680626e-06,8.388846e-09,2.2022514e-06,1.217532e-06
Khulna/khl224.wav,val,2.3131077e-05,7.888388e-07,5.281922e-12,4.728557e-08,0.99997056,1.887962e-06,8.767362e-09,2.3774933e-06,1.21033e-06
Khulna/khl225.wav,val,2.3355487e-05,6.981903e-07,5.185192e-12,4.4325937e-08,0.9999696,1.7336812e-06,9.970021e-09,3.2558773e-06,1.2813792e-06
Khulna/khl226.wav,val,2.3363673e-05,9.01718e-07,5.9547614e-12,4.744916e-08,0.99996996,2.4075048e-06,8.643788e-09,2.240675e-06,1.0604102e-06
Khulna/khl227.wav,val,2.2650018e-05,8.443542e-07,5.0727625e-12,4.5149857e-08,0.9999713,1.8553529e-06,7.715835e-09,2.2232707e-06,1.122289e-06
Khulna/khl228.wav,val,2.031475e-05,8.976898e-07,5.451265e-12,4.5431204e-08,0.99997306,2.0755654e-06,7.959609e-09,2.564935e-06,9.68827e-07
Khulna/khl229.wav,val,1.3695497e-05,1.6323014e-06,5.6668637e-12,3.2166557e-08,0.999979,3.1263453e-06,4.7489315e-09,2.0277312e-06,5.219532e-07
Khulna/khl230.wav,test,1.1996622e-05,1.6700345e-06,6.166473e-12,4.0121034e-08,0.99998045,2.2599575e-06,5.310459e-09,3.0409137e-06,5.319289e-07
Khulna/khl234.wav,test,1.0769718e-05,2.9753091e-06,5.214052e-12,5.7670828e-08,0.99998283,1.5632523e-06,2.1865207e-09,1.4137698e-06,4.8685183e-07
Khulna/khl235.wav,test,2.2424409e-05,8.2129577e-07,5.340795e-12,6.7270655e-08,0.9999714,1.2561421e-06,7.960962e-09,2.6767889e-06,1.4504814e-06
Khulna/khl236.wav,test,4.991134e-05,8.0884183e-07,4.7833226e-12,5.400062e-08,0.99994457,2.416557e-06,9.658722e-09,9.642911e-07,1.2737652e-06
Khulna/khl237.wav,val,1.3745126e-05,2.3149178e-06,5.281931e-12,4.955541e-08,0.99997985,2.0253074e-06,2.9627238e-09,1.4455251e-06,5.399298e-07
Khulna/khl238.wav,val,2.4799185e-05,1.9414183e-06,5.166201e-12,8.4667015e-08,0.99996996,1.5981284e-06,3.326863e-09,8.737684e-07,7.544101e-07
Khulna/khl239.wav,val,3.136109e-05,7.7862626e-07,4.9287805e-12,5.8417072e-08,0.99996305,1.6284426e-06,8.367632e-09,1.6549594e-06,1.4706409e-06
Khulna/khl240.wav,val,3.78456e-05,7.0324654e-07,4.9053214e-12,6.311149e-08,0.9999566,1.5292541e-06,9.3961745e-09,1.5579101e-06,1.7345634e-06
Khulna/khl241.wav,val,5.0373812e-05,9.530969e-07,5.331787e-12,1.04148306e-07,0.9999447,1.304299e-06,7.2101636e-09,8.663186e-07,1.7747213e-06
Khulna/khl243.wav,val,1.5665542e-05,1.5688694e-06,5.823505e-12,5.7491537e-08,0.99997807,1.6947419e-06,4.772736e-09,2.1100736e-06,7.9541394e-07
Khulna/khl244.wav,val,3.7840924e-05,6.804717e-07,5.343811e-12,6.5518215e-08,0.99995613,1.4526659e-06,1.04523386e-08,1.9356517e-06,1.8261566e-06
Khulna/khl245.wav,val,3.792599e-05,8.15372e-07,5.4926523e-12,1.05912235e-07,0.9999567,1.1058664e-06,7.860582e-09,1.4777622e-06,1.9218792e-06
Khulna/khl246.wav,val,2.0385696e-05,8.868064e-07,4.855084e-12,4.8749705e-08,0.99997365,1.7065447e-06,6.578995e-09,2.1960313e-06,1.0811826e-06
Khulna/khl247.wav,val,2.831204e-05,1.0569701e-06,5.1083335e-12,6.170295e-08,0.9999666,1.8156541e-06,6.174059e-09,1.2233081e-06,9.4730547e-07
Khulna/khl248.wav,val,4.214985e-05,8.9751245e-07,5.2955374e-12,1.07116946e-07,0.9999528,1.195681e-06,6.891205e-09,1.1182161e-06,1.7373795e-06
Khulna/khl249.wav,val,1.4839424e-05,1.8209953e-06,5.075735e-12,4.412088e-08,0.99997914,2.161939e-06,3.3893932e-09,1.4354422e-06,5.744619e-07
Khulna/khl250.wav,val,3.5832305e-05,1.05742e-06,5.0701192e-12,7.546967e-08,0.99995935,1.4432612e-06,6.0139236e-09,1.048943e-06,1.2776956e-06
Khulna/khl256.wav,val,3.0965773e-05,7.5439294e-07,6.0953356e-12,6.127672e-08,0.99996245,1.7101145e-06,1.062205e-08,2.3543673e-06,1.6906683e-06
Khulna/khl257.wav,val,3.507719e-05,1.0785242e-06,5.095678e-12,7.366412e-08,0.99995995,1.6807516e-06,5.796193e-09,9.713372e-07,1.1186454e-06
Khulna/khl259.wav,val,7.9764905e-05,6.758173e-07,5.9703405e-12,1.3956937e-07,0.9999144,1.1229649e-06,1.1318415e-08,1.0043017e-06,2.8973734e-06
Khulna/khl262.wav,val,1.4591117e-05,2.4518868e-06,5.6621804e-12,3.96164e-08,0.99997807,3.3926544e-06,3.129398e-09,1.0814338e-06,3.9326196e-07
Khulna/khl263.wav,val,1.9538644e-05,1.7299641e-06,5.080604e-12,5.1729998e-08,0.9999747,2.1990327e-06,3.743237e-09,1.1188997e-06,6.274724e-07
Khulna/khl267.wav,test,2.5341133e-05,1.539465e-06,5.1259197e-12,3.8723336e-08,0.9999682,3.4736245e-06,5.573818e-09,9.339696e-07,4.9760666e-07
Khulna/khl268.wav,val,1.3853325e-05,2.1449787e-06,5.1346726e-12,3.5600436e-08,0.9999788,3.483627e-06,3.4219423e-09,1.3431385e-06,3.727496e-07
Khulna/khl269.wav,test,1.311845e-05,3.4124926e-06,6.0666745e-12,3.6397882e-08,0.9999776,4.466598e-06,2.9160117e-09,1.175025e-06,2.7847608e-07
Khulna/khl270.wav,test,3.0863208e-05,3.6333424e-06,5.956887e-12,1.446953e-07,0.99996257,1.2556484e-06,2.3179405e-09,6.0516965e-07,9.26091e-07
Khulna/khl277.wav,val,1.4437458e-05,1.3913549e-06,4.5589834e-12,5.55864e-08,0.99997985,1.3431156e-06,4.08289e-09,2.0914317e-06,7.998997e-07
Khulna/khl278.wav,val,4.897838e-05,6.655128e-07,4.6126974e-12,6.121751e-08,0.9999455,1.5050879e-06,1.0324408e-08,1.4098556e-06,1.7970474e-06
Khulna/khl279.wav,val,2.4328032e-05,1.1352543e-06,4.545414e-12,5.6115105e-08,0.99997056,1.681919e-06,5.3038574e-09,1.3537896e-06,9.974102e-07
Khulna/khl280.wav,val,3.438098e-05,8.86318e-07,4.316374e-12,5.5546113e-08,0.99996054,1.6912697e-06,7.1206774e-09,1.2958169e-06,1.0994371e-06
Khulna/khl281.wav,val,3.3964076e-05,8.9444165e-07,4.8467593e-12,5.20418e-08,0.99996066,2.0676903e-06,7.4195743e-09,1.2776826e-06,1.0386703e-06
Khulna/khl286.wav,val,1.2470245e-05,1.347385e-06,5.645324e-12,3.326821e-08,0.99997973,2.479327e-06,5.6848153e-09,3.1265977e-06,7.104739e-07
Khulna/khl287.wav,val,3.2365737e-05,8.890291e-07,5.21269e-12,6.222089e-08,0.9999621,1.7700751e-06,7.6749025e-09,1.4298979e-06,1.3502672e-06
Khulna/khl288.wav,val,4.628858e-05,1.2395774e-06,5.358388e-12,1.16408046e-07,0.999949,1.3606877e-06,5.383628e-09,7.2798895e-07,1.2578629e-06
Khulna/khl289.wav,val,3.9230526e-05,1.0924963e-06,4.8589826e-12,8.3164394e-08,0.999956,1.3837079e-06,6.0236385e-09,1.0268252e-06,1.1428209e-06
Khulna/khl290.wav,val,1.8840328e-05,1.2505269e-06,4.910665e-12,4.4766818e-08,0.9999753,2.076764e-06,5.3660654e-09,1.775944e-06,6.8939573e-07
Khulna/khl291.wav,val,2.5891086e-05,1.1536832e-06,5.4283956e-12,6.7796286e-08,0.9999689,1.5784462e-06,6.2230305e-09,1.4270985e-06,1.0277672e-06
Khulna/khl292.wav,val,5.2899235e-05,1.0711875e-06,5.298119e-12,1.07018025e-07,0.9999424,1.3881631e-06,6.4824803e-09,7.4593254e-07,1.3856512e-06
Khulna/khl293.wav,val,3.7135636e-05,9.2203305e-07,4.890652e-12,8.311001e-08,0.99995804,1.4680229e-06,6.5028543e-09,9.810256e-07,1.3843995e-06
Khulna/khl294.wav,val,4.0056017e-05,1.4158561e-06,5.0937015e-12,1.3139669e-07,0.9999554,1.2605802e-06,4.5223145e-09,6.743128e-07,1.0770957e-06
Khulna/khl296.wav,val,3.0005436e-05,1.0291362e-06,4.9769308e-12,7.771073e-08,0.99996495,1.4835655e-06,6.0656933e-09,1.2756743e-06,1.1766765e-06
Khulna/khl297.wav,val,2.0619216e-05,9.78788e-07,4.685112e-12,5.310822e-08,0.9999739,1.5971092e-06,5.7459477e-09,1.7621747e-06,1.0488081e-06
Khulna/khl298.wav,test,2.1167323e-05,1.4498689e-06,4.6569038e-12,5.247615e-08,0.9999734,1.9861538e-06,4.3485406e-09,1.2088383e-06,7.1123674e-07
Khulna/khl358.wav,test,0.020338262,0.00025202715,1.3480028e-09,6.918138e-06,0.9792219,0.00017985479,1.0622869e-07,1.442015e-07,8.2783987e-07
Khulna/khl38.wav,val,3.1161864e-05,7.6094005e-07,4.680606e-12,5.4834256e-08,0.9999634,1.8276021e-06,8.72749e-09,1.7267946e-06,1.0763712e-06
Khulna/khl4.wav,test,6.419156e-05,4.0069156e-07,6.310014e-12,5.8526755e-08,0.99992764,2.1392145e-06,2.6654252e-08,2.7956899e-06,2.784724e-06
Khulna/khl428.wav,test,2.9705334e-05,1.974998e-06,5.4173467e-12,7.344266e-08,0.9999647,1.8127214e-06,4.1669694e-09,9.613291e-07,8.618399e-07
Khulna/khl435.wav,test,3.6906065e-05,7.350217e-07,4.608769e-12,5.979466e-08,0.9999577,1.5887874e-06,8.314165e-09,1.3423124e-06,1.771246e-06
Khulna/khl452.wav,test,2.9925714e-05,1.5536385e-06,4.727449e-12,6.8881015e-08,0.9999652,1.678084e-06,4.367623e-09,9.003191e-07,7.6637e-07
Khulna/khl479.wav,test,0.0001109344,6.9108523e-07,5.9664556e-12,1.06331335e-07,0.9998834,1.6198625e-06,1.477909e-08,8.0524586e-07,2.4520432e-06
Khulna/khl483.wav,test,9.2631024e-05,5.3064116e-07,5.597835e-12,1.0474604e-07,0.99990165,1.3524073e-06,1.5221248e-08,1.0446468e-06,2.7574638e-06
Khulna/khl485.wav,test,3.4440003e-05,1.0191408e-06,4.6156906e-12,7.3085225e-08,0.999961,1.4292419e-06,6.0131997e-09,1.0531265e-06,1.0169853e-06
Khulna/khl487.wav,test,1.6147033e-05,3.6361382e-06,5.189304e-12,5.4519496e-08,0.9999764,2.591612e-06,2.1168716e-09,7.546683e-07,3.7391257e-07
Khulna/khl488.wav,test,1.3307802e-05,1.494952e-06,4.7433633e-12,3.614416e-08,0.99998045,2.214712e-06,4.1197605e-09,1.919809e-06,5.648611e-07
Khulna/khl490.wav,test,1.5354037e-05,1.5690086e-06,4.3997926e-12,4.569794e-08,0.99997914,1.729462e-06,3.5762477e-09,1.5118092e-06,5.761655e-07
Khulna/khl494.wav,test,6.227104e-05,8.009482e-07,5.3227106e-12,1.0395376e-07,0.99993265,1.4081552e-06,8.799698e-09,8.665511e-07,1.8489633e-06
Khulna/khl5.wav,test,4.2193962e-05,6.182746e-07,4.960251e-12,4.281464e-08,0.9999516,2.3381308e-06,1.2635361e-08,1.7514981e-06,1.4240327e-06
Khulna/khl529.wav,test,1.3632077e-05,1.858309e-06,5.066367e-12,4.425679e-08,0.9999801,1.9591932e-06,3.825468e-09,1.915514e-06,4.9944634e-07
Khulna/khl530.wav,test,7.837362e-06,3.083437e-06,1.1895253e-11,4.4209532e-08,0.99997604,3.063158e-06,6.5065437e-09,9.546709e-06,4.2890906e-07
Khulna/khl549.wav,test,7.364525e-06,4.876185e-06,6.8019574e-12,3.172449e-08,0.99998224,3.5752687e-06,2.105163e-09,1.7629459e-06,2.0039292e-07
Khulna/khl580.wav,test,2.3696011e-05,1.3924183e-06,4.5392926e-12,6.558862e-08,0.9999714,1.4976639e-06,4.2125397e-09,1.1325917e-06,8.95759e-07
Khulna/khl637.wav,test,2.2865674e-05,1.852647e-06,4.808865e-12,6.1823656e-08,0.99997175,1.9242207e-06,3.7654666e-09,9.4811014e-07,6.107348e-07
Khulna/khl653.wav,test,9.735841e-06,3.9919396e-06,4.703039e-12,4.0015184e-08,0.9999821,2.2603533e-06,1.9470165e-09,1.4137283e-06,3.4001488e-07
Khulna/khl664.wav,test,1.8262246e-05,2.0713373e-06,4.7659858e-12,4.886617e-08,0.9999757,2.264948e-06,3.627561e-09,1.0599371e-06,5.186978e-07
Khulna/khl665.wav,test,2.5155812e-05,1.0946451e-06,4.4658847e-12,5.8292247e-08,0.9999697,1.6298052e-06,5.75303e-09,1.288182e-06,1.026481e-06
Khulna/khl677.wav,test,4.140245e-05,5.857515e-07,4.5871197e-12,5.8503332e-08,0.9999527,1.5274217e-06,1.2019517e-08,1.7392774e-06,1.9996387e-06
Khulna/khl683.wav,test,1.5527141e-05,2.3046264e-06,5.405239e-12,4.4697398e-08,0.99997795,2.5336124e-06,3.2279777e-09,1.1712494e-06,4.213182e-07
Khulna/khl707.wav,test,6.6807166e-05,9.733455e-07,5.306236e-12,1.365931e-07,0.99992836,1.1627167e-06,7.626373e-09,7.3396626e-07,1.9031446e-06
Khulna/khl73.wav,test,1.1737208e-05,1.683571e-06,4.2608005e-12,4.383428e-08,0.9999814,1.5110572e-06,3.78216e-09,2.928691e-06,6.8823323e-07
Khulna/khl732.wav,test,2.4861678e-05,1.4456693e-06,4.0996048e-12,5.352587e-08,0.99996996,1.6124593e-06,4.3318282e-09,1.2320535e-06,8.2773295e-07
Khulna/khl740.wav,test,3.5587545e-05,9.729062e-07,4.838255e-12,5.948274e-08,0.99995935,1.6771367e-06,7.3402324e-09,1.2101132e-06,1.1054434e-06
Khulna/khl747.wav,test,3.6541336e-05,8.779212e-07,3.8274666e-12,4.6745345e-08,0.9999584,1.7521817e-06,7.1490636e-09,1.1943417e-06,1.2068988e-06
Khulna/khl82.wav,test,3.0334584e-05,9.414227e-07,4.189388e-12,4.8331536e-08,0.9999647,1.8397704e-06,6.3625643e-09,1.1414509e-06,1.0611493e-06
Barishal/br1.wav,test,0.8677951,0.052030023,0.00044067507,0.002232843,0.01824681,0.054728553,0.002267709,3.3383836e-05,0.0022248602
Barishal/br10.wav,test,0.9830467,2.9163297e-05,1.3097877e-05,0.008062749,0.0017433319,4.1791547e-05,0.00058037316,1.0823757e-06,0.0064818333
Barishal/br1000.wav,val,0.999926,5.6332542e-08,3.039951e-08,8.852563e-06,3.482166e-05,2.47064e-06,2.1505995e-05,4.5698514e-10,6.314538e-06
Barishal/br102.wav,val,0.99991953,1.02604616e-07,2.8348408e-08,7.738218e-06,4.9083763e-05,4.242135e-06,1.49438565e-05,3.9294443e-10,4.247041e-06
Barishal/br1044.wav,val,0.99993,1.8898756e-08,2.7216807e-08,3.980244e-06,1.5024523e-05,2.6396322e-06,4.3456163e-05,2.641213e-10,4.7360286e-06
Barishal/br1046.wav,val,0.0008818389,5.8303515e-11,1.785109e-06,1.1665058e-08,5.4503865e-08,0.00010755277,0.9990073,1.0638842e-07,1.355105e-06
Barishal/br1059.wav,val,0.99991393,1.04016664e-07,2.8723631e-08,1.0613732e-05,5.169922e-05,3.2183275e-06,1.4850899e-05,4.3144577e-10,5.4561556e-06
Barishal/br1066.wav,val,0.9999225,6.996608e-08,2.7552764e-08,9.517518e-06,4.169187e-05,2.7699618e-06,1.7859002e-05,4.0823264e-10,5.5230353e-06
Barishal/br1077.wav,val,0.99986994,3.361191e-07,3.3663923e-08,1.549795e-05,9.5370575e-05,4.923024e-06,8.2106635e-06,5.5636235e-10,5.7224906e-06
Barishal/br1078.wav,val,0.9998934,1.3903878e-07,2.2196676e-08,9.556478e-06,7.634665e-05,3.643344e-06,1.0774116e-05,4.8063387e-10,5.964861e-06
Barishal/br1079.wav,val,0.9998987,1.2498837e-08,3.8747167e-08,4.5814304e-06,9.979926e-06,2.225381e-06,7.8880315e-05,2.7304212e-10,5.626894e-06
Barishal/br109.wav,val,0.99993014,7.227314e-08,3.0318564e-08,8.6293485e-06,3.468198e-05,3.0108713e-06,1.879845e-05,3.428019e-10,4.626915e-06
Barishal/br11.wav,test,0.994472,1.7956093e-06,8.175844e-06,0.0010026192,0.00025262503,2.556932e-05,0.0021346312,5.039017e-07,0.0021021701
Barishal/br110.wav,val,0.99993,7.332731e-08,3.007889e-08,9.241275e-06,3.514247e-05,2.7668752e-06,1.7910288e-05,3.3589778e-10,4.7689923e-06
Barishal/br1127.wav,val,0.99987507,2.5555244e-07,3.0387927e-08,9.072602e-06,9.1851296e-05,7.0494475e-06,1.26222985e-05,5.264828e-10,4.086476e-06
Barishal/br1133.wav,val,0.99969053,1.0082325e-08,2.046116e-08,1.1781544e-06,4.543386e-05,1.19608985e-05,0.00024751137,9.556698e-10,3.4335872e-06
Barishal/br1146.wav,val,0.9998349,8.5025624e-07,5.566778e-08,2.058254e-05,0.00012436404,8.118291e-06,6.6517055e-06,6.4451167e-10,4.5622423e-06
Barishal/br1147.wav,val,0.99983895,5.934677e-07,4.396895e-08,1.7756654e-05,0.00012368646,6.761819e-06,7.081225e-06,6.311098e-10,4.968589e-06
Barishal/br1148.wav,val,0.99983895,7.854817e-07,5.511724e-08,2.4629642e-05,0.00011804361,6.0359607e-06,6.3302673e-06,6.362319e-10,5.1677125e-06
Barishal/br1150.wav,val,0.99987113,5.9547676e-07,5.5945378e-08,1.9111956e-05,9.023395e-05,6.4724904e-06,7.461629e-06,5.772783e-10,4.9229407e-06
Barishal/br116.wav,val,0.9999182,8.5572914e-08,2.7245207e-08,8.690666e-06,4.8217447e-05,3.0700667e-06,1.6280568e-05,4.2979342e-10,5.315482e-06
Barishal/br1161.wav,val,0.9998599,5.583893e-07,4.4262276e-08,1.5442765e-05,0.00010406508,7.671481e-06,7.909688e-06,5.264216e-10,4.2650768e-06
Barishal/br1162.wav,val,0.9997825,1.5202625e-06,6.8323104e-08,2.3510866e-05,0.00016993689,1.1911978e-05,6.240201e-06,8.1833595e-10,4.318167e-06
Barishal/br1163.wav,val,0.9998325,4.98578e-07,3.8960845e-08,1.0407468e-05,0.00013276763,1.1288767e-05,8.904628e-06,6.1161515e-10,3.5686871e-06
Barishal/br1164.wav,val,0.9996898,6.9433977e-06,1.6166761e-07,3.4842797e-05,0.00022627355,3.3671426e-05,5.071539e-06,1.0815835e-09,3.1591028e-06
Barishal/br1165.wav,val,0.9998802,3.0444926e-07,3.518362e-08,1.2664517e-05,8.745295e-05,5.851494e-06,8.861129e-06,4.8993226e-10,4.539607e-06
Barishal/br1166.wav,val,0.9997662,1.800229e-06,1.1649925e-07,6.981092e-06,0.00013834663,7.1990595e-05,1.2315364e-05,8.754738e-10,2.275883e-06
Barishal/br1167.wav,val,0.9998599,6.4187884e-07,5.2058592e-08,1.761165e-05,0.00010263781,7.974485e-06,7.2866487e-06,5.311691e-10,3.7779428e-06
Barishal/br1168.wav,val,0.999884,5.259865e-07,5.4081866e-08,1.8805904e-05,7.8296536e-05,6.2227678e-06,7.841104e-06,4.7252946e-10,4.3047653e-06
Barishal/br1169.wav,val,0.99987996,4.775833e-07,4.800333e-08,1.1883738e-05,8.517425e-05,9.992254e-06,9.294363e-06,4.3833884e-10,3.0715717e-06
Barishal/br1171.wav,val,0.99992883,1.8297527e-07,7.662307e-08,1.1639205e-05,2.8745097e-05,7.519008e-06,2.019999e-05,2.9422034e-10,2.8671188e-06
Barishal/br1172.wav,val,0.99989843,3.9086916e-07,5.2667342e-08,1.7297027e-05,6.525869e-05,5.6844156e-06,8.8761e-06,4.186559e-10,4.019898e-06
Barishal/br1185.wav,val,0.9999317,4.7818933e-08,3.157758e-08,6.083645e-06,2.6341657e-05,3.7366578e-06,2.7957452e-05,2.8830816e-10,4.0496147e-06
Barishal/br1188.wav,val,0.21393135,2.9773628e-05,3.258674e-05,0.7853245,0.00012332883,1.0631934e-06,0.00021180333,9.832421e-08,0.00034551058
Barishal/br12.wav,test,0.14035383,3.9596878e-07,1.5869126e-06,0.0024255337,0.00060743396,1.0830704e-06,0.00075931085,4.7142007e-06,0.855846
Barishal/br1200.wav,val,0.99945706,1.8083909e-09,2.7593043e-08,7.1326605e-07,6.6093494e-06,5.692173e-06,0.0005259484,4.057934e-10,3.9393203e-06
Barishal/br122.wav,val,0.99979323,5.166744e-07,1.1758289e-07,0.00011521273,6.044536e-05,2.7886174e-06,1.5870006e-05,5.7554245e-10,1.1913776e-05
Barishal/br1225.wav,val,0.9998995,1.4536514e-07,3.2566675e-08,5.12573e-06,6.249445e-05,9.58209e-06,1.9011115e-05,4.800605e-10,4.039498e-06
Barishal/br1229.wav,val,0.9998078,1.148642e-08,7.986199e-08,7.2200996e-06,8.430822e-06,2.9107036e-06,0.00016899104,3.8073236e-10,4.4968237e-06
Barishal/br1230.wav,val,0.18160996,8.984313e-09,7.265042e-05,0.0002984513,1.8594285e-06,1.3034698e-05,0.8174573,4.9712713e-07,0.00054618035
Barishal/br1244.wav,val,0.99967337,1.5290236e-06,1.06346924e-07,0.00013292537,0.00016788412,5.8450023e-06,1.1352877e-05,9.10688e-10,6.9860043e-06
Barishal/br134.wav,val,0.0030104201,1.634457e-08,7.328916e-06,2.4792335e-09,3.4234886e-06,0.32792437,0.6690538,3.3390924e-07,2.6793134e-07
Barishal/br14.wav,val,0.9998431,7.560161e-09,3.785781e-08,4.720336e-06,9.539689e-06,2.2159732e-06,0.00013486987,3.1265582e-10,5.4698253e-06
Barishal/br143.wav,val,0.99990094,2.3388185e-07,4.2030237e-08,1.8941033e-05,6.062461e-05,3.3803178e-06,1.0131011e-05,4.5334658e-10,5.7392285e-06
Barishal/br144.wav,val,0.99992776,6.249064e-08,2.9035137e-08,7.710099e-06,3.6903763e-05,2.9981823e-06,1.9280073e-05,3.6959105e-10,5.244249e-06
Barishal/br149.wav,val,0.99992394,9.115446e-08,3.3625312e-08,1.24403305e-05,3.9206414e-05,2.4781507e-06,1.5791516e-05,3.9852105e-10,5.985586e-06
Barishal/br15.wav,val,0.9999373,4.278203e-08,3.2985508e-08,7.244646e-06,2.2273769e-05,2.8986808e-06,2.5918429e-05,2.8159028e-10,4.265476e-06
Barishal/br150.wav,val,0.99992406,7.476926e-08,2.9604985e-08,8.556527e-06,4.057491e-05,2.9941136e-06,1.825925e-05,4.1677437e-10,5.4695847e-06
Barishal/br151.wav,val,0.9999223,8.078443e-08,2.9587376e-08,9.526752e-06,4.2528023e-05,2.9700516e-06,1.7073613e-05,4.0200315e-10,5.4930924e-06
Barishal/br152.wav,val,0.9999182,9.338432e-08,3.2011044e-08,1.1403289e-05,4.5537483e-05,2.6999305e-06,1.5964608e-05,4.4318116e-10,6.06929e-06
Barishal/br166.wav,val,0.998345,3.0812402e-09,1.09227e-07,2.9470052e-06,6.730815e-06,5.442194e-06,0.0016323937,1.0738774e-09,7.295619e-06
Barishal/br219.wav,test,1.8171018e-05,2.3118653e-06,5.68051e-07,0.9994159,1.3054057e-06,8.871666e-11,2.5922175e-08,1.4939385e-08,0.0005618187
Barishal/br220.wav,test,4.184302e-06,0.53537166,4.4440208e-06,0.46403748,0.0005716191,1.1080811e-07,1.104791e-09,2.2865936e-06,8.160985e-06
Barishal/br221.wav,test,6.953379e-07,0.999642,7.623942e-07,0.00014120257,0.00021025482,3.991412e-06,3.7526462e-10,1.0552804e-06,4.04897e-08
Barishal/br222.wav,test,8.890546e-06,0.0015016096,7.501481e-07,0.9984332,3.255415e-05,1.7592187e-09,1.881504e-09,8.5806924e-08,2.2932574e-05
Barishal/br223.wav,test,0.0290114,0.004412587,1.2640825e-05,0.94591,0.0075919204,2.2756165e-06,4.731845e-06,4.7897597e-06,0.013049771
Barishal/br224.wav,test,0.00021010723,1.6478652e-05,1.5969044e-06,0.9968665,1.8134022e-05,1.4720979e-09,1.7017264e-07,1.357396e-07,0.0028867684
Barishal/br225.wav,test,6.1407096e-05,3.387781e-06,6.2688804e-07,0.9898463,9.1761385e-06,2.337505e-10,8.433051e-08,1.4230916e-07,0.010078801
Barishal/br226.wav,test,0.0019711973,0.000810821,2.4446338e-06,0.68375796,0.0053835963,1.0195197e-07,1.2406347e-06,2.2912216e-05,0.3080497
Barishal/br227.wav,test,0.001178357,0.00080931425,4.8245015e-06,0.992732,0.00044548383,5.96783e-08,4.788973e-07,1.648784e-06,0.0048278896
Barishal/br228.wav,test,0.00023550515,1.6530854e-06,1.1667994e-06,0.9923052,6.2196514e-06,5.2597054e-10,4.0049372e-07,6.5876996e-08,0.007449716
Barishal/br229.wav,test,7.58077e-05,0.9920805,2.9520222e-06,0.0016021782,0.0061863773,3.8746413e-05,3.3941905e-08,1.18608295e-05,1.4885944e-06
Barishal/br230.wav,test,0.00025648184,1.7800912e-06,2.3960852e-06,0.8305089,1.5349335e-05,9.315259e-10,1.1825621e-06,7.4609363e-07,0.16921315
Barishal/br231.wav,test,2.785035e-06,0.9990393,2.4499543e-06,0.0006136109,0.00033519705,4.8237703e-06,1.3025644e-09,1.725574e-06,8.325106e-08
Barishal/br232.wav,test,0.070503734,0.23346004,8.4672756e-05,0.6820286,0.013641256,7.003743e-05,4.2573474e-06,3.4297077e-06,0.00020397836
Barishal/br233.wav,test,7.398484e-05,8.4710456e-07,1.9149081e-07,0.0025374126,4.818475e-05,4.437082e-09,9.887121e-07,5.2954038e-06,0.99733317
Barishal/br234.wav,test,0.5152419,0.15808867,9.495655e-05,0.20964053,0.111665435,0.00060871674,5.522358e-05,2.5966163e-05,0.004578621
Barishal/br235.wav,test,0.00011714579,8.748421e-07,8.9266615e-07,0.25986993,1.64174e-05,6.2038696e-10,7.4045784e-07,1.1096313e-06,0.73999286
Barishal/br236.wav,test,0.029783446,2.7016042e-05,3.6953486e-06,0.78618824,0.00066669675,7.5693144e-08,1.2235731e-05,1.1093892e-06,0.18331751
Barishal/br237.wav,test,0.006346399,7.549364e-06,6.147361e-06,0.2303072,0.0001818063,4.1293827e-08,1.4873557e-05,3.4315797e-06,0.7631326
Barishal/br238.wav,test,0.00012025095,6.341277e-05,1.3729566e-06,0.97893405,0.00010315806,2.1524713e-09,1.1357493e-07,1.8785358e-06,0.020775888
Barishal/br239.wav,test,0.036374547,0.0008264209,0.0001793496,0.0056625004,0.0018841515,0.00012503224,0.0008414786,0.00015139798,0.9539551
Barishal/br240.wav,test,0.00013149693,3.1832044e-06,5.1809695e-07,0.00055246823,9.66115e-05,4.6340574e-08,2.0449297e-06,1.3187889e-05,0.9992004
Barishal/br241.wav,test,0.00038533693,0.38149267,5.1855615e-05,0.6050875,0.005242891,2.7830647e-06,2.1931119e-07,5.653093e-05,0.007680109
Barishal/br242.wav,test,0.0001647062,9.004471e-05,2.5456e-06,0.5804002,0.00018951259,6.111287e-09,3.2743387e-07,7.0369033e-06,0.41914558
Barishal/br243.wav,test,1.1872118e-05,0.00037316472,9.2273797e-07,0.9994568,1.3787075e-05,8.895146e-10,5.940419e-09,1.619654e-07,0.00014334588
Barishal/br244.wav,test,0.29232296,1.7629756e-05,1.2614603e-05,0.2244308,0.0025095546,1.5821253e-06,0.00042119698,6.2732493e-06,0.48027748
Barishal/br245.wav,test,0.99081856,3.7362025e-07,3.5395135e-06,3.1128995e-05,9.2760194e-05,0.00010002717,0.008805562,3.226877e-07,0.00014775165
Barishal/br246.wav,test,0.15344392,2.8707433e-07,5.8202262e-05,0.000657367,0.00013542656,2.9603007e-05,0.18994337,7.044502e-05,0.65566134
Barishal/br247.wav,test,0.008702207,9.909929e-06,5.3863578e-06,0.9296109,0.00010108764,2.288226e-08,1.05867375e-05,4.8963454e-07,0.061559416
Barishal/br248.wav,test,0.46026137,3.6774123e-05,3.60602e-05,0.06590444,0.0022519461,1.0517271e-05,0.0021010332,2.4602907e-05,0.46937326
Barishal/br249.wav,test,2.8645218e-05,7.791293e-07,9.854614e-07,0.9961247,1.0183123e-06,8.0874654e-11,9.675734e-08,3.522848e-08,0.0038437494
Barishal/br250.wav,test,0.00020091861,8.10899e-08,6.026983e-07,0.0016225353,7.808245e-06,8.043978e-09,1.0828078e-05,1.8534537e-06,0.9981553
Barishal/br251.wav,test,8.638525e-06,1.7177183e-09,4.3876046e-08,8.086894e-05,5.8469385e-07,2.4076163e-10,1.4120697e-06,7.955098e-07,0.99990773
Barishal/br252.wav,test,2.242386e-05,8.324611e-09,4.5079485e-08,0.0007529739,2.647217e-06,2.3720015e-10,8.1118816e-07,6.9281253e-07,0.9992205
Barishal/br253.wav,test,0.00023746425,3.859991e-06,1.7605728e-06,0.9456142,1.5285323e-05,9.434012e-10,6.025789e-07,4.238968e-07,0.05412639
Barishal/br254.wav,test,0.000572777,2.073531e-06,8.2163143e-07,0.000773593,0.00010205806,1.1996802e-07,1.0884614e-05,8.686159e-06,0.9985291
Barishal/br255.wav,test,0.00848086,7.822107e-08,3.5610074e-07,0.001166773,7.023709e-05,5.1804125e-08,6.7251196e-05,1.4088572e-06,0.990213
Barishal/br256.wav,test,0.028980281,5.490023e-07,1.7048458e-06,0.13300079,0.0002188907,3.336007e-08,7.705294e-05,1.5312221e-06,0.8377191
Barishal/br257.wav,test,0.0027135557,1.2271368e-05,6.549833e-07,0.98282015,0.00029263896,6.4407706e-09,6.511027e-07,2.8455315e-07,0.01415981
Barishal/br258.wav,test,0.0017356778,2.3639468e-07,2.043933e-06,0.018961221,1.5845004e-05,1.1554775e-08,2.5128353e-05,1.5606424e-06,0.97925824
Barishal/br259.wav,test,0.89344597,1.7949258e-05,5.4081134e-05,0.00024961974,0.0016337555,0.000889828,0.025559563,2.0592255e-05,0.07812864
Barishal/br260.wav,test,2.0764519e-05,1.069882e-06,7.4542925e-07,0.99465746,1.7849529e-06,8.034701e-11,6.83478e-08,6.608091e-08,0.00531793
Barishal/br261.wav,test,4.2308955e-05,6.895924e-05,2.4463168e-06,0.999635,9.758894e-06,1.7269263e-09,4.833957e-08,1.1433952e-07,0.00024136029
Barishal/br262.wav,test,0.0008918671,0.00595866,0.9876506,0.004077187,3.0282555e-07,0.00026455912,0.0011211655,2.2791319e-05,1.2841777e-05
Barishal/br263.wav,test,0.00013053988,2.7694588e-05,2.4952956e-06,0.99667126,9.258883e-06,1.6849743e-09,1.4046074e-07,1.2044599e-07,0.0031585097
Barishal/br264.wav,test,0.00016881841,2.4123567e-06,1.5833799e-06,0.99429494,3.2477074e-06,4.694312e-10,3.2549553e-07,6.251546e-08,0.005528627
Barishal/br265.wav,test,0.10565912,0.13224074,0.00032472605,0.5982324,0.03864842,0.00021865946,0.00015607911,0.0002936473,0.12422617
Barishal/br267.wav,test,0.9891571,9.217995e-07,7.889067e-07,0.00037588066,0.0022540863,2.2433744e-05,0.0008315111,5.7918464e-07,0.0073566632
Barishal/br268.wav,test,0.004079018,0.03658736,4.1712688e-06,0.9404805,0.012919125,7.510693e-07,2.891025e-07,6.092566e-06,0.0059227906
Barishal/br269.wav,test,0.9954549,2.887201e-06,2.639246e-06,0.0008944362,0.00033296546,1.0290936e-05,0.0003267178,1.3385198e-07,0.0029749968
Barishal/br270.wav,test,0.9995442,2.01394e-06,1.2779108e-06,2.5117499e-05,0.000112549606,7.814298e-05,0.00021482303,1.7192216e-08,2.1687252e-05
Barishal/br271.wav,test,0.999446,3.5844693e-07,2.9598127e-07,1.2109676e-05,0.00018694538,4.126549e-05,0.000283571,2.2382132e-08,2.940131e-05
Barishal/br272.wav,test,0.98423713,1.0874065e-05,1.7060718e-06,0.0025502765,0.0048361802,2.0895586e-05,0.00021617652,7.533268e-07,0.008125894
Barishal/br273.wav,test,0.94453263,3.3321244e-06,8.6745865e-07,0.0023792635,0.010819497,1.4983033e-05,0.00037944978,1.9287102e-06,0.041867994
Barishal/br274.wav,test,0.07957824,1.4128175e-07,7.440529e-07,0.0007147303,0.00022343558,5.706103e-07,0.0004845005,1.7525285e-06,0.91899586
Barishal/br275.wav,test,0.38170207,0.21719529,0.00014980265,0.2309293,0.08518735,0.00039396633,6.950981e-05,6.897507e-05,0.08430384
Barishal/br276.wav,test,0.00035818323,5.9633185e-06,1.6859981e-06,0.74987024,3.3487206e-05,1.4413424e-09,6.0894104e-07,5.778736e-07,0.24972929
Barishal/br277.wav,test,0.9975091,4.0260474e-07,6.7486263e-07,5.005812e-05,0.00042029948,3.3603905e-05,0.000744115,9.922795e-08,0.0012415353
Barishal/br278.wav,test,0.9990575,1.4117026e-07,1.9149324e-07,3.6975114e-06,0.00020850317,7.067897e-05,0.00060833513,3.4158123e-08,5.0861425e-05
Barishal/br279.wav,test,0.97632104,6.8971044e-06,4.116036e-07,6.821879e-05,0.0133823715,0.00013646964,0.00028835738,8.58548e-07,0.009795483
Barishal/br280.wav,test,0.9481265,3.113119e-07,1.3711859e-07,3.2772867e-05,0.0290778,5.276438e-05,0.0020187101,1.4032263e-05,0.020676915
Barishal/br281.wav,test,0.9993855,1.61801e-07,6.843615e-08,5.392526e-06,0.00042263704,3.570875e-05,0.0001422084,1.5194107e-08,8.391332e-06
Barishal/br282.wav,test,0.8239716,0.028695378,4.5765715e-05,0.1366909,0.010274676,0.00015122064,1.4736184e-05,4.5974858e-07,0.00015530195
Barishal/br283.wav,test,0.998243,2.2898747e-07,9.949362e-07,5.0869272e-05,0.00011530857,2.3072249e-05,0.00090068206,5.0653966e-08,0.00066586304
Barishal/br286.wav,test,0.99902916,3.5881806e-06,9.484205e-07,9.060575e-05,0.0005955138,7.648703e-05,0.00016206874,4.511145e-08,4.1549756e-05
Barishal/br287.wav,test,0.0953559,4.7081917e-06,1.154362e-06,0.69554746,0.0023694267,6.89051e-08,2.1130958e-05,7.3896643e-07,0.20669936
Barishal/br288.wav,test,0.370387,7.7440476e-05,9.924203e-06,0.60642,0.0017434431,1.325709e-06,7.1899405e-05,6.641444e-07,0.021288345
Barishal/br289.wav,test,0.9975122,1.0470707e-06,1.103222e-06,0.00030664878,0.0008534081,2.9530693e-05,0.0006872843,1.813217e-07,0.0006086499
Barishal/br290.wav,test,0.13629146,2.2365004e-05,5.890166e-06,0.78919977,0.0011417591,2.654479e-07,4.2813987e-05,8.3431325e-07,0.0732948
Barishal/br291.wav,test,0.6717537,1.5872924e-05,5.611595e-06,0.08849381,0.003910692,2.5210406e-06,0.0002502733,2.0742002e-06,0.23556551
Barishal/br292.wav,test,0.9927683,3.4481386e-07,1.6830043e-06,8.8243905e-05,0.0002952185,3.9167666e-05,0.0033411076,2.5106826e-07,0.003465509
Barishal/br293.wav,test,0.7806054,4.4659564e-06,2.3382818e-06,0.0247913,0.007860774,4.76577e-06,0.0005991873,3.6030915e-06,0.18612824
Barishal/br294.wav,test,0.011610415,6.6562614e-05,1.2439756e-06,0.977469,0.00095496105,4.2596064e-08,1.215342e-06,3.1342887e-07,0.009896165
Barishal/br295.wav,test,0.013250849,9.67116e-05,7.093993e-06,0.72756004,0.0009906674,1.0309422e-07,6.5246386e-06,3.62923e-06,0.25808436
Barishal/br296.wav,test,0.98204535,7.8291356e-07,2.993368e-08,2.5471134e-05,0.017524464,5.137769e-05,0.00011288716,1.433477e-07,0.00023943793
Barishal/br297.wav,test,0.9913224,5.31238e-06,1.7623604e-06,0.007279517,0.00067542016,4.902701e-06,0.00010649036,6.421835e-08,0.00060416025
Barishal/br298.wav,test,0.038770977,6.2220215e-06,1.4424814e-06,0.64585465,0.0012926486,5.0533465e-08,1.4467889e-05,1.1864579e-06,0.3140584
Barishal/br299.wav,test,0.99744934,5.199793e-07,7.4196333e-07,7.61984e-05,0.00067020766,4.628569e-05,0.00097176584,1.3536017e-07,0.00078474387
Barishal/br3.wav,test,0.30631614,3.1103817e-05,1.0858011e-05,0.6062528,0.0018405955,8.5202544e-07,0.00016780187,2.4749438e-06,0.085377395
Barishal/br30.wav,val,0.9998864,2.8240722e-08,8.105827e-08,7.516158e-06,1.1776725e-05,4.141884e-06,8.566095e-05,3.4023545e-10,4.4157073e-06
Barishal/br300.wav,test,0.12503095,1.740885e-05,9.672012e-07,0.8072467,0.004351128,1.2802847e-07,9.995384e-06,3.8801798e-07,0.06334236
Barishal/br301.wav,test,0.017309662,3.3536278e-06,1.7894681e-06,0.30144787,0.0006790349,3.8152535e-08,1.653764e-05,2.3161062e-06,0.6805394
Barishal/br302.wav,test,0.0031025645,1.1132967e-06,3.5251986e-07,0.55467165,0.0003261909,2.69143e-09,2.2319773e-06,7.1938535e-07,0.4418952
Barishal/br303.wav,test,0.9963595,1.14547e-06,4.639395e-07,0.0005966321,0.0015432512,1.1517263e-05,0.00022071367,1.0611758e-07,0.0012665995
Barishal/br304.wav,test,0.87088495,5.3182e-06,3.6349e-06,0.021205515,0.0031428863,4.1787603e-06,0.00035349312,1.5487474e-06,0.1043984
Barishal/br305.wav,test,0.0019954562,1.6086249e-06,1.4491444e-06,0.7022854,3.6611193e-05,2.2766922e-09,2.2756494e-06,2.3102612e-07,0.29567698
Barishal/br306.wav,test,0.0004778175,3.3198369e-06,8.687328e-07,0.9978461,9.668342e-06,8.8401825e-10,2.4802108e-07,2.1251818e-08,0.0016619754
Barishal/br307.wav,test,0.9979563,4.1634968e-07,1.3904117e-06,3.8495593e-05,0.00022448081,5.544618e-05,0.0015796338,1.9916243e-07,0.00014354446
Barishal/br308.wav,test,0.99571985,6.1166793e-07,5.7122268e-08,4.7465564e-05,0.0040125377,2.4722178e-05,0.00010808342,5.4880747e-08,8.6595464e-05
Barishal/br309.wav,test,0.9929548,9.1287103e-07,1.3376695e-06,0.000548856,0.000803584,1.6468446e-05,0.0011289043,2.8644882e-07,0.004544966
Barishal/br31.wav,val,0.9999317,1.01945346e-07,3.7598568e-08,1.1392572e-05,3.355342e-05,3.0648073e-06,1.5495596e-05,3.137439e-10,4.783011e-06
Barishal/br310.wav,test,2.7861592e-05,1.4404501e-06,9.099744e-07,0.9997491,6.417496e-07,1.0151429e-10,3.8645943e-08,7.820477e-09,0.00021994948
Barishal/br311.wav,test,0.9660849,3.5034878e-07,2.3285293e-06,0.0005257194,0.00077378,1.4160475e-05,0.002623447,1.0731412e-06,0.029974213
Barishal/br312.wav,test,0.997715,5.121164e-08,1.1311288e-07,6.4683218e-06,0.00059428473,2.8946848e-05,0.0013273609,1.6520003e-07,0.00032760043
Barishal/br313.wav,test,0.7581574,7.2305343e-06,3.861422e-06,0.001827686,0.0047139656,2.5152181e-05,0.0012841271,9.540565e-06,0.23397103
Barishal/br314.wav,test,0.082732454,6.581547e-07,1.5128574e-06,0.010285856,0.00042819025,2.9413928e-07,0.00021374362,2.6731102e-06,0.9063346
Barishal/br315.wav,test,0.9969373,6.709844e-07,1.4911475e-06,0.00016870203,0.00037321678,2.6840413e-05,0.0013831271,2.3424334e-07,0.0011084274
Barishal/br316.wav,test,0.008120975,1.0918773e-06,1.5644597e-06,0.4401649,0.00010871403,5.719873e-09,1.455585e-05,1.3568637e-06,0.55158687
Barishal/br317.wav,test,0.021664236,8.596183e-06,1.4651612e-06,0.95331156,0.00065904506,3.3054086e-08,6.249378e-06,4.4280782e-07,0.02434835
Barishal/br318.wav,test,0.0001085209,6.1131354e-06,7.8596946e-07,0.9990287,6.8505537e-06,4.0024445e-10,5.4810382e-08,2.744577e-08,0.0008490086
Barishal/br319.wav,test,0.00042627417,1.3487433e-07,3.4305913e-07,0.074748546,1.7819617e-05,6.328544e-10,1.779729e-06,5.696553e-07,0.92480445
Barishal/br32.wav,val,0.9998049,6.7207037e-07,3.6944243e-08,1.9818715e-05,0.00015755017,6.57708e-06,6.0774923e-06,6.3675415e-10,4.468234e-06
Barishal/br320.wav,test,0.90381736,3.071566e-05,2.2046938e-06,0.07198417,0.012198124,4.285743e-06,9.874258e-05,1.2891055e-06,0.011863074
Barishal/br321.wav,test,0.026485646,9.73107e-08,6.6181184e-07,0.00028105406,0.00015919964,4.1964185e-07,0.00043406928,5.165989e-06,0.9726337
Barishal/br322.wav,test,3.4158707e-05,2.0691963e-05,1.0637478e-06,0.99880624,5.144799e-06,3.3102873e-10,2.6010435e-08,7.703382e-08,0.00113258
Barishal/br323.wav,test,0.00035066364,6.820256e-07,3.4628835e-07,0.18319012,4.9976927e-05,7.058614e-10,8.4287046e-07,8.955751e-07,0.8164064
Barishal/br324.wav,test,0.0014489439,3.4935085e-05,6.121978e-07,0.99007165,0.00020215186,4.427214e-09,2.3374832e-07,1.5413605e-07,0.008241387
Barishal/br325.wav,test,0.064119674,2.0638969e-05,4.1110816e-06,0.8548883,0.0010972182,1.4084381e-07,1.948171e-05,7.2778147e-07,0.07984968
Barishal/br326.wav,test,0.0977049,0.00026117518,1.0759229e-05,0.887365,0.0015609952,6.9624224e-07,1.1483294e-05,6.247584e-07,0.013084358
Barishal/br327.wav,test,0.9373737,0.016423734,0.0015212209,0.042658802,0.0007867237,0.00084219046,0.0003197375,8.5115454e-07,7.312982e-05
Barishal/br328.wav,test,0.0035114866,0.00069302716,4.0351097e-06,0.9954537,0.0002079858,8.455207e-08,2.605356e-07,7.319591e-08,0.00012922224
Barishal/br329.wav,test,0.103910096,1.6247443e-05,1.6961147e-05,0.6225456,0.00052929966,3.1314806e-07,0.00012488304,1.9076067e-06,0.27285475
Barishal/br33.wav,val,0.9995264,7.294499e-06,3.1002227e-07,0.00030024,0.00014513065,7.627842e-06,6.627696e-06,1.0626509e-09,6.3775387e-06
Barishal/br330.wav,test,0.99924004,4.6281312e-07,3.6647302e-07,1.569759e-05,0.00017143933,4.053424e-05,0.00046137627,2.3184105e-08,7.0149916e-05
Barishal/br331.wav,test,0.014955477,7.693098e-07,5.717739e-07,0.010180097,0.00025157843,6.237572e-08,3.565113e-05,1.7923445e-06,0.974574
Barishal/br332.wav,test,0.0001104345,7.22521e-07,4.6768398e-07,0.984072,6.2624317e-06,1.4006914e-10,1.8011798e-07,6.9948e-08,0.015809767
Barishal/br333.wav,test,0.73890525,4.4038484e-06,3.6409465e-06,0.041920554,0.0014733697,1.5472489e-06,0.00038925736,1.0683802e-06,0.21730092
Barishal/br334.wav,test,0.0014872244,8.7885455e-06,1.404168e-06,0.88295496,0.00013604914,4.008616e-09,1.1228459e-06,6.381185e-07,0.11540975
Barishal/br335.wav,test,0.030718954,1.0748719e-06,1.9145589e-06,0.0292772,0.0002140243,9.737863e-08,8.1592705e-05,1.6585537e-06,0.93970346
Barishal/br336.wav,test,0.113008365,1.1819428e-06,1.5716424e-06,0.025123833,0.0007393899,2.248093e-07,0.00016594124,2.70407e-06,0.86095685
Barishal/br337.wav,test,0.00092694635,7.391468e-07,9.979486e-07,0.6420039,3.414358e-05,9.841934e-10,2.1704811e-06,5.4701957e-07,0.35703054
Barishal/br338.wav,test,0.002341702,2.5142458e-06,5.9907495e-07,0.122663826,0.00032990804,6.654119e-09,2.8612776e-06,2.4597446e-06,0.8746561
Barishal/br339.wav,test,0.371183,0.0003591864,1.0924785e-05,0.51484144,0.018830456,3.9070937e-06,8.2500366e-05,9.873326e-06,0.094678745
Barishal/br340.wav,test,0.0017180574,1.5812014e-06,4.646144e-07,0.15554373,0.00016864677,3.611491e-09,2.1922724e-06,1.4104342e-06,0.84256405
Barishal/br341.wav,test,0.00048594468,1.6821827e-05,2.456364e-06,0.6001925,9.6440235e-05,3.5714445e-09,9.874626e-07,2.7741603e-06,0.3992021
Barishal/br342.wav,test,0.0019617118,7.4205605e-06,1.3929051e-06,0.84367645,0.00011846318,4.0759716e-09,1.4443672e-06,7.0478944e-07,0.15423241
Barishal/br343.wav,test,0.84746766,4.453238e-07,1.3706216e-06,0.001108944,0.0010761545,4.0753143e-06,0.002107979,2.7484825e-06,0.14823066
Barishal/br344.wav,test,0.79644305,7.0199717e-06,6.0565885e-06,0.058817353,0.0025946468,2.695799e-06,0.0007923542,4.357856e-06,0.14133252
Barishal/br345.wav,test,0.0031027794,2.2580839e-07,3.8739748e-07,0.05477773,7.8466735e-05,3.7371124e-09,9.531395e-06,1.2798092e-06,0.94202954
Barishal/br346.wav,test,0.020730138,0.0006688057,3.3436277e-06,0.9761046,0.0015233003,2.8864957e-07,1.2148846e-06,2.4976796e-07,0.0009680822
Barishal/br347.wav,test,0.6513128,3.18062e-05,7.5291305e-06,0.32051018,0.0021983827,1.5156375e-06,0.00012033175,6.0143867e-07,0.02581684
Barishal/br348.wav,test,0.00026706659,7.1622965e-09,6.33001e-08,3.5843317e-05,1.4341162e-05,8.430963e-09,1.6071637e-05,2.7690448e-06,0.99966395
Barishal/br349.wav,test,0.0037512525,1.5871822e-07,3.2198625e-07,0.00035164354,0.00012893547,9.07442e-08,4.918313e-05,4.2730535e-06,0.9957141
Barishal/br350.wav,test,0.012149027,4.6756236e-06,1.2772233e-06,0.58058965,0.00039024503,1.4656164e-08,6.963816e-06,7.730853e-07,0.40685743
Barishal/br351.wav,test,0.929453,1.4633114e-06,1.8842205e-06,0.004278226,0.001808256,4.8417633e-06,0.0011132128,1.6784164e-06,0.0633375
Barishal/br352.wav,test,0.0019363052,1.8029054e-06,9.95978e-07,0.4159758,0.00014528619,3.4206948e-09,3.1113527e-06,1.2841602e-06,0.58193547
Barishal/br353.wav,test,0.42396703,7.786197e-06,3.0221865e-06,0.00093362626,0.003316024,1.4557926e-05,0.00069789635,8.063916e-06,0.57105196
Barishal/br354.wav,test,0.0023661635,9.601989e-07,9.562813e-07,0.16243881,8.9212095e-05,4.5695625e-09,3.8440094e-06,9.479576e-07,0.83509916
Barishal/br355.wav,test,0.9967699,9.788505e-07,6.7866904e-07,0.00032079607,0.00094913674,1.62156e-05,0.00031244545,9.941309e-08,0.0016298096
Barishal/br356.wav,test,0.0004086649,1.1067027e-06,8.946731e-07,0.9453673,1.2474341e-05,4.81292e-10,5.5862574e-07,1.1895971e-07,0.054208845
Barishal/br357.wav,test,0.9935295,1.057961e-05,3.4655773e-07,0.00033468948,0.005813439,5.26305e-05,5.0790022e-05,5.6258926e-08,0.00020803463
Barishal/br358.wav,test,0.16840792,1.9708736e-05,7.216192e-07,0.0023630913,0.018606804,5.60912e-06,5.0456765e-05,6.1548576e-06,0.8105396
Barishal/br359.wav,test,0.13445014,2.947416e-07,1.8492021e-06,0.050292116,0.00027686896,1.0454496e-07,0.0002030233,8.528119e-07,0.81477475
Barishal/br360.wav,test,0.954371,8.6366776e-07,3.9276557e-07,0.0012762583,0.006838257,6.74395e-06,0.0004329762,1.1329315e-06,0.03707239
Barishal/br361.wav,test,0.00037305066,9.361313e-07,8.3776973e-07,0.9965154,5.4427837e-06,3.952627e-10,4.660059e-07,3.596489e-08,0.0031038825
Barishal/br362.wav,test,0.818699,7.0431256e-06,4.4803337e-06,0.016857272,0.0025248297,4.847409e-06,0.000464825,1.8988557e-06,0.16143577
Barishal/br363.wav,test,0.83053035,0.0014457523,1.0677921e-05,0.08861296,0.052800298,5.1523173e-05,0.00010520093,6.961966e-06,0.026436295
Barishal/br364.wav,test,0.5356516,0.0002333791,2.7723838e-06,0.29064783,0.033152442,2.9583275e-06,3.349248e-05,3.0769045e-06,0.14027233
Barishal/br365.wav,test,0.9946292,1.0172967e-06,1.0448075e-06,0.00058165385,0.0012728968,1.5434769e-05,0.00070325605,4.2777356e-07,0.0027951475
Barishal/br366.wav,test,0.000117295356,1.1800244e-06,4.860531e-07,0.96191657,9.1240845e-06,1.5916454e-10,1.6611763e-07,1.4143724e-07,0.03795509
Barishal/br367.wav,test,0.9894924,9.68428e-07,1.6593948e-06,0.00028201455,0.0013184261,3.4636465e-05,0.0013656451,6.481733e-07,0.007503585
Barishal/br368.wav,test,0.6148752,4.4078584e-05,1.158124e-06,0.08911633,0.02630241,2.5357588e-06,4.541408e-05,1.8158061e-06,0.26961112
Barishal/br369.wav,test,0.9390787,2.9372789e-06,3.5946032e-06,0.00052306487,0.0010330075,2.6128548e-05,0.0014326744,1.2520694e-06,0.05789856
Barishal/br37.wav,val,0.99988866,2.618761e-07,3.6354756e-08,1.7258384e-05,7.546258e-05,4.263016e-06,9.372434e-06,4.2770523e-10,4.7064505e-06
Barishal/br370.wav,test,0.5688326,3.076582e-07,1.7342479e-06,0.001687242,0.0007130523,2.7932106e-06,0.0019803138,1.9584475e-06,0.42678005
Barishal/br371.wav,test,0.9969086,1.4313792e-07,8.315139e-07,4.639071e-05,0.00016459786,3.0700452e-05,0.0025949338,9.7219896e-08,0.00025368007
Barishal/br372.wav,test,0.27334312,0.0056209117,1.939695e-06,0.28596857,0.4214217,1.7187542e-05,5.682723e-06,7.420232e-06,0.013613401
Barishal/br373.wav,test,0.004088948,8.101766e-06,5.517245e-07,0.9454324,0.00023893273,3.8591437e-09,5.6299433e-07,1.6395823e-07,0.050230358
Barishal/br374.wav,test,0.63706565,1.6124322e-05,4.2737915e-06,0.17994933,0.006392397,1.7484358e-06,0.0001610532,2.276366e-06,0.17640711
Barishal/br375.wav,test,0.004060219,0.00069121714,4.1966155e-06,0.9671254,0.0018082854,9.1429655e-08,8.5834745e-07,3.3085062e-06,0.026306434
Barishal/br376.wav,test,0.9799232,1.456397e-06,1.0254657e-06,0.0008028463,0.0025410228,1.5095663e-05,0.00054553803,6.536384e-07,0.016169224
Barishal/br377.wav,test,0.9984622,8.892903e-07,5.4633875e-07,0.00023377253,0.00059752807,1.6947413e-05,0.00037224058,6.539489e-08,0.0003158484
Barishal/br378.wav,test,0.98880893,6.321842e-07,2.1705154e-07,0.00015734983,0.006045107,2.4995015e-05,0.00048396448,4.7095094e-07,0.004478307
Barishal/br379.wav,test,0.004057234,5.344422e-05,6.829481e-07,0.9498369,0.0020375752,2.3600826e-08,6.474748e-07,9.345313e-07,0.04401265
Barishal/br380.wav,test,0.99913955,1.08673014e-07,3.5665128e-08,5.762885e-06,0.00064457534,2.0744832e-05,0.00014281129,1.3074477e-08,4.6283414e-05
Barishal/br381.wav,test,0.99070007,1.974204e-05,5.463171e-07,0.001864693,0.0063885935,1.9221241e-05,4.5913745e-05,1.324397e-07,0.0009612569
Barishal/br382.wav,test,0.997575,1.3771724e-07,1.0100512e-06,1.6187365e-05,5.8963098e-05,4.6781704e-05,0.0022339365,3.7208892e-08,6.78707e-05
Barishal/br383.wav,test,0.23825194,0.0008987667,4.1201893e-08,0.000322595,0.760264,0.00021882604,2.7700453e-06,7.460931e-07,4.041645e-05
Barishal/br384.wav,test,0.0032886453,9.794303e-08,1.1793898e-07,0.000989008,8.0405436e-05,1.7254008e-08,1.0705869e-05,8.2074604e-07,0.99563026
Barishal/br385.wav,test,0.9260929,6.9612965e-05,4.618754e-06,0.038816534,0.011512843,1.4422523e-05,0.00015508973,1.4259559e-06,0.023332488
Barishal/br386.wav,test,0.9956846,3.8436887e-08,4.854772e-07,3.5940393e-06,5.5159977e-05,5.8598387e-05,0.004151842,4.892048e-08,4.5634817e-05
Barishal/br387.wav,test,0.9953857,1.2604758e-06,6.413139e-08,6.1686645e-05,0.004355336,2.7763755e-05,5.8062535e-05,3.6515114e-08,0.00011000348
Barishal/br388.wav,test,2.0003872e-05,1.4084571e-06,5.400731e-07,0.99770737,1.6917047e-06,6.705337e-11,3.6384098e-08,3.2737024e-08,0.002268865
Barishal/br389.wav,test,0.00017327591,3.9820594e-07,4.3802487e-07,0.19496071,2.8614026e-05,4.006849e-10,8.735249e-07,1.487257e-06,0.8048342
Barishal/br390.wav,test,0.0005241491,4.5951012e-08,1.3334487e-07,0.013505497,1.6745047e-05,7.7019313e-10,2.8960442e-06,4.804796e-07,0.98595005
Barishal/br391.wav,test,0.008094097,2.7665576e-06,2.8832933e-06,0.98801154,2.0609872e-05,8.442885e-09,7.125074e-06,5.081834e-08,0.0038609526
Barishal/br392.wav,test,0.6333444,1.3976967e-06,3.879515e-06,0.00066566205,0.0014670517,2.0849e-05,0.0027934536,5.006495e-06,0.36169824
Barishal/br393.wav,test,8.87699e-05,1.183659e-06,6.021734e-07,0.9989555,1.7095089e-06,1.5867499e-10,1.0978457e-07,1.2995922e-08,0.00095209776
Barishal/br394.wav,test,0.0052510896,6.6197725e-05,4.845215e-06,0.99415624,6.9895e-05,4.4287578e-08,2.7653657e-06,1.2847366e-07,0.00044880586
Barishal/br395.wav,test,0.0020012353,2.3887273e-07,6.84191e-07,0.07388693,2.4787721e-05,2.988684e-09,1.0262675e-05,5.733692e-07,0.9240753
Barishal/br396.wav,test,0.00011391473,4.986466e-07,8.945857e-07,0.7381338,9.652003e-06,2.3199205e-10,7.2514257e-07,5.6865224e-07,0.2617399
Barishal/br397.wav,test,0.0039666127,1.493001e-06,8.6956504e-07,0.011218535,0.00011405218,3.6896417e-08,1.84696e-05,2.109233e-06,0.9846778
Barishal/br398.wav,test,0.000108046035,7.386624e-07,7.860995e-07,0.9961067,2.3483913e-06,1.7052677e-10,2.2751372e-07,3.0143873e-08,0.003781178
Barishal/br399.wav,test,0.0038485911,8.871953e-07,8.7021465e-07,0.28207102,0.00011836364,4.27499e-09,7.377774e-06,9.82877e-07,0.7139519
Barishal/br4.wav,test,0.9361328,0.003160929,0.0010222563,0.048437707,0.0021766287,0.00089800614,0.0029722524,1.4839551e-05,0.0051846644
Barishal/br400.wav,test,0.9841368,6.487526e-08,1.7129274e-06,1.0062404e-05,4.0921484e-05,7.376447e-05,0.015606462,1.4466814e-07,0.00013015604
Barishal/br401.wav,test,0.9979236,1.0642333e-07,3.858018e-07,2.381789e-05,0.00014121307,2.0321662e-05,0.0015175234,5.5169373e-08,0.0003729428
Barishal/br402.wav,test,0.009827062,3.576089e-06,1.9810536e-06,0.71813923,0.00026451648,1.3330437e-08,8.159243e-06,9.88818e-07,0.27175444
Barishal/br403.wav,test,0.000118866075,8.987392e-07,9.652874e-07,0.9604302,7.646302e-06,2.4810914e-10,4.0012898e-07,2.3938867e-07,0.039440695
Barishal/br404.wav,test,0.99370825,0.00018034993,2.6679447e-06,0.0030144805,0.002803278,4.2744028e-05,4.20357e-05,1.1790601e-07,0.00020608693
Barishal/br405.wav,test,0.97431993,1.1989904e-06,4.6538257e-06,0.0007603297,0.0004449911,1.9114288e-05,0.003319021,9.4621805e-07,0.021129824
Barishal/br406.wav,test,0.00028320024,3.018452e-07,4.9201367e-07,0.08587007,2.8038667e-05,7.2085443e-10,1.4616221e-06,1.3401295e-06,0.91381514
Barishal/br407.wav,test,0.00039988544,1.3881344e-06,7.6063554e-07,0.8972263,3.414869e-05,5.703417e-10,5.713334e-07,3.7448987e-07,0.10233661
Barishal/br408.wav,test,0.07114579,3.7345594e-06,1.6914872e-06,0.22715263,0.00084404234,6.9363466e-08,3.7839778e-05,1.3177738e-06,0.700813
Barishal/br409.wav,test,0.008212533,3.831557e-05,1.7836968e-06,0.5844886,0.0009123405,3.310304e-08,3.7832235e-06,2.795758e-06,0.40633985
Barishal/br410.wav,test,0.021983676,1.893476e-06,2.6217833e-06,0.72359097,0.00014982244,1.5904801e-08,1.8460094e-05,3.8024953e-07,0.25425223
Barishal/br411.wav,test,0.00028616283,4.7512168e-07,9.2046525e-07,0.51277715,1.2495456e-05,3.912818e-10,1.4112542e-06,5.385046e-07,0.48692086
Barishal/br412.wav,test,0.024354205,1.214914e-05,2.6043003e-06,0.36336887,0.0008063535,6.678959e-08,1.7749973e-05,1.8262725e-06,0.6114361
Barishal/br413.wav,test,0.0015281684,2.7436686e-06,1.6765906e-06,0.99407226,1.2416062e-05,2.1700177e-09,1.1740284e-06,3.3612604e-08,0.004381543
Barishal/br414.wav,test,0.000145365,9.794746e-07,5.8213215e-07,0.9939786,4.7034873e-06,2.0982541e-10,1.9515652e-07,4.1295706e-08,0.005869621
Barishal/br415.wav,test,0.00056255644,8.067779e-07,5.66019e-07,0.9805103,1.0275231e-05,4.066291e-10,4.8487044e-07,4.3515033e-08,0.018914929
Barishal/br416.wav,test,0.00090417115,1.7480146e-06,9.360393e-07,0.9862412,1.8059372e-05,1.0569943e-09,6.4350405e-07,5.9111954e-08,0.0128331
Barishal/br417.wav,test,0.0024814722,5.7156976e-06,7.4335793e-07,0.99531615,5.1717627e-05,3.64696e-09,6.055168e-07,3.8240906e-08,0.002143639
Barishal/br418.wav,test,0.010308169,4.7782614e-06,1.7871396e-06,0.9885246,5.1644955e-05,1.2236623e-08,2.8151067e-06,2.7875975e-08,0.0011061826
Barishal/br419.wav,test,0.8233139,3.293159e-05,7.97657e-06,0.0074736644,0.0018586939,1.4462544e-05,0.0007709143,2.2113327e-06,0.16652527
Barishal/br420.wav,test,0.0060040546,6.7882735e-07,2.6953109e-07,0.004518549,0.00036039823,4.66826e-08,1.6813505e-05,2.6884807e-06,0.98909646
Barishal/br421.wav,test,0.00021222733,4.0365876e-06,6.7476935e-07,0.9994393,4.470337e-06,4.590256e-10,8.155756e-08,1.066978e-08,0.0003391999
Barishal/br422.wav,test,0.011433333,0.00087408046,5.2434443e-06,0.986476,0.0006378944,2.516001e-07,1.2488097e-06,2.2423345e-07,0.00057172665
Barishal/br423.wav,test,0.5899161,5.1783307e-05,1.5185257e-05,0.31053695,0.0025889853,2.9262103e-06,0.00027871705,1.9475872e-06,0.09660741
Barishal/br424.wav,test,0.12139169,1.3317094e-07,3.0827636e-07,0.0012974906,0.0005593763,3.2511386e-07,0.00023416817,1.2274595e-06,0.87651527
Barishal/br440.wav,test,0.998703,2.8048632e-06,5.333851e-07,9.1305104e-05,0.00080794544,3.7889786e-05,0.00018537688,7.5926046e-08,0.00017108236
Barishal/br441.wav,test,0.056548744,2.3919287e-07,1.3802166e-06,0.00024262007,0.00041122612,1.8282877e-06,0.0012686669,1.6250717e-05,0.941509
Barishal/br442.wav,test,0.99717486,1.332234e-07,3.6209386e-07,5.911826e-06,0.00031694738,8.567766e-05,0.0020788366,1.639484e-07,0.0003371787
Barishal/br443.wav,test,0.9984125,5.1245803e-07,7.450136e-07,1.2616378e-05,0.00028745978,0.00010533706,0.0010733074,1.2257577e-07,0.00010742059
Barishal/br444.wav,test,0.8127998,0.0010364179,2.691295e-06,0.029949328,0.13433193,4.9857983e-05,7.6526114e-05,9.81147e-06,0.021743553
Barishal/br445.wav,test,0.9778642,1.8142791e-07,1.9484814e-06,1.01038895e-05,0.00040430285,0.00017624396,0.021335317,9.055151e-06,0.00019868682
Barishal/br446.wav,test,0.9409779,2.3726565e-05,2.2068282e-06,0.027674668,0.0130294915,1.1229526e-05,0.00017588916,1.1528285e-06,0.018103814
Barishal/br447.wav,test,0.55983263,6.834812e-06,2.4639867e-06,0.17478417,0.013277117,1.4731993e-06,0.0002809447,5.3455747e-06,0.251809
Barishal/br448.wav,test,0.41272482,1.2710324e-06,5.977492e-07,0.022133341,0.009173415,8.359302e-07,0.00023758202,4.196854e-06,0.55572397
Barishal/br449.wav,test,0.98063743,1.4374403e-06,7.6501635e-07,0.0017043179,0.0028856264,6.6293933e-06,0.0004662653,1.03173e-06,0.014296553
Barishal/br450.wav,test,0.7459519,8.598318e-06,6.2648487e-06,0.01545487,0.009063855,1.3666199e-05,0.0010726872,1.1129026e-05,0.22841705
Barishal/br451.wav,test,0.45510882,1.2881848e-05,3.8151225e-06,0.04972284,0.011187036,3.8101955e-06,0.00034142748,1.17266745e-05,0.4836076
Barishal/br452.wav,test,0.99845064,1.01885256e-07,7.0073577e-07,1.5035036e-05,6.5881926e-05,3.1840318e-05,0.0013748944,3.9202575e-08,6.0837225e-05
Barishal/br453.wav,test,0.9975606,1.5543137e-06,3.1729033e-07,6.6399334e-05,0.0019518661,4.1748575e-05,0.00031369206,3.9016138e-07,6.338201e-05
Barishal/br454.wav,test,0.99402124,3.871205e-06,1.5767818e-06,0.0009614309,0.0019803387,2.2528047e-05,0.0004579479,5.2078127e-07,0.0025505577
Barishal/br455.wav,test,0.7031584,0.025658423,1.791181e-05,0.23593746,0.033159155,6.365878e-05,1.8541297e-05,2.361176e-06,0.0019840735
Barishal/br456.wav,test,0.8251214,5.9564336e-06,2.5923002e-06,0.12540025,0.0035216638,1.4108051e-06,0.00018651992,5.4780867e-07,0.045759637
Barishal/br457.wav,test,0.06609041,0.00028544766,7.308588e-06,0.9270693,0.0008056933,4.290889e-07,6.0147822e-06,3.135353e-07,0.0057350267
Barishal/br458.wav,test,8.964638e-05,1.5422776e-06,4.5493306e-07,0.9983902,3.3263452e-06,1.6208976e-10,5.940141e-08,1.46439945e-08,0.0015148234
Barishal/br459.wav,test,0.99863714,1.4173972e-06,1.8935378e-07,4.8960446e-05,0.0011470593,3.6387406e-05,0.00010884895,4.3872646e-08,2.0018198e-05
Barishal/br460.wav,test,0.99659246,2.5516397e-07,9.636622e-07,3.7680595e-05,0.00029933843,3.784691e-05,0.0021182543,2.3020134e-07,0.00091288326
Barishal/br462.wav,test,0.99843067,2.9202855e-07,2.6926597e-07,1.4820784e-05,0.00043433337,4.0875708e-05,0.0008526202,1.3729668e-07,0.0002259265
Barishal/br463.wav,test,0.07481238,1.183017e-05,6.1175256e-06,0.8811915,0.0005481987,1.3750117e-07,4.9925526e-05,7.3875196e-07,0.0433792
Barishal/br464.wav,test,0.0003641667,7.858593e-07,8.650695e-07,0.9931978,6.619855e-06,4.084586e-10,4.3355791e-07,3.8925585e-08,0.006429317
Barishal/br465.wav,test,0.00028831506,2.386444e-06,5.1526575e-07,0.9545264,3.2339638e-05,4.898663e-10,2.5067706e-07,1.9722629e-07,0.04514958
Barishal/br466.wav,test,0.00015314759,7.217964e-07,8.0293694e-07,0.91668576,9.336442e-06,2.4702282e-10,4.1520616e-07,2.1829263e-07,0.08314949
Barishal/br467.wav,test,0.0037454902,1.9907009e-06,6.0111455e-07,0.18793724,0.0005144627,1.1294086e-08,4.7295757e-06,2.6501384e-06,0.8077929
Barishal/br468.wav,test,0.00015440381,6.9543926e-06,4.7076668e-07,0.95553964,5.752205e-05,6.911679e-10,1.175195e-07,4.1913523e-07,0.044240408
Barishal/br469.wav,test,0.0015050567,1.3132164e-06,6.1035183e-07,0.28859702,0.00012751044,2.8006797e-09,2.450229e-06,1.1617677e-06,0.7097649
Barishal/br47.wav,val,0.9999168,1.041758e-07,2.6382757e-08,9.543477e-06,5.1224488e-05,3.5191758e-06,1.4292898e-05,3.6524078e-10,4.579207e-06
Barishal/br470.wav,test,0.0011335992,3.0953631e-06,8.8854136e-07,0.72089267,0.00015131761,2.3666418e-09,1.3467159e-06,1.1445725e-06,0.27781597
Barishal/br471.wav,test,0.028178945,7.90765e-07,2.73585e-06,0.20105319,0.00015522301,3.3060875e-08,5.572733e-05,8.554914e-07,0.7705526
Barishal/br472.wav,test,0.025930196,0.01600816,2.7204007e-05,0.49353537,0.046884432,8.043568e-06,1.3720123e-05,0.0001266617,0.41746625
Barishal/br473.wav,test,0.017362272,5.549009e-07,3.959583e-07,0.00738849,0.0004222458,7.1412686e-08,4.677219e-05,2.693911e-06,0.9747764
Barishal/br474.wav,test,0.0055259825,5.4495575e-07,6.3753356e-07,0.23247325,0.00021822982,5.6833493e-09,1.43163315e-05,2.0304565e-06,0.761765
Barishal/br475.wav,test,0.0842892,3.4946042e-06,1.8530769e-06,0.40195853,0.0011319981,6.7756424e-08,5.275113e-05,1.481865e-06,0.51256067
Barishal/br476.wav,test,0.038004752,1.4136658e-06,3.4753118e-06,0.70287555,0.00020955187,2.9098718e-08,5.008978e-05,6.654062e-07,0.25885448
Barishal/br477.wav,test,0.12198942,1.032307e-06,3.1572358e-06,0.07105768,0.0005794176,1.9912125e-07,0.00030302603,3.1775892e-06,0.806063
Barishal/br492.wav,val,0.9999176,7.257379e-08,3.100302e-08,8.576682e-06,4.4933207e-05,3.2277974e-06,2.0197393e-05,4.8341936e-10,5.2613987e-06
Barishal/br5.wav,test,0.9961998,1.1015252e-05,3.214758e-05,0.0006605298,0.00021402197,0.00012751909,0.002361988,6.8125195e-07,0.00039237642
Barishal/br500.wav,val,0.99990284,8.649429e-08,2.2171285e-08,7.231537e-06,6.470656e-05,3.991467e-06,1.5848738e-05,5.2829396e-10,5.2410587e-06
Barishal/br501.wav,val,0.9998965,1.2851766e-07,2.603396e-08,7.989492e-06,7.215017e-05,4.9126065e-06,1.3286345e-05,5.3671034e-10,5.0293597e-06
Barishal/br506.wav,val,0.99990404,1.04931466e-07,2.743793e-08,8.41759e-06,6.168329e-05,4.086373e-06,1.6009402e-05,5.806156e-10,5.6458935e-06
Barishal/br507.wav,val,0.99992144,3.824399e-08,2.0672445e-08,5.0833096e-06,3.904974e-05,3.2024066e-06,2.5930356e-05,4.380419e-10,5.167424e-06
Barishal/br508.wav,val,0.9999131,8.100217e-08,2.6028781e-08,8.25668e-06,5.2553645e-05,3.4485133e-06,1.705536e-05,5.0310206e-10,5.4716943e-06
Barishal/br516.wav,val,0.99991155,8.938054e-08,2.8692025e-08,1.0204037e-05,5.2709416e-05,3.102694e-06,1.6762931e-05,5.2671495e-10,5.6279055e-06
Barishal/br517.wav,val,0.9999112,7.6373375e-08,2.575303e-08,8.171927e-06,5.300469e-05,3.310993e-06,1.8261642e-05,5.537111e-10,5.9831127e-06
Barishal/br518.wav,val,0.9999118,7.872882e-08,2.4557421e-08,7.832337e-06,5.452677e-05,3.6068172e-06,1.6939306e-05,4.839719e-10,5.216034e-06
Barishal/br521.wav,val,0.9999206,5.5365142e-08,2.1598341e-08,4.9016153e-06,4.4446922e-05,4.303384e-06,2.0978787e-05,4.232118e-10,4.6438463e-06
Barishal/br522.wav,val,0.9999219,4.752903e-08,2.4810637e-08,6.6154635e-06,3.9238166e-05,2.7113815e-06,2.3690682e-05,4.638903e-10,5.6717477e-06
Barishal/br524.wav,val,0.99992585,3.130472e-08,2.1876362e-08,4.66033e-06,3.1913372e-05,3.0424997e-06,2.990431e-05,3.7205383e-10,4.566427e-06
Barishal/br525.wav,val,0.99991274,9.390447e-08,2.8020565e-08,8.833782e-06,5.3818938e-05,3.820768e-06,1.5563888e-05,4.7643184e-10,5.0142457e-06
Barishal/br526.wav,val,0.9999198,6.253569e-08,2.5892195e-08,8.153774e-06,4.479942e-05,3.056863e-06,1.89631e-05,4.1890763e-10,5.1670113e-06
Barishal/br527.wav,val,0.9999039,1.0490823e-07,2.5471268e-08,7.982818e-06,6.425153e-05,4.326657e-06,1.46956345e-05,4.655119e-10,4.6294645e-06
Barishal/br528.wav,val,0.9999218,7.640668e-08,3.1442642e-08,9.35667e-06,4.2285836e-05,3.1883046e-06,1.818941e-05,4.2267667e-10,4.9519795e-06
Barishal/br53.wav,val,0.9999149,1.711949e-08,2.4975737e-08,2.1087717e-06,1.7107372e-05,5.0993767e-06,5.7258407e-05,2.7906244e-10,3.349459e-06
Barishal/br537.wav,val,0.99990165,7.6762134e-08,2.0930278e-08,7.2527796e-06,6.578698e-05,3.741934e-06,1.637925e-05,4.897727e-10,4.9526825e-06
Barishal/br546.wav,val,0.99990106,9.6630785e-08,2.7035247e-08,9.228158e-06,6.467467e-05,3.837331e-06,1.623599e-05,5.23855e-10,4.852668e-06
Barishal/br558.wav,val,0.99993205,3.4877754e-08,3.295157e-08,6.51974e-06,2.2855718e-05,2.71966e-06,3.1235537e-05,3.3997205e-10,4.527023e-06
Barishal/br559.wav,val,0.9999305,3.6859774e-08,2.5645445e-08,5.8675137e-06,2.8674121e-05,2.7474453e-06,2.7267834e-05,3.4596676e-10,4.7435797e-06
Barishal/br561.wav,val,0.99992895,2.5710445e-08,2.8758931e-08,4.7537847e-06,2.057847e-05,3.0985461e-06,3.8557526e-05,2.948293e-10,3.946562e-06
Barishal/br562.wav,val,0.99992406,9.432252e-08,3.4337535e-08,1.096399e-05,4.132655e-05,2.9452328e-06,1.5607853e-05,3.9846182e-10,4.962486e-06
Barishal/br563.wav,val,0.9999269,1.9955065e-08,3.5670368e-08,6.1424976e-06,1.3671437e-05,2.2540873e-06,4.6382123e-05,2.5549093e-10,4.4767135e-06
Barishal/br564.wav,val,0.9999268,3.116011e-08,2.7518952e-08,5.387328e-06,2.6869473e-05,2.8942802e-06,3.347648e-05,3.6751e-10,4.4920785e-06
Barishal/br594.wav,val,0.9999206,8.55333e-08,2.9565777e-08,7.6870565e-06,4.5295255e-05,4.154713e-06,1.7536526e-05,4.2198342e-10,4.5944385e-06
Barishal/br6.wav,test,0.2324862,0.48372132,8.438718e-05,0.22098882,0.061614525,0.0007072599,1.58726e-05,9.036788e-06,0.0003725514
Barishal/br609.wav,val,0.9999149,6.689364e-08,2.2221679e-08,6.979135e-06,5.1516083e-05,3.4082e-06,1.7818309e-05,4.3515277e-10,5.2483147e-06
Barishal/br624.wav,val,0.99990845,1.061253e-07,3.0440628e-08,1.20705445e-05,5.4698667e-05,2.9443386e-06,1.5185535e-05,5.338662e-10,6.4085884e-06
Barishal/br626.wav,val,0.99992394,4.4708454e-08,2.2040203e-08,6.695118e-06,3.8505743e-05,2.6248229e-06,2.2349583e-05,4.1560738e-10,5.7344582e-06
Barishal/br648.wav,val,0.99993145,3.5306098e-08,2.4981107e-08,6.9845437e-06,2.832933e-05,2.3806674e-06,2.5919711e-05,3.1947636e-10,4.8231855e-06
Barishal/br649.wav,val,0.9999155,9.134252e-08,3.134855e-08,1.1991005e-05,4.7756064e-05,2.7767292e-06,1.5972651e-05,4.669713e-10,5.828976e-06
Barishal/br650.wav,val,0.99992955,3.5211276e-08,2.3568731e-08,5.483026e-06,3.0303676e-05,2.815457e-06,2.6998181e-05,3.7612866e-10,4.805761e-06
Barishal/br654.wav,val,0.9999113,1.3089574e-07,4.2173287e-08,1.9105415e-05,4.7886664e-05,2.5382078e-06,1.3526003e-05,4.4339116e-10,5.3528297e-06
Barishal/br655.wav,val,0.999918,9.192617e-08,3.5180122e-08,1.4985234e-05,4.319863e-05,2.2996471e-06,1.5462878e-05,4.3697226e-10,5.913927e-06
Barishal/br656.wav,val,0.9999068,1.3112243e-07,3.7903643e-08,1.9076617e-05,5.3340707e-05,2.5242025e-06,1.2899714e-05,4.4837445e-10,5.2662413e-06
Barishal/br657.wav,val,0.99992085,8.883699e-08,3.821422e-08,1.4686959e-05,3.961714e-05,2.4129763e-06,1.6858301e-05,4.239164e-10,5.539933e-06
Barishal/br690.wav,val,0.99992394,2.7573622e-08,1.8656818e-08,3.6739507e-06,3.3259425e-05,3.2329226e-06,3.143859e-05,3.9290568e-10,4.4367725e-06
Barishal/br697.wav,val,0.9999218,5.2716516e-08,2.175112e-08,4.902065e-06,4.377943e-05,3.661613e-06,2.146114e-05,4.3031745e-10,4.3848936e-06
Barishal/br7.wav,test,0.00077901746,6.761427e-05,4.6695377e-06,0.97917503,7.255163e-05,1.4148608e-08,8.0396836e-07,6.699634e-07,0.019899623
Barishal/br716.wav,val,0.99990225,1.0063766e-08,1.5183332e-08,1.5429041e-06,2.1332839e-05,4.048823e-06,6.67091e-05,3.3895833e-10,4.0191962e-06
Barishal/br718.wav,val,0.9999244,2.3793637e-08,1.86222e-08,2.90142e-06,2.9318706e-05,4.061803e-06,3.4658537e-05,3.6981687e-10,4.525702e-06
Barishal/br719.wav,val,0.9999058,1.0343096e-08,1.8938245e-08,1.9186152e-06,1.7392531e-05,3.6662645e-06,6.676172e-05,3.2624667e-10,4.424342e-06
Barishal/br721.wav,val,0.9998971,1.6497841e-08,2.0652395e-08,1.0671289e-06,2.2633203e-05,1.0626082e-05,6.543828e-05,3.4650136e-10,3.1262887e-06
Barishal/br722.wav,val,0.99992716,3.4227266e-08,2.1577234e-08,4.323383e-06,3.2777138e-05,3.5669186e-06,2.7351502e-05,3.9234158e-10,4.738021e-06
Barishal/br723.wav,val,0.9999182,6.638671e-08,2.3863524e-08,5.8868736e-06,4.7935977e-05,3.9199176e-06,1.8729117e-05,4.734117e-10,5.2663263e-06
Barishal/br75.wav,val,0.21771461,1.7138313e-10,2.9882315e-06,6.742396e-07,3.186128e-07,2.9346586e-05,0.7822385,1.6052079e-08,1.3636657e-05
Barishal/br77.wav,val,0.9995534,3.6696182e-09,6.0005334e-08,1.1463092e-06,4.109082e-06,6.943754e-06,0.00043106326,2.7832064e-10,3.3379722e-06
Barishal/br773.wav,val,0.99904364,9.862898e-09,5.230082e-08,1.8070052e-07,1.7082151e-05,0.00015686701,0.0007803661,6.50752e-10,1.727157e-06
Barishal/br775.wav,val,0.9999181,6.1400705e-08,2.4219169e-08,3.7056832e-06,4.4570417e-05,6.649233e-06,2.3398537e-05,4.1950504e-10,3.3974661e-06
Barishal/br776.wav,val,0.999918,3.4824616e-08,1.7409144e-08,1.9576878e-06,3.7543436e-05,7.647608e-06,3.1574215e-05,3.460885e-10,3.2166502e-06
Barishal/br78.wav,val,0.9999232,1.777266e-08,2.3768028e-08,2.2328868e-06,1.7035503e-05,4.415576e-06,4.919262e-05,2.8239042e-10,3.8203234e-06
Barishal/br782.wav,val,0.9999223,3.0386232e-08,1.9549686e-08,4.304663e-06,3.5742138e-05,3.018314e-06,2.974095e-05,4.2382645e-10,4.8266893e-06
Barishal/br79.wav,val,0.9998592,1.3105242e-07,3.9301028e-08,5.0290428e-06,7.81436e-05,1.13695405e-05,3.888896e-05,1.0760973e-09,7.017441e-06
Barishal/br8.wav,test,0.77773964,3.8102135e-05,3.281569e-05,0.20893785,0.0009332923,6.3734224e-06,0.00053961243,1.6184844e-06,0.011770763
Barishal/br81.wav,val,0.9999083,8.760838e-08,2.2217124e-08,4.3088166e-06,5.841664e-05,6.4715828e-06,1.7757362e-05,4.6058665e-10,4.6849527e-06
Barishal/br83.wav,val,0.9999268,2.9677885e-08,1.9161117e-08,3.4870923e-06,3.152581e-05,3.4618336e-06,2.9959343e-05,3.596086e-10,4.7576887e-06
Barishal/br84.wav,val,0.99992573,8.210511e-08,2.7939546e-08,4.4594203e-06,4.035401e-05,6.201894e-06,1.9066865e-05,3.7068315e-10,3.9948986e-06
Barishal/br85.wav,val,0.9999317,4.328766e-08,2.4815138e-08,5.479039e-06,3.061937e-05,3.1944783e-06,2.4145507e-05,3.477004e-10,4.7472013e-06
Barishal/br86.wav,val,0.999882,9.264271e-09,2.6812938e-08,2.0754455e-06,1.2253255e-05,3.864047e-06,9.5988835e-05,2.8587685e-10,3.7325617e-06
Barishal/br87.wav,val,0.99987066,1.5813896e-07,2.2428575e-08,9.878404e-06,9.868278e-05,3.9774013e-06,1.096332e-05,5.914188e-10,5.6526064e-06
Barishal/br88.wav,val,0.9995358,7.518658e-09,9.516124e-08,3.2224593e-06,7.612508e-06,5.8271125e-06,0.0004425076,5.7040056e-10,4.837858e-06
Barishal/br89.wav,val,0.9999069,1.5722009e-08,2.2509916e-08,2.9659839e-06,2.1308171e-05,3.4875482e-06,6.0648912e-05,3.4979572e-10,4.632852e-06
Barishal/br9.wav,test,0.0083236545,4.0825835e-06,3.9222305e-06,0.6955995,0.000113228794,1.30095925e-08,1.2257151e-05,1.3238846e-06,0.295942
Barishal/br90.wav,val,0.9998987,9.554723e-08,2.0973694e-08,4.371957e-06,6.890123e-05,6.797616e-06,1.7041115e-05,4.7553994e-10,3.995316e-06
Barishal/br93.wav,val,0.9999161,1.1000506e-07,2.7787122e-08,9.647212e-06,5.201604e-05,3.4792986e-06,1.334614e-05,4.0962927e-10,5.3560466e-06
Barishal/br94.wav,val,0.99992335,4.28811e-08,1.9862872e-08,2.689236e-06,3.7674403e-05,6.4664737e-06,2.6103715e-05,3.4560219e-10,3.6761253e-06
Barishal/br953.wav,val,0.99988174,1.2048387e-08,2.1928741e-08,1.0018601e-06,1.6734368e-05,9.841719e-06,8.792851e-05,3.0399988e-10,2.7019441e-06
Barishal/br957.wav,val,0.9999207,9.9833535e-08,3.1042166e-08,4.5691477e-06,4.46558e-05,7.876648e-06,1.862946e-05,4.0277695e-10,3.3582648e-06
Barishal/br958.wav,val,0.9998785,5.3627762e-08,3.096121e-08,9.689812e-07,3.3544635e-05,3.323816e-05,5.1596315e-05,3.9946788e-10,2.141179e-06
Barishal/br959.wav,val,0.99991226,1.0141315e-07,3.7938932e-08,2.8010215e-06,3.959278e-05,1.639169e-05,2.6138501e-05,4.0050294e-10,2.6441808e-06
Barishal/br96.wav,val,0.99993217,4.5279343e-08,2.3072982e-08,5.291471e-06,3.2041167e-05,3.5069177e-06,2.2507687e-05,3.2181832e-10,4.3895666e-06
Barishal/br965.wav,val,0.99613684,1.1118467e-09,8.095216e-08,2.666363e-07,3.1164868e-06,3.2398693e-05,0.0038245008,5.7742056e-10,2.8196146e-06
Barishal/br97.wav,val,0.9999167,9.4876654e-08,2.532341e-08,7.5131607e-06,5.2321942e-05,4.1070216e-06,1.48512945e-05,3.9064316e-10,4.4528097e-06
Barishal/br98.wav,val,0.0057423403,2.0768515e-11,1.3100432e-06,4.4577526e-08,5.8166673e-08,1.6800985e-05,0.9942345,4.8022507e-08,4.8354586e-06
Barishal/br996.wav,val,0.99992,8.1761144e-08,3.235528e-08,9.501788e-06,4.3915123e-05,3.043274e-06,1.7981081e-05,4.802792e-10,5.5210203e-06
Barishal/br997.wav,val,0.99992836,4.2518487e-08,2.9553885e-08,7.3305164e-06,2.9862491e-05,2.5254683e-06,2.5769628e-05,4.2451345e-10,6.074923e-06
Formal/1 - Mohammad Sajid Miah.mp3.wav,test,0.00010673205,3.2657733e-06,4.342481e-06,0.9998716,5.4155964e-07,1.0098178e-09,3.2440735e-07,4.9650204e-09,1.3222107e-05
Formal/1.2s - 46.2s (uNJMNAuOnys).mp3.wav,val,5.0078825e-06,1.2249566e-06,2.1114988e-06,0.99993706,1.2487467e-07,5.300377e-11,3.0336878e-08,6.316562e-09,5.446391e-05
Formal/1.5s - 6.5s (IBUcrejYVu8).mp3.wav,test,2.2283593e-05,1.6073207e-06,6.6436166e-07,0.9979018,2.6516695e-06,1.07870365e-10,5.032968e-08,4.7509975e-08,0.0020709238
Formal/1.9s - 6.9s (uNJMNAuOnys).mp3.wav,val,4.216176e-06,1.629642e-06,1.6718379e-06,0.9999535,1.2036807e-07,4.3668846e-11,1.5637983e-08,3.953208e-09,3.882244e-05
Formal/13s - 18s (uNJMNAuOnys).mp3.wav,val,5.155673e-06,1.3782509e-06,9.820603e-07,0.9998078,2.862937e-07,3.729923e-11,1.6924584e-08,8.965704e-09,0.00018435965
Formal/1m0.2s - 1m5.5s (P9cdaDzDTzU).mp3.wav,test,5.0298284e-05,6.019328e-08,4.1273413e-08,0.0044933255,1.077215e-05,2.0344262e-10,2.50189e-07,3.5874234e-07,0.9954449
Formal/1m48.4s - 1m53.7s (uNJMNAuOnys).mp3.wav,val,6.0950183e-06,9.634389e-07,2.3831612e-06,0.9999341,1.138303e-07,5.6681795e-11,4.417472e-08,6.6049997e-09,5.6280893e-05
Formal/1m54.1s - 1m59.6s (uNJMNAuOnys).mp3.wav,val,7.3263277e-06,1.0352534e-06,2.0528125e-06,0.99992704,1.5157255e-07,6.406155e-11,4.4972357e-08,6.7275208e-09,6.226131e-05
Formal/1m6.2s - 1m11.2s (P9cdaDzDTzU).mp3.wav,test,0.0003749345,4.0186157e-07,2.616829e-07,0.16007544,2.9992023e-05,4.3852835e-10,6.659106e-07,3.1468022e-07,0.8395181
Formal/2 - Mohammad Sajid Miah.mp3.wav,test,9.194132e-05,4.581638e-06,3.7812993e-06,0.9998888,6.026061e-07,8.919586e-10,1.7675643e-07,3.9815093e-09,1.022903e-05
Formal/20190807_001 - Barira Yasmin 162-15-7886.amr.wav,val,8.146953e-06,1.04854e-06,3.4164063e-06,0.99996805,5.5872103e-08,7.153504e-11,4.355276e-08,2.295322e-09,1.9241155e-05
Formal/20190807_002 - Barira Yasmin 162-15-7886.amr.wav,test,4.7092367e-06,1.9240583e-06,9.181121e-06,0.99997795,2.8739008e-08,1.0402693e-10,4.174353e-08,2.4140725e-09,6.2033414e-06
Formal/20190807_003 - Barira Yasmin 162-15-7886.amr.wav,val,1.6022377e-05,1.7833482e-06,5.130474e-06,0.9999664,7.693846e-08,1.8013539e-10,6.9016934e-08,2.0776774e-09,1.0584269e-05
Formal/20190807_004 - Barira Yasmin 162-15-7886.amr.wav,val,7.85285e-06,1.0824791e-06,4.4391504e-06,0.99997234,4.5238174e-08,7.532357e-11,4.635568e-08,2.2718856e-09,1.4175183e-05
Formal/20190807_005 - Barira Yasmin 162-15-7886.amr.wav,val,4.1307126e-06,1.3171639e-06,4.807869e-06,0.9999789,3.2844806e-08,5.596211e-11,2.8893426e-08,2.356804e-09,1.0789187e-05
Formal/20190809_234356 - Lingkon Ahmed Tomal.amr.wav,val,0.0037007662,4.1804683e-06,1.0332085e-05,0.9961714,4.2670285e-06,1.5247066e-08,5.0998e-06,1.1396699e-08,0.00010395197
Formal/20190809_234523 - Lingkon Ahmed Tomal.amr.wav,val,1.52500525e-05,1.659651e-06,6.667606e-06,0.99996626,6.6451975e-08,1.6825982e-10,7.0611854e-08,2.5690754e-09,9.954602e-06
Formal/20190809_234553 - Lingkon Ahmed Tomal.amr.wav,val,0.008467302,3.6992503e-06,6.0376083e-06,0.991331,1.0268956e-05,1.8664151e-08,7.6822e-06,1.4631285e-08,0.00017409517
Formal/20190809_234622 - Lingkon Ahmed Tomal.amr.wav,val,0.00023510474,2.5151808e-06,2.3464643e-06,0.99970144,1.1287691e-06,9.414812e-10,2.8345968e-07,4.3574113e-09,5.7167512e-05
Formal/20190809_234655 - Lingkon Ahmed Tomal.amr.wav,val,8.493706e-05,1.9602344e-06,4.124687e-06,0.9998895,3.4140973e-07,5.669854e-10,2.2553994e-07,3.4071204e-09,1.8926192e-05
Formal/27.9s - 33.1s (IBUcrejYVu8).mp3.wav,test,0.00014506254,3.3160145e-06,3.7721767e-07,0.998442,1.0839259e-05,3.7915351e-10,6.954023e-08,2.4841722e-08,0.0013983883
Formal/3 - Mohammad Sajid Miah.mp3.wav,test,2.0045958e-05,3.9008346e-06,7.336953e-06,0.99996483,1.1735703e-07,3.560683e-10,8.627573e-08,2.8485019e-09,3.6109113e-06
Formal/30.1s - 35.4s (uNJMNAuOnys).mp3.wav,val,9.1133315e-06,8.208258e-07,2.0023572e-06,0.9999074,1.7030702e-07,6.5948344e-11,6.592731e-08,8.477672e-09,8.046426e-05
Formal/30.4s - 35.6s (P9cdaDzDTzU).mp3.wav,test,2.7723365e-06,6.832906e-06,1.1691195e-06,0.9999697,2.5001358e-07,5.4361533e-11,4.3733865e-09,3.905248e-09,1.9300807e-05
Formal/33.6s - 38.9s (IBUcrejYVu8).mp3.wav,test,2.6156573e-05,1.2236422e-05,1.3056291e-06,0.99994254,9.976952e-07,3.620789e-10,2.244889e-08,5.535007e-09,1.663858e-05
Formal/35.6s - 40.6s (uNJMNAuOnys).mp3.wav,val,8.45564e-06,1.1447471e-06,3.089995e-06,0.99995303,1.0972455e-07,8.208952e-11,5.4502213e-08,4.9529016e-09,3.4055247e-05
Formal/36.1s - 41.2s (P9cdaDzDTzU).mp3.wav,test,1.3601208e-05,2.8523662e-06,1.9542313e-06,0.9999323,2.9517454e-07,1.3544375e-10,3.2724778e-08,4.69377e-09,4.8937854e-05
Formal/39.4s - 44.7s (IBUcrejYVu8).mp3.wav,test,1.1326632e-05,3.4234615e-06,6.910331e-07,0.9999615,4.607098e-07,7.525296e-11,1.0371607e-08,3.9067802e-09,2.252587e-05
Formal/4 - Mohammad Sajid Miah.mp3.wav,test,1.0734338e-05,1.6047813e-06,2.6921794e-06,0.9999443,1.4955445e-07,9.6394046e-11,3.9644316e-08,3.6903314e-09,4.0481227e-05
Formal/4.8s - 29.9s (uNJMNAuOnys).mp3.wav,val,6.0227285e-06,1.1015386e-06,2.6840892e-06,0.9999417,1.08809225e-07,6.334779e-11,4.3810388e-08,5.947292e-09,4.8342114e-05
Formal/41.8s - 46.8s (P9cdaDzDTzU).mp3.wav,test,1.37944435e-05,5.2104806e-06,4.1340743e-07,0.9996486,1.6565373e-06,7.4490934e-11,7.81246e-09,7.488119e-09,0.00033028927
Formal/47.7s - 53.1s (P9cdaDzDTzU).mp3.wav,test,3.4802795e-06,0.44057238,3.7058057e-06,0.5591256,0.0002927724,6.001473e-08,5.0198196e-10,4.348315e-07,1.5951168e-06
Formal/5 - Mohammad Sajid Miah.mp3.wav,test,1.7525686e-05,2.4099945e-06,1.2250231e-05,0.9999622,7.557317e-08,3.6337772e-10,1.6346065e-07,3.8214467e-09,5.419572e-06
Formal/50.5s - 56s (IBUcrejYVu8).mp3.wav,test,1.4795746e-05,1.0717711e-05,5.8555156e-07,0.99996114,1.1956156e-06,1.5889653e-10,8.5587635e-09,5.4996456e-09,1.1517028e-05
Formal/54.1s - 59.7s (P9cdaDzDTzU).mp3.wav,test,7.560201e-05,1.4155296e-07,1.0635823e-07,0.0017114333,1.6646041e-05,1.3409992e-09,8.1215467e-07,9.628052e-07,0.9981943
Formal/6.3s - 51.7s (uNJMNAuOnys).mp3.wav,val,5.015774e-06,1.1123933e-06,2.0452026e-06,0.99992096,1.05592775e-07,4.1469137e-11,2.6426228e-08,5.8978946e-09,7.0817965e-05
Formal/7s - 12.5s (uNJMNAuOnys).mp3.wav,val,1.9809054e-06,6.3032703e-06,1.6181253e-06,0.9999777,1.4138305e-07,4.872083e-11,4.504759e-09,3.8068544e-09,1.222092e-05
Formal/ATN Bangla News at 7pm _ 12.08.2019 1m1.8s - 1m6.2s (dBw1VTKyqhg).mp3.wav,test,2.5869276e-06,1.6354041e-06,2.4066271e-06,0.99995446,8.550358e-08,3.565259e-11,1.4459861e-08,5.430604e-09,3.8747246e-05
Formal/ATN Bangla News at 7pm _ 12.08.2019 3m39.4s - 3m44.5s (dBw1VTKyqhg).mp3.wav,test,7.384247e-06,9.4230074e-07,1.1569018e-06,0.9991817,4.921266e-07,4.9514268e-11,4.042777e-08,2.4795911e-08,0.00080827647
Formal/ATN Bangla News at 7pm _ 12.08.2019 3m45.1s - 3m50.1s (dBw1VTKyqhg).mp3.wav,test,3.557564e-06,1.660657e-06,9.702261e-07,0.9999256,1.8448083e-07,3.0443256e-11,1.0485565e-08,5.9388428e-09,6.804724e-05
Formal/ATN Bangla News at 7pm _ 12.08.2019 50.3s - 55.4s (dBw1VTKyqhg).mp3.wav,test,1.2382726e-05,1.2072342e-06,1.1346616e-06,0.9954116,1.479865e-06,8.6301154e-11,7.232423e-08,8.4519634e-08,0.0045720045
Formal/ATN Bangla News at 7pm _ 12.08.2019 56s - 1m1.3s (dBw1VTKyqhg).mp3.wav,test,1.0998519e-05,8.4046803e-07,1.1918901e-06,0.9985359,6.8262943e-07,6.384626e-11,6.549396e-08,3.5126938e-08,0.0014504029
Formal/ATN Bangla News at 7pm _ 12.08.2019 5m43.2s - 5m48.9s (dBw1VTKyqhg).mp3.wav,test,7.057588e-06,7.684856e-07,1.2957223e-06,0.99938333,3.5912348e-07,4.4597534e-11,4.4888957e-08,2.0970365e-08,0.0006072017
Formal/ATN Bangla News at 7pm _ 12.08.2019 5m49.3s - 5m54.4s (dBw1VTKyqhg).mp3.wav,test,9.352732e-06,1.1520663e-06,9.747843e-07,0.9992951,7.4963384e-07,6.375397e-11,4.2857593e-08,2.6163814e-08,0.00069251755
Formal/ATN Bangla News at 7pm _ 12.08.2019 5m54.8s - 5m59.7s (dBw1VTKyqhg).mp3.wav,test,4.404258e-06,9.1406724e-07,1.7189113e-06,0.9998337,1.554923e-07,3.647563e-11,2.8800816e-08,1.0001233e-08,0.00015895406
Formal/Aa - Abeer Mahmud.m4a.wav,test,4.9570488e-05,6.0954926e-06,2.769644e-06,0.9999336,6.1568454e-07,5.72885e-10,5.8104327e-08,2.6390283e-09,7.2940275e-06
Formal/Bangla News _ Rtv 1m10.9s - 1m16.8s (wV6p0ebYyak).mp3.wav,val,5.836261e-06,8.149495e-07,1.5868076e-06,0.99984753,1.6529945e-07,3.923902e-11,3.3683722e-08,8.319452e-09,0.00014402388
Formal/Bangla News _ Rtv 1m16.8s - 1m22.2s (wV6p0ebYyak).mp3.wav,val,2.4834105e-06,1.4223444e-06,2.5087024e-06,0.9999528,6.559578e-08,3.1921743e-11,1.4269938e-08,4.550753e-09,4.0668972e-05
Formal/Bangla News _ Rtv 1m22.9s - 1m28.6s (wV6p0ebYyak).mp3.wav,val,4.7489002e-07,0.0006458042,1.0932716e-05,0.9993318,1.2738403e-07,2.1794436e-10,5.8593763e-10,1.0871833e-08,1.0801348e-05
Formal/Bangla News _ Rtv 1m41.5s - 1m47.2s (wV6p0ebYyak).mp3.wav,val,3.8588355e-06,1.511515e-06,1.8728891e-06,0.9999095,1.6949998e-07,4.670716e-11,2.0436778e-08,9.843076e-09,8.305365e-05
Formal/Bangla News _ Rtv 1m5.6s - 1m10.9s (wV6p0ebYyak).mp3.wav,val,3.4435425e-06,1.1527594e-06,2.118008e-06,0.9999317,1.0226688e-07,3.6001025e-11,2.142547e-08,6.5816437e-09,6.144686e-05
Formal/Bangla News _ Rtv 1m58s - 2m3.7s (wV6p0ebYyak).mp3.wav,val,6.675656e-06,1.4661184e-06,1.733345e-06,0.99995685,1.2384238e-07,5.3966605e-11,2.4837641e-08,3.816313e-09,3.3138214e-05
Formal/Bangla News _ Rtv 2m14.4s - 2m19.7s (wV6p0ebYyak).mp3.wav,val,7.0098845e-06,1.8499213e-06,1.2044178e-06,0.99993575,1.8326399e-07,5.137648e-11,1.6123302e-08,3.493219e-09,5.3891363e-05
Formal/Bangla News _ Rtv 2m3.7s - 2m9s (wV6p0ebYyak).mp3.wav,val,6.25941e-06,3.5501814e-06,1.309029e-06,0.99996924,2.0570981e-07,6.716054e-11,1.0977504e-08,2.9261051e-09,1.9360581e-05
Formal/Bangla News _ Rtv 2m9s - 2m14.4s (wV6p0ebYyak).mp3.wav,val,5.93395e-06,1.473457e-06,1.8510766e-06,0.9999573,1.231767e-07,5.2270348e-11,2.4952751e-08,4.729088e-09,3.329265e-05
Formal/Bangla News _ Rtv 34.9s - 40s (wV6p0ebYyak).mp3.wav,val,5.994214e-06,1.1081784e-06,1.5363277e-06,0.99980503,2.3911636e-07,4.9075185e-11,2.8238693e-08,1.0549212e-08,0.00018612594
Formal/Bangla News _ Rtv 3m46s - 3m51.7s (wV6p0ebYyak).mp3.wav,val,8.805139e-06,8.435961e-07,1.1439562e-06,0.99967957,3.4322022e-07,4.9343547e-11,3.9617948e-08,1.3067279e-08,0.00030924665
Formal/Bangla News _ Rtv 3m53s - 3m58.6s (wV6p0ebYyak).mp3.wav,val,4.9529303e-06,1.3047683e-06,1.6636469e-06,0.99986863,1.9940691e-07,4.7193104e-11,2.2499913e-08,9.4271195e-09,0.00012323623
Formal/Bangla News _ Rtv 46.2s - 50.9s (wV6p0ebYyak).mp3.wav,val,4.7191097e-06,1.0399492e-06,2.2236927e-06,0.9999094,1.2493376e-07,4.4670826e-11,2.8788772e-08,7.235602e-09,8.238421e-05
Formal/Bangla News _ Rtv 54s - 59.7s (wV6p0ebYyak).mp3.wav,val,3.7700263e-06,1.478009e-06,1.5045765e-06,0.9999119,1.8264042e-07,3.9780523e-11,1.752792e-08,8.990235e-09,8.1167054e-05
Formal/Bangla News _ Rtv 59.7s - 1m5.6s (wV6p0ebYyak).mp3.wav,val,5.772574e-06,1.1039436e-06,1.2447128e-06,0.9997557,2.8710969e-07,4.397629e-11,2.624351e-08,1.2089659e-08,0.00023596817
Formal/Bangla News _ Rtv 5m14.7s - 5m19.5s (wV6p0ebYyak).mp3.wav,val,1.29284435e-05,6.5871353e-07,1.202012e-06,0.9997539,2.4534668e-07,5.035478e-11,5.2571615e-08,8.420953e-09,0.00023092907
Formal/Bangla News _ Rtv 5m19.5s - 5m24.6s (wV6p0ebYyak).mp3.wav,val,0.00022150883,8.7757155e-07,1.3476484e-06,0.9993237,1.809063e-06,4.240254e-10,4.1567955e-07,1.4182215e-08,0.0004504184
Formal/Bangla News _ Rtv 5m25s - 5m30.5s (wV6p0ebYyak).mp3.wav,val,9.017411e-05,1.0125812e-06,1.942535e-06,0.99977714,5.2153644e-07,2.494576e-10,2.1176025e-07,8.078883e-09,0.00012912447
Formal/Bangla News _ Rtv 5m30.5s - 5m35.6s (wV6p0ebYyak).mp3.wav,val,2.6100604e-05,9.27391e-07,1.5324296e-06,0.99988806,3.1869004e-07,1.09130774e-10,8.552204e-08,7.483573e-09,8.291109e-05
Formal/Bangla News _ Rtv 5m35.6s - 5m39s (wV6p0ebYyak).mp3.wav,val,3.393061e-05,1.2747428e-06,1.8810106e-06,0.9999249,2.545586e-07,1.5268899e-10,8.6349004e-08,3.4481609e-09,3.7629652e-05
Formal/Bangla News _ Rtv 5m3s - 5m8.9s (wV6p0ebYyak).mp3.wav,val,2.7264403e-05,8.1181264e-07,1.3100536e-06,0.9997799,3.7554074e-07,9.947e-11,9.631604e-08,9.643143e-09,0.00019022307
Formal/Bangla News _ Rtv 5m8.9s - 5m14.7s (wV6p0ebYyak).mp3.wav,val,0.00016800592,1.4352324e-06,1.5653363e-06,0.9996815,1.1688762e-06,4.634551e-10,2.667346e-07,7.72258e-09,0.00014612236
Formal/Bangla News _ Rtv 7m10.6s - 7m15.5s (wV6p0ebYyak).mp3.wav,val,4.6184127e-06,1.0432204e-06,2.7974552e-06,0.9999429,9.108945e-08,4.8907295e-11,3.5061422e-08,6.2636905e-09,4.847971e-05
Formal/Bangla News _ Rtv 7m15.5s - 7m20.7s (wV6p0ebYyak).mp3.wav,val,7.336978e-06,7.6376244e-07,1.8422314e-06,0.99986243,1.6783781e-07,5.1365173e-11,5.1312174e-08,9.199924e-09,0.00012745392
Formal/Bangla News _ Rtv 7m23.7s - 7m28.8s (wV6p0ebYyak).mp3.wav,val,4.59166e-06,1.0516475e-06,2.4756098e-06,0.999948,8.7663665e-08,4.6027005e-11,3.0954446e-08,5.2632467e-09,4.372241e-05
Formal/Bangla News _ Rtv 7m30.9s - 7m36.3s (wV6p0ebYyak).mp3.wav,val,1.1418954e-05,3.1835373e-06,8.631328e-07,0.999936,3.5860967e-07,7.324865e-11,1.0319151e-08,2.2377427e-09,4.8169997e-05
Formal/Bangla News _ Rtv 7m39.2s - 7m44.2s (wV6p0ebYyak).mp3.wav,val,1.2326041e-05,0.006992051,2.487441e-05,0.9929671,3.0095298e-06,1.2298698e-08,3.115796e-09,1.4189991e-08,6.594644e-07
Formal/Bangla News _ Rtv 7m57s - 8m2.9s (wV6p0ebYyak).mp3.wav,val,4.310033e-06,1.3659381e-06,2.086047e-06,0.9999616,1.1550493e-07,5.1007552e-11,2.3859144e-08,5.855886e-09,3.0579664e-05
Formal/Bangla News _ Rtv 8m10.8s - 8m14.3s (wV6p0ebYyak).mp3.wav,val,2.8104392e-05,2.5538387e-05,9.4998256e-07,0.99993813,1.9862503e-06,5.2855254e-10,9.73421e-09,2.3428413e-09,5.355092e-06
Formal/Bangla News _ Rtv 8m14.3s - 8m19.5s (wV6p0ebYyak).mp3.wav,val,0.0003822651,0.5681049,1.9087697e-06,0.3226773,0.10882266,5.4214547e-06,1.4166925e-08,3.317354e-06,2.2041347e-06
Formal/Bangla News _ Rtv 8m20.5s - 8m26.1s (wV6p0ebYyak).mp3.wav,val,4.8259044e-06,1.3398854e-06,2.2489355e-06,0.9999685,1.00005835e-07,5.1745094e-11,2.4347722e-08,4.2531285e-09,2.2957569e-05
Formal/Bangla News _ Rtv 8m27s - 8m32.6s (wV6p0ebYyak).mp3.wav,val,2.5246247e-06,1.0225856e-06,1.9887134e-06,0.9999081,7.714087e-08,2.7490697e-11,1.7661081e-08,6.900406e-09,8.619301e-05
Formal/Bangla News _ Rtv 8m36.7s - 8m41.9s (wV6p0ebYyak).mp3.wav,val,4.916055e-09,0.9999131,3.980023e-07,7.380197e-05,1.2240869e-05,2.2989529e-07,6.3495828e-12,1.9914307e-07,3.9019793e-10
Formal/Bangla News _ Rtv 8m44s - 8m49.5s (wV6p0ebYyak).mp3.wav,val,3.722513e-06,1.1921503e-06,3.3143244e-06,0.9999509,7.614165e-08,5.1458955e-11,3.1575233e-08,6.108123e-09,4.07659e-05
Formal/Bangla News _ Rtv 9m13.3s - 9m19s (wV6p0ebYyak).mp3.wav,val,4.5113024e-06,2.5485772e-06,2.1421297e-06,0.9999782,9.6991315e-08,5.6656194e-11,1.3012154e-08,2.9032103e-09,1.2492794e-05
Formal/Bangla News _ Rtv 9m19s - 9m24.7s (wV6p0ebYyak).mp3.wav,val,2.986542e-05,1.1133895e-06,1.4855198e-06,0.9998691,3.2979816e-07,1.2179807e-10,6.285958e-08,4.003644e-09,9.8053526e-05
Formal/Bangla News _ Rtv 9m24.7s - 9m29.8s (wV6p0ebYyak).mp3.wav,val,7.634242e-06,2.2638558e-06,1.238519e-06,0.99995685,1.6702857e-07,5.5513198e-11,1.1882663e-08,2.441746e-09,3.184662e-05
Formal/Bangla News _ Rtv 9m29.8s - 9m34.9s (wV6p0ebYyak).mp3.wav,val,1.2165637e-05,1.2424792e-06,1.0652003e-06,0.99989927,2.4008378e-07,5.420964e-11,2.4156757e-08,4.0033834e-09,8.599322e-05
Formal/Bangla News _ Rtv 9m34.9s - 9m40s (wV6p0ebYyak).mp3.wav,val,1.2723747e-05,1.9157e-06,1.6720178e-06,0.999959,1.7797848e-07,8.227812e-11,2.4031312e-08,2.9102343e-09,2.4537292e-05
Formal/Copy of Rtv Moddhanner News 23.5s - 29.1s (lhx_2Hv2wFQ).mp3.wav,test,1.06894795e-05,1.0171758e-06,1.7987322e-06,0.9999032,2.0861988e-07,6.517018e-11,4.0716063e-08,6.627536e-09,8.2960985e-05
Formal/Copy of Rtv Moddhanner News 32.4s - 37.9s (lhx_2Hv2wFQ).mp3.wav,test,2.1902037e-05,1.0076474e-06,8.9799374e-07,0.9993524,9.5233787e-07,8.805224e-11,5.98713e-08,1.7513234e-08,0.00062288105
Formal/Copy of Rtv Moddhanner News 37.9s - 43.7s (lhx_2Hv2wFQ).mp3.wav,test,1.08801205e-05,1.0534311e-06,1.1384138e-06,0.99946076,5.554496e-07,6.114842e-11,4.0480426e-08,1.859536e-08,0.00052551547
Formal/Copy of Rtv Moddhanner News 43.7s - 48.8s (lhx_2Hv2wFQ).mp3.wav,test,1.050599e-05,1.3715356e-06,1.0036265e-06,0.99945754,6.580587e-07,6.3670264e-11,3.0863408e-08,1.6787764e-08,0.0005288506
Formal/Copy of Rtv Moddhanner News 55.9s - 1m1.4s (lhx_2Hv2wFQ).mp3.wav,test,4.274137e-06,1.9406643e-06,1.8024339e-06,0.9999591,1.3362228e-07,4.5119623e-11,1.2245489e-08,4.290904e-09,3.278253e-05
Formal/Rahat Mahmud5.mp3.wav,val,6.4404967e-06,1.5297986e-06,5.687373e-06,0.99997795,5.0817647e-08,9.476115e-11,4.8445973e-08,2.8021794e-09,8.287256e-06
Formal/Record-003 - Tarafder Tarikul Islam 162-15-8165.aac.wav,test,2.4332381e-05,1.2960131e-06,4.3969635e-06,0.9999566,1.2754856e-07,2.0356292e-10,1.1045925e-07,2.8643872e-09,1.3153953e-05
Formal/Record-005 - Tarafder Tarikul Islam 162-15-8165.aac.wav,test,2.7539892e-05,1.0566002e-06,3.0385327e-06,0.99994385,1.6293629e-07,1.8789162e-10,1.1171598e-07,2.77918e-09,2.4199722e-05
Formal/Rtv 7m44.2s - 7m50.5s (wV6p0ebYyak).mp3.wav,val,1.4644067e-05,1.6414926e-05,6.295449e-07,0.99995446,1.6598087e-06,2.3600605e-10,5.36001e-09,2.4843962e-09,1.2163582e-05
Formal/Rtv 7m51.7s - 7m57s (wV6p0ebYyak).mp3.wav,val,5.22984e-06,1.4121276e-06,1.4822359e-06,0.99992204,2.3514977e-07,5.6790517e-11,2.5604269e-08,9.541938e-09,6.955713e-05
Formal/Rtv 8m32.6s - 8m36.7s (wV6p0ebYyak).mp3.wav,val,2.7026326e-06,1.4770345e-06,2.9495918e-06,0.99997246,4.908189e-08,3.8241212e-11,1.5934038e-08,3.1629488e-09,2.036628e-05
Formal/Rtv Moddhanner News 10m1.6s - 10m6.4s (lhx_2Hv2wFQ).mp3.wav,test,1.4672032e-06,1.5764906e-06,5.3504687e-06,0.9999622,2.8308012e-08,3.0503718e-11,1.5506098e-08,5.161057e-09,2.9351848e-05
Formal/Rtv Moddhanner News 10m11.3s - 10m16.7s (lhx_2Hv2wFQ).mp3.wav,test,7.537679e-06,9.453443e-07,1.5332428e-06,0.99980444,1.6558391e-07,4.8620954e-11,4.5175657e-08,1.00345305e-08,0.00018529483
Formal/Rtv Moddhanner News 10m16.7s - 10m21.8s (lhx_2Hv2wFQ).mp3.wav,test,1.9352083e-05,2.3955304e-06,8.0121697e-07,0.9995969,6.2334607e-07,9.642766e-11,3.1720187e-08,9.420424e-09,0.00037990612
Formal/Rtv Moddhanner News 10m6.4s - 10m11.3s (lhx_2Hv2wFQ).mp3.wav,test,3.8181947e-06,9.590482e-07,1.8195421e-06,0.9998723,1.0565049e-07,3.159819e-11,2.340745e-08,7.4299926e-09,0.00012099054
Formal/Rtv Moddhanner News 1m13.8s - 1m19.7s (lhx_2Hv2wFQ).mp3.wav,test,5.006343e-06,1.5959733e-06,1.8040305e-06,0.9999529,1.4743408e-07,4.554092e-11,1.647169e-08,4.9851816e-09,3.860805e-05
Formal/Rtv Moddhanner News 1m19.7s - 1m25.3s (lhx_2Hv2wFQ).mp3.wav,test,5.3382832e-06,1.1059844e-06,2.4744838e-06,0.9999175,1.1923417e-07,4.6453345e-11,2.9253801e-08,7.4401134e-09,7.341411e-05
Formal/Rtv Moddhanner News 1m2.3s - 1m7.8s (lhx_2Hv2wFQ).mp3.wav,test,1.2690388e-05,8.4316514e-07,1.1435441e-06,0.9994081,5.3902545e-07,6.430883e-11,5.4789908e-08,1.8326821e-08,0.0005766274
Formal/Rtv Moddhanner News 1m38.5s - 1m44s (lhx_2Hv2wFQ).mp3.wav,test,6.7193014e-06,9.81239e-07,1.453381e-06,0.9997435,2.6527317e-07,4.6618955e-11,3.207243e-08,1.216116e-08,0.00024700034
Formal/Rtv Moddhanner News 1m59.4s - 2m4.8s (lhx_2Hv2wFQ).mp3.wav,test,3.901447e-06,1.1671559e-06,1.4936924e-06,0.99992526,9.946299e-08,3.0733967e-11,1.6589532e-08,4.78425e-09,6.8033456e-05
Formal/Rtv Moddhanner News 1m7.8s - 1m13.8s (lhx_2Hv2wFQ).mp3.wav,test,7.85474e-06,8.1413634e-07,2.2148404e-06,0.99977046,1.919738e-07,5.413715e-11,4.9209756e-08,1.2234565e-08,0.00021834449
Formal/Rtv Moddhanner News 23.5s - 29.1s (lhx_2Hv2wFQ).mp3.wav,test,1.06894795e-05,1.0171758e-06,1.7987322e-06,0.9999032,2.0861988e-07,6.517018e-11,4.0716063e-08,6.627536e-09,8.2960985e-05
Formal/Rtv Moddhanner News 2m11.3s - 2m17.8s (lhx_2Hv2wFQ).mp3.wav,test,4.908371e-06,1.6004124e-06,1.0613011e-06,0.99991703,1.4986148e-07,3.7584554e-11,1.4988641e-08,4.9133466e-09,7.522186e-05
Formal/Rtv Moddhanner News 2m17.8s - 2m23.6s (lhx_2Hv2wFQ).mp3.wav,test,4.349824e-06,8.78844e-07,1.6574372e-06,0.9998111,9.576363e-08,2.8643718e-11,2.5306639e-08,8.206168e-09,0.00018194102
Formal/Rtv Moddhanner News 2m23.6s - 2m29.7s (lhx_2Hv2wFQ).mp3.wav,test,3.5411372e-06,1.2285248e-06,1.7596227e-06,0.99993134,7.524349e-08,3.215081e-11,1.7831717e-08,4.472019e-09,6.211882e-05
Formal/Rtv Moddhanner News 2m29.7s - 2m35.8s (lhx_2Hv2wFQ).mp3.wav,test,1.261412e-05,6.629995e-07,1.3452212e-06,0.9977047,2.736363e-07,4.5939693e-11,6.932418e-08,1.9769342e-08,0.0022803799
Formal/Rtv Moddhanner News 2m35.8s - 2m41.3s (lhx_2Hv2wFQ).mp3.wav,test,3.3382444e-06,1.0955106e-06,2.2193158e-06,0.99991035,7.093782e-08,3.3209175e-11,2.3638556e-08,6.754486e-09,8.294386e-05
Formal/Rtv Moddhanner News 2m41.3s - 2m46.9s (lhx_2Hv2wFQ).mp3.wav,test,3.351259e-06,1.4622887e-06,2.9378205e-06,0.99996674,5.197674e-08,3.908175e-11,2.0262082e-08,4.1545576e-09,2.547519e-05
Formal/Rtv Moddhanner News 2m46.9s - 2m52.7s (lhx_2Hv2wFQ).mp3.wav,test,3.2138162e-06,1.228083e-06,3.0461624e-06,0.9999484,5.4241557e-08,3.788543e-11,2.3754394e-08,5.559597e-09,4.4135584e-05
Formal/Rtv Moddhanner News 2m6.6s - 2m11.3s (lhx_2Hv2wFQ).mp3.wav,test,5.16441e-06,9.2161014e-07,1.4064809e-06,0.99984825,1.3583926e-07,3.384205e-11,2.4259272e-08,6.2867946e-09,0.00014408634
Formal/Rtv Moddhanner News 32.4s - 37.9s (lhx_2Hv2wFQ).mp3.wav,test,2.1902037e-05,1.0076474e-06,8.9799374e-07,0.9993524,9.5233787e-07,8.805224e-11,5.98713e-08,1.7513234e-08,0.00062288105
Formal/Rtv Moddhanner News 37.9s - 43.7s (lhx_2Hv2wFQ).mp3.wav,test,1.08801205e-05,1.0534311e-06,1.1384138e-06,0.99946076,5.554496e-07,6.114842e-11,4.0480426e-08,1.859536e-08,0.00052551547
Formal/Rtv Moddhanner News 43.7s - 48.8s (lhx_2Hv2wFQ).mp3.wav,test,1.050599e-05,1.3715356e-06,1.0036265e-06,0.99945754,6.580587e-07,6.3670264e-11,3.0863408e-08,1.6787764e-08,0.0005288506
Formal/Rtv Moddhanner News 48.8s - 55.3s (lhx_2Hv2wFQ).mp3.wav,test,1.48108775e-05,1.1258729e-06,8.2331354e-07,0.99884015,1.0339703e-06,6.8605135e-11,4.2227626e-08,2.4947848e-08,0.0011421387
Formal/Rtv Moddhanner News 55.9s - 1m1.4s (lhx_2Hv2wFQ).mp3.wav,test,4.274137e-06,1.9406643e-06,1.8024339e-06,0.9999591,1.3362228e-07,4.5119623e-11,1.2245489e-08,4.290904e-09,3.278253e-05
Formal/Rtv Moddhanner News 6m14.5s - 6m19.9s (lhx_2Hv2wFQ).mp3.wav,test,8.177698e-06,8.43256e-07,1.3361762e-06,0.999819,1.636706e-07,4.370913e-11,3.5914454e-08,6.5986616e-09,0.00017053875
Formal/Rtv Moddhanner News 6m19.9s - 6m25.7s (lhx_2Hv2wFQ).mp3.wav,test,7.2240136e-06,6.825689e-07,1.4387431e-06,0.9998204,1.3338641e-07,3.5005894e-11,3.3581454e-08,5.9961263e-09,0.00017005892
Formal/Rtv Moddhanner News 6m25.7s - 6m29.7s (lhx_2Hv2wFQ).mp3.wav,test,3.6995589e-06,1.0810098e-06,3.6576575e-06,0.9999616,4.500429e-08,4.077986e-11,2.6515762e-08,3.5633776e-09,2.984606e-05
Formal/Rtv Moddhanner News 6m29.7s - 6m34.5s (lhx_2Hv2wFQ).mp3.wav,test,4.7500525e-06,7.678723e-07,1.7152636e-06,0.99986744,9.8722595e-08,3.0500474e-11,2.8017428e-08,6.0666174e-09,0.00012521975
Formal/Rtv Moddhanner News 6m34.5s - 6m39.5s (lhx_2Hv2wFQ).mp3.wav,test,8.797254e-06,6.2090237e-07,1.3833616e-06,0.9994837,2.2285501e-07,4.4101396e-11,6.073217e-08,1.5087245e-08,0.0005052335
Formal/Rtv Moddhanner News 6m39.5s - 6m44.7s (lhx_2Hv2wFQ).mp3.wav,test,6.3316133e-06,8.343796e-07,1.2059389e-06,0.9997063,1.8498206e-07,3.6114493e-11,3.0181912e-08,9.172225e-09,0.0002850952
Formal/Rtv Moddhanner News 6m46.5s - 6m51.5s (lhx_2Hv2wFQ).mp3.wav,test,6.859021e-06,5.475489e-07,1.6384591e-06,0.99978286,1.294578e-07,3.3737752e-11,4.8281656e-08,9.534571e-09,0.00020790573
Formal/Rtv Moddhanner News 6m9.2s - 6m14.5s (lhx_2Hv2wFQ).mp3.wav,test,8.3768755e-06,5.211113e-07,1.1752053e-06,0.99966276,1.4482309e-07,3.0502722e-11,4.176302e-08,6.627863e-09,0.00032697932
Formal/Rtv Moddhanner News 9m56.6s - 10m1.6s (lhx_2Hv2wFQ).mp3.wav,test,5.139024e-06,2.152643e-06,9.948307e-07,0.99980336,1.8721893e-07,3.4748985e-11,1.2472332e-08,7.2871154e-09,0.00018818371
Formal/Shaamsher Sultan2.aac.wav,test,6.5875915e-06,1.5577726e-06,4.510983e-06,0.99997807,4.6467928e-08,7.4643514e-11,3.47961e-08,2.1402722e-09,9.242036e-06
Formal/Sondha News 15.8s - 21s (N--uR0HEALA).mp3.wav,test,6.995023e-06,9.623254e-07,2.1871647e-06,0.9998648,2.053279e-07,6.603805e-11,4.990805e-08,1.2525906e-08,0.0001247755
Formal/Sondha News 21s - 28.3s (N--uR0HEALA).mp3.wav,test,4.8389643e-06,1.1724978e-06,2.3607984e-06,0.9999112,1.6512516e-07,5.89656e-11,3.7609347e-08,1.1581086e-08,8.020179e-05
Formal/Sondha News 28.3s - 34.3s (N--uR0HEALA).mp3.wav,test,5.3996814e-06,1.0524988e-06,1.9861552e-06,0.9998673,1.8633492e-07,5.1472417e-11,3.335004e-08,1.1800878e-08,0.0001239584
Formal/Sondha News 2m12.7s - 2m18s (N--uR0HEALA).mp3.wav,test,3.50384e-06,1.072068e-06,2.1836634e-06,0.9998982,1.2257533e-07,3.991161e-11,2.5746212e-08,9.840317e-09,9.484502e-05
Formal/Sondha News 2m18s - 2m23.9s (N--uR0HEALA).mp3.wav,test,4.503388e-06,1.0032591e-06,1.5565744e-06,0.9997454,2.3279567e-07,4.3113756e-11,3.2154013e-08,1.6880009e-08,0.0002472506
Formal/Sondha News 2m23.9s - 2m30.2s (N--uR0HEALA).mp3.wav,test,4.499378e-06,9.5846e-07,1.7575144e-06,0.9997472,2.2367401e-07,4.483463e-11,3.660223e-08,1.85292e-08,0.00024533068
Formal/Sondha News 2m31s - 2m36.3s (N--uR0HEALA).mp3.wav,test,8.58882e-06,1.1970068e-06,7.891062e-07,0.99969244,6.0368694e-07,5.7714177e-11,2.990324e-08,1.4798521e-08,0.00029638974
Formal/Sondha News 2m38.9s - 2m43.8s (N--uR0HEALA).mp3.wav,test,4.6645146e-06,7.824852e-07,2.2315899e-06,0.9998667,1.1784615e-07,3.867329e-11,3.4602753e-08,9.215611e-09,0.00012536245
Formal/Sondha News 2m44.4s - 2m50.6s (N--uR0HEALA).mp3.wav,test,8.128353e-06,6.218134e-07,2.166138e-06,0.9996451,2.1566572e-07,5.5664452e-11,7.112111e-08,1.7025105e-08,0.00034370204
Formal/Sondha News 35.9s - 40.1s (N--uR0HEALA).mp3.wav,test,7.423358e-06,1.0065364e-06,1.5227188e-06,0.9998816,1.6982855e-07,4.4814576e-11,2.5824477e-08,5.445247e-09,0.000108292916
Formal/bangla short film 2019 _ 1m11.5s - 1m16.1s (D9eNXt5hnc0).mp3.wav,test,0.00025849958,8.837478e-06,2.1443923e-06,0.9969272,1.727824e-05,4.491222e-09,9.808992e-07,1.882944e-07,0.0027849046
Formal/bangla short film 2019 _ 1m57s - 2m0.8s (D9eNXt5hnc0).mp3.wav,test,2.155931e-06,3.8621674e-06,2.2525826e-06,0.99998295,7.3396116e-08,4.3761432e-11,6.803024e-09,2.5378362e-09,8.72482e-06
Formal/bangla short film 2019 _ 1m6.2s - 1m11.5s (D9eNXt5hnc0).mp3.wav,test,3.981901e-06,0.0005174105,2.2180418e-06,0.9994717,1.9333527e-06,8.5495305e-10,3.915487e-09,2.4167438e-08,2.6490468e-06
Formal/bangla short film 2019 _ 2m0.8s - 2m5.7s (D9eNXt5hnc0).mp3.wav,test,2.3259688e-06,1.214953e-06,2.50308e-06,0.9999378,7.0757466e-08,3.0251857e-11,1.8869693e-08,6.398732e-09,5.6158104e-05
Formal/bangla short film 2019 _ 2m10.5s - 2m15.7s (D9eNXt5hnc0).mp3.wav,test,0.17957836,0.00015633534,0.0007425408,0.020239692,0.0017836706,0.0009833325,0.78866124,0.0010024946,0.0068523595
Formal/bangla short film 2019 _ 2m5.7s - 2m10.5s (D9eNXt5hnc0).mp3.wav,test,3.4228358e-06,1.5525167e-06,2.3954958e-06,0.99996567,7.983363e-08,4.214954e-11,1.7988684e-08,3.8610968e-09,2.6916401e-05
Formal/bangla short film 2019 _ 59.4s - 1m6.2s (D9eNXt5hnc0).mp3.wav,test,9.243685e-08,0.99952054,5.270182e-07,0.0004370491,4.1110226e-05,3.3384657e-07,6.3326906e-11,3.889915e-07,6.190899e-09
Formal/ff1.mp3.wav,val,3.7581597e-06,1.4263386e-06,1.446023e-06,0.9998235,2.0419739e-07,3.750327e-11,1.6498484e-08,1.0028294e-08,0.00016966354
Formal/ff10.mp3.wav,val,8.102941e-06,1.1736954e-06,9.976055e-07,0.9995284,4.524369e-07,4.8554435e-11,2.7204006e-08,1.3578356e-08,0.00046079763
Formal/ff100.mp3.wav,test,5.324983e-06,2.3617256e-06,1.6903734e-06,0.9999521,2.1760358e-07,6.692768e-11,1.497525e-08,4.942365e-09,3.8300186e-05
Formal/ff111.mp3.wav,test,3.1171346e-06,3.129874e-05,1.6819786e-06,0.99996114,4.2877795e-07,1.5933964e-10,2.3103672e-09,2.7522193e-09,2.292494e-06
Formal/ff112.mp3.wav,test,1.010689e-05,4.2955303e-06,8.958534e-07,0.99996996,5.121319e-07,9.531835e-11,9.23474e-09,2.9973262e-09,1.4276643e-05
Formal/ff113.mp3.wav,test,2.7489336e-06,1.0848309e-05,3.0216768e-06,0.9999801,1.4858853e-07,1.0280089e-10,4.823445e-09,2.6831926e-09,3.0763238e-06
Formal/ff114.mp3.wav,test,2.493936e-06,3.0570654e-06,5.743752e-06,0.99997735,5.175757e-08,6.791e-11,1.4552244e-08,3.7486556e-09,1.1194423e-05
Formal/ff115.mp3.wav,test,4.130853e-06,4.3422247e-06,1.4371493e-06,0.99996233,3.0879366e-07,7.414118e-11,8.853783e-09,6.0565792e-09,2.7477148e-05
Formal/ff116.mp3.wav,test,5.03313e-06,3.120686e-06,3.287895e-06,0.9999678,1.4386718e-07,9.820928e-11,1.72059e-08,4.067311e-09,2.0643096e-05
Formal/ff17.mp3.wav,val,4.0120285e-06,1.1189417e-06,1.909174e-06,0.9998996,1.2687694e-07,3.7548933e-11,2.2337606e-08,7.491414e-09,9.3198025e-05
Formal/ff18.mp3.wav,val,4.736797e-06,9.846517e-07,2.1940996e-06,0.9998872,1.3759536e-07,4.493577e-11,3.3090604e-08,8.724262e-09,0.00010470455
Formal/ff195.mp3.wav,val,0.00015092906,4.0097999e-07,7.2826306e-06,0.997528,6.5861104e-07,6.156909e-10,3.3850556e-06,7.091095e-08,0.002309211
Formal/ff196.mp3.wav,val,1.6598974e-06,1.3925514e-06,4.9072114e-06,0.99996495,3.6160976e-08,3.6490023e-11,2.5218347e-08,7.824687e-09,2.696913e-05
Formal/ff197.mp3.wav,val,1.6958021e-06,1.3788944e-06,7.916417e-06,0.9999541,3.2655098e-08,4.805372e-11,3.389976e-08,8.779701e-09,3.4820914e-05
Formal/ff198.mp3.wav,val,5.537461e-06,8.642012e-07,1.24638755e-05,0.9999466,3.0804625e-08,1.06363245e-10,1.6440363e-07,8.6407015e-09,3.436696e-05
Formal/ff199.mp3.wav,val,0.002318127,1.5417612e-06,5.6440884e-05,0.9789058,1.1400518e-05,4.065732e-08,0.0005107283,3.4279433e-06,0.018192455
Formal/ff2.mp3.wav,val,1.0666043e-05,1.1354858e-06,7.945853e-07,0.99831533,1.0242696e-06,5.904827e-11,4.004079e-08,3.2593437e-08,0.0016709227
Formal/ff200.mp3.wav,val,7.790675e-06,1.4468503e-06,1.0786023e-06,0.999729,3.6311204e-07,5.0479208e-11,2.7698642e-08,1.5181598e-08,0.00026037125
Formal/ff211.mp3.wav,test,7.5928147e-06,5.2800087e-06,6.8279564e-07,0.9999685,8.7862196e-07,1.0438949e-10,1.1448695e-08,8.228291e-09,1.7045004e-05
Formal/ff212.mp3.wav,test,1.775181e-05,3.6572121e-06,9.624931e-07,0.99995327,8.297052e-07,1.6968375e-10,2.8328932e-08,6.1499414e-09,2.3405455e-05
Formal/ff213.mp3.wav,val,3.6332497e-06,1.2584754e-06,8.796025e-06,0.9999504,3.9188215e-08,7.734748e-11,5.5163248e-08,7.2791564e-09,3.5777724e-05
Formal/ff214.mp3.wav,val,1.2460986e-05,9.982482e-07,4.6499667e-06,0.9999217,1.2286378e-07,1.3483246e-10,1.4244456e-07,9.840322e-09,5.994693e-05
Formal/ff215.mp3.wav,val,0.0016422465,9.652123e-07,1.11575455e-05,0.99596477,2.7887666e-06,5.448584e-09,3.1685016e-05,1.2466815e-07,0.0023463108
Formal/ff221.mp3.wav,val,1.2588628e-06,6.9954526e-06,2.7226283e-06,0.9999739,1.2881647e-07,5.9081205e-11,5.1909916e-09,7.890355e-09,1.4963407e-05
Formal/ff222.mp3.wav,val,5.0585304e-06,3.813557e-06,6.4337087e-07,0.99995387,5.378703e-07,5.7418934e-11,7.252726e-09,6.8005814e-09,3.608966e-05
Formal/ff223.mp3.wav,val,1.6155915e-06,1.0161465e-05,1.2444289e-06,0.99997365,4.2460906e-07,6.35249e-11,5.4831237e-09,2.9164354e-08,1.2901474e-05
Formal/ff224.mp3.wav,val,3.269772e-06,1.2802413e-06,1.7200672e-06,0.99981457,1.8413414e-07,3.86171e-11,2.361277e-08,1.6312999e-08,0.00017893786
Formal/ff225.mp3.wav,val,2.602504e-06,3.821353e-06,9.598725e-07,0.9998971,5.2279074e-07,5.3007522e-11,1.0371731e-08,2.526902e-08,9.490861e-05
Formal/ff23.mp3.wav,test,1.29284035e-05,8.1517936e-07,1.1911584e-06,0.9978173,7.4968676e-07,6.4307205e-11,6.872479e-08,3.715721e-08,0.0021669997
Formal/ff236.mp3.wav,val,2.048858e-06,2.506543e-06,2.5668087e-06,0.9999614,1.1392931e-07,4.696938e-11,1.4041028e-08,9.988078e-09,3.1408574e-05
Formal/ff237.mp3.wav,val,1.0230899e-06,3.3914728e-06,2.2366776e-05,0.99996626,1.9213658e-08,8.0489636e-11,3.0607037e-08,1.4366753e-08,6.9126218e-06
Formal/ff238.mp3.wav,val,7.580428e-06,1.2730404e-06,3.841237e-06,0.99994755,8.138329e-08,7.431422e-11,5.21541e-08,5.6281317e-09,3.9630064e-05
Formal/ff239.mp3.wav,val,1.9718632e-06,2.2292181e-06,2.9894172e-06,0.99996495,7.8475885e-08,4.073747e-11,1.3898448e-08,7.498365e-09,2.7751841e-05
Formal/ff24.mp3.wav,test,2.2613156e-05,5.246957e-07,1.6670247e-06,0.9770437,1.6670581e-06,1.0832173e-10,3.0478756e-07,2.0463563e-07,0.022929223
Formal/ff240.mp3.wav,val,3.1007733e-06,2.5586967e-05,6.930297e-07,0.9999465,1.3997835e-06,9.922392e-11,3.1095515e-09,2.0419026e-08,2.2703261e-05
Formal/ff246.mp3.wav,test,8.481458e-05,5.7928905e-06,4.8068256e-07,0.99925536,1.9683068e-05,4.299593e-10,1.0037598e-07,1.6485987e-07,0.0006335575
Formal/ff248.mp3.wav,test,2.7505723e-06,2.0062205e-06,1.2306659e-06,0.9999542,2.097507e-07,3.8896098e-11,1.3232135e-08,9.569002e-09,3.9581268e-05
Formal/ff249.mp3.wav,test,4.6077716e-06,3.8866624e-06,9.347045e-07,0.9999746,4.264348e-07,6.928924e-11,1.11453735e-08,7.379848e-09,1.5479525e-05
Formal/ff25.mp3.wav,test,1.203547e-05,6.458107e-07,1.2248685e-06,0.9947748,8.047084e-07,5.4153432e-11,9.6447984e-08,7.661585e-08,0.0052102287
Formal/ff250.mp3.wav,test,1.1753835e-05,1.2889803e-06,6.628771e-07,0.9998425,8.2095187e-07,6.9247594e-11,3.633138e-08,1.524278e-08,0.0001428822
Formal/ff26.mp3.wav,test,6.4982705e-06,6.7447866e-07,1.7327077e-06,0.99950624,2.1281136e-07,4.1221325e-11,4.69137e-08,1.4307488e-08,0.00048460733
Formal/ff27.mp3.wav,test,1.3706205e-05,6.060313e-07,1.3607138e-06,0.9974432,6.1968797e-07,6.3047206e-11,9.610742e-08,3.5800017e-08,0.0025404228
Formal/ff28.mp3.wav,test,2.5547464e-05,6.5849804e-07,9.513603e-07,0.98426336,2.1010192e-06,8.81624e-11,1.4370832e-07,9.997596e-08,0.015707046
Formal/ff29.mp3.wav,test,9.016591e-06,8.2336015e-07,9.946397e-07,0.99883,5.950218e-07,4.9138357e-11,4.566388e-08,2.642591e-08,0.0011584845
Formal/ff3.mp3.wav,val,6.0831653e-06,9.638266e-07,1.2563693e-06,0.9994648,3.4603082e-07,4.1689433e-11,3.339835e-08,1.8681895e-08,0.0005265055
Formal/ff30.mp3.wav,test,2.2915272e-05,5.429683e-07,1.3264157e-06,0.99383104,1.1329399e-06,9.060217e-11,1.879292e-07,6.3776724e-08,0.006142691
Formal/ff31.mp3.wav,test,6.576785e-06,7.583536e-07,1.6633871e-06,0.9996619,2.1831046e-07,4.304426e-11,4.417803e-08,1.2487967e-08,0.00032892192
Formal/ff33.mp3.wav,test,1.4486714e-05,5.8813254e-07,1.4830504e-06,0.99811745,5.8701744e-07,6.8813316e-11,1.1099099e-07,3.3569364e-08,0.0018652852
Formal/ff34.mp3.wav,test,1.5473906e-05,6.5028956e-07,1.6745896e-06,0.9929067,9.610767e-07,8.5832154e-11,1.5934084e-07,9.125914e-08,0.0070743575
Formal/ff35.mp3.wav,test,6.015857e-05,2.952954e-07,2.3833213e-06,0.76739836,2.4424824e-06,1.7679846e-10,1.1623403e-06,5.1709594e-07,0.23253463
Formal/ff36.mp3.wav,test,1.4615855e-05,8.576266e-07,1.1336813e-06,0.99792624,9.746826e-07,7.504739e-11,7.940306e-08,4.804094e-08,0.002056133
Formal/ff37.mp3.wav,test,6.2531262e-06,1.1162355e-06,1.2932687e-06,0.99960774,3.5960548e-07,4.7539226e-11,3.3629046e-08,1.9779115e-08,0.00038322748
Formal/ff38.mp3.wav,test,1.2530088e-05,7.2657826e-07,1.4768988e-06,0.99219394,1.0115428e-06,7.223223e-11,1.1930346e-07,1.07064466e-07,0.0077900733
Formal/ff39.mp3.wav,test,6.287545e-06,7.259638e-07,2.3011992e-06,0.99979347,1.4982338e-07,4.6043166e-11,4.9920004e-08,1.10141825e-08,0.00019698562
Formal/ff4.mp3.wav,val,3.5587811e-06,1.4224438e-06,1.5704811e-06,0.9996431,2.5060547e-07,3.8565505e-11,1.9696348e-08,1.6988578e-08,0.00035009955
Formal/ff40.mp3.wav,test,8.137471e-06,6.542362e-07,1.6522204e-06,0.9988937,3.772048e-07,5.0625844e-11,7.292815e-08,3.4021454e-08,0.0010955622
Formal/ff46.mp3.wav,val,3.9046467e-06,1.2232058e-06,2.398125e-06,0.9999211,1.1927918e-07,4.1942845e-11,2.661222e-08,9.674904e-09,7.126525e-05
Formal/ff47.mp3.wav,val,2.4342398e-06,1.3624839e-06,4.1106196e-06,0.99994254,6.421153e-08,4.089904e-11,2.3512284e-08,8.914577e-09,4.951419e-05
Formal/ff48.mp3.wav,val,3.28954e-06,9.910609e-07,2.5001455e-06,0.99993205,8.2050356e-08,3.311445e-11,2.350585e-08,6.9754442e-09,6.1071936e-05
Formal/ff49.mp3.wav,val,4.567728e-06,1.117599e-06,1.6803843e-06,0.99987686,1.6697157e-07,3.822837e-11,2.4644025e-08,1.05363345e-08,0.000115660536
Formal/ff5.mp3.wav,test,0.00031909015,8.3386385e-07,1.2262078e-06,0.99918073,2.057279e-06,4.9987753e-10,5.82203e-07,1.1906141e-08,0.0004954418
Formal/ff50.mp3.wav,val,3.675934e-06,1.1751087e-06,2.0773425e-06,0.9999229,1.12450955e-07,3.69953e-11,2.1566116e-08,7.2447173e-09,6.998663e-05
Formal/ff6.mp3.wav,val,9.542793e-05,4.7260146e-06,1.2378215e-06,0.99987805,1.5456119e-06,5.8093946e-10,7.770946e-08,3.8339882e-09,1.8897967e-05
Formal/ff65.mp3.wav,val,3.1306058e-06,1.1450127e-06,2.5182726e-06,0.9999037,1.0642662e-07,3.6729945e-11,2.4157416e-08,1.0013118e-08,8.936976e-05
Formal/ff66.mp3.wav,val,3.023829e-06,1.3013341e-06,3.250025e-06,0.99994826,7.474526e-08,4.069493e-11,2.3065125e-08,7.5432975e-09,4.406009e-05
Formal/ff67.mp3.wav,val,3.7154207e-06,1.3339426e-06,3.3126382e-06,0.9999484,7.6958216e-08,4.4063277e-11,2.4199263e-08,6.4634933e-09,4.322842e-05
Formal/ff7.mp3.wav,val,4.7180805e-05,2.1124654e-06,2.5624288e-06,0.9999254,3.4636298e-07,2.9545877e-10,1.1544722e-07,4.667856e-09,2.2322243e-05
Formal/ff76.mp3.wav,test,6.817984e-06,8.315761e-07,2.4478354e-06,0.99985874,1.5515253e-07,5.4082898e-11,5.010547e-08,9.325057e-09,0.00013094075
Formal/ff77.mp3.wav,test,5.6638996e-06,1.0298244e-06,1.8699623e-06,0.9997789,2.0929116e-07,4.5976764e-11,3.3819685e-08,1.2625423e-08,0.00021220815
Formal/ff78.mp3.wav,test,4.4957774e-06,1.0581292e-06,2.4576912e-06,0.9999031,1.2200168e-07,4.1789256e-11,2.9479725e-08,8.2132185e-09,8.876763e-05
Formal/ff79.mp3.wav,test,1.3846657e-05,7.760359e-07,1.1498778e-06,0.99934024,5.3097426e-07,6.131575e-11,5.963374e-08,1.6790148e-08,0.00064336864
Formal/ff8.mp3.wav,val,5.336126e-06,1.088158e-06,1.6052804e-06,0.9997727,2.410325e-07,4.6431477e-11,3.1270208e-08,1.2958193e-08,0.00021895219
Formal/ff80.mp3.wav,test,8.985478e-06,9.273807e-07,1.4726447e-06,0.9997273,3.0530367e-07,5.4707995e-11,4.089451e-08,1.1165403e-08,0.00026086764
Formal/ff81.mp3.wav,test,1.4034642e-05,7.1626204e-07,1.3578908e-06,0.9990029,5.766348e-07,6.8201396e-11,7.98318e-08,2.4348578e-08,0.0009803504
Formal/ff82.mp3.wav,test,1.48175195e-05,9.5303795e-07,1.1725821e-06,0.99941385,6.312517e-07,7.272136e-11,5.6518235e-08,1.6923178e-08,0.00056854525
Formal/ff83.mp3.wav,test,2.2620028e-05,5.830864e-07,1.4510772e-06,0.99734336,8.582684e-07,8.895314e-11,1.485441e-07,4.1982823e-08,0.0026310193
Formal/ff84.mp3.wav,test,1.6802356e-05,8.105427e-07,1.0563689e-06,0.9982216,8.829012e-07,6.9553946e-11,7.6065085e-08,3.180356e-08,0.0017587423
Formal/ff85.mp3.wav,test,9.993573e-06,7.5126553e-07,2.0315144e-06,0.99952006,3.0025052e-07,6.374788e-11,7.2651694e-08,1.8705963e-08,0.00046678114
Formal/ff9.mp3.wav,val,4.5002566e-06,9.441115e-07,2.1332016e-06,0.99972886,1.6349611e-07,3.9377106e-11,3.3190535e-08,1.3759502e-08,0.00026333213
Formal/ff97.mp3.wav,test,4.0519553e-06,4.8389065e-06,2.1973383e-06,0.9999784,1.8690311e-07,8.3456284e-11,8.758271e-09,3.3731258e-09,1.0293155e-05
Formal/ff99.mp3.wav,test,2.4114277e-06,3.886093e-06,4.906428e-06,0.9999778,6.936138e-08,6.55063e-11,1.00758974e-08,3.8442862e-09,1.0821718e-05
Formal/fm1.mp3.wav,test,5.4273907e-05,1.3291028e-06,9.2396124e-07,0.9992569,9.117018e-07,1.6369069e-10,1.1368879e-07,1.1117616e-08,0.0006855456
Formal/fm10.mp3.wav,test,1.0391019e-05,1.8945716e-06,9.184487e-07,0.99995303,2.844893e-07,6.1005506e-11,1.7011779e-08,3.3390757e-09,3.3483015e-05
Formal/fm126.mp3.wav,val,1.51408685e-05,7.412612e-07,8.2469444e-07,0.99655294,9.929837e-07,5.2142294e-11,5.9409373e-08,4.0234134e-08,0.0034293032
Formal/fm127.mp3.wav,val,6.387757e-06,1.4908865e-06,9.619334e-07,0.9994937,4.952733e-07,4.487621e-11,2.1049866e-08,1.8771876e-08,0.0004968856
Formal/fm128.mp3.wav,val,1.3534694e-05,9.005879e-07,9.5141183e-07,0.9945537,1.1892035e-06,6.0798776e-11,6.404345e-08,6.59778e-08,0.0054294746
Formal/fm129.mp3.wav,val,1.1673811e-05,1.423651e-06,7.7122723e-07,0.99648464,1.331978e-06,5.7016985e-11,3.6370643e-08,5.1700404e-08,0.0035000953
Formal/fm13.mp3.wav,test,6.9548864e-06,0.98735124,5.433329e-07,0.010297318,0.0023424039,1.374313e-06,2.0182393e-10,1.0282861e-07,2.5846905e-08
Formal/fm131.mp3.wav,test,0.0003745009,4.6874105e-05,4.564006e-06,0.9995377,4.344162e-06,6.4680394e-09,1.8570715e-07,1.16701395e-08,3.189456e-05
Formal/fm132.mp3.wav,test,0.00014689301,2.9900884e-06,1.9822812e-06,0.9998023,1.0536926e-06,7.06886e-10,1.7934131e-07,4.608333e-09,4.4594293e-05
Formal/fm133.mp3.wav,test,8.400367e-06,1.7738985e-06,1.9770648e-06,0.9999578,1.3208286e-07,7.315335e-11,3.0259322e-08,4.5962674e-09,2.9883427e-05
Formal/fm134.mp3.wav,test,2.7296106e-05,1.3485653e-06,1.1605608e-06,0.99988246,4.2796765e-07,1.2541941e-10,6.217145e-08,5.8074847e-09,8.728933e-05
Formal/fm135.mp3.wav,test,5.3770622e-05,2.3295936e-06,2.2626878e-06,0.9999119,3.6428642e-07,3.0465333e-10,1.0322097e-07,4.1167754e-09,2.914708e-05
Formal/fm146.mp3.wav,val,2.1784203e-05,7.8417474e-07,1.3299579e-06,0.99938595,5.269879e-07,8.610174e-11,1.3779959e-07,3.0537397e-08,0.00058938016
Formal/fm147.mp3.wav,val,1.6782784e-05,5.980888e-05,2.4421704e-06,0.99989736,1.3774978e-06,7.171225e-10,2.4766342e-08,1.5459733e-08,2.21299e-05
Formal/fm148.mp3.wav,val,7.95716e-05,4.3304428e-07,1.0541443e-06,0.99262965,1.3553642e-06,1.3912488e-10,3.419692e-07,2.9923886e-08,0.0072875875
Formal/fm176.mp3.wav,test,1.49708085e-05,9.718403e-07,8.8060347e-07,0.99965394,5.5888034e-07,6.327064e-11,4.216444e-08,1.38794505e-08,0.00032869005
Formal/fm177.mp3.wav,test,1.970418e-05,1.2328461e-06,9.472041e-07,0.9999169,3.7110632e-07,8.999776e-11,3.9761893e-08,5.360852e-09,6.0885148e-05
Formal/fm178.mp3.wav,test,2.8121764e-05,1.0112028e-06,7.614289e-07,0.9997235,8.526753e-07,1.0113985e-10,5.912184e-08,1.1892313e-08,0.00024572617
Formal/fm179.mp3.wav,test,2.365716e-05,9.721659e-07,7.1115824e-07,0.9992453,1.1501163e-06,8.8192384e-11,6.1879454e-08,2.1924693e-08,0.0007282257
Formal/fm180.mp3.wav,test,1.6925143e-05,8.129292e-07,8.720908e-07,0.9996543,5.257348e-07,6.319348e-11,5.0158803e-08,1.3270875e-08,0.00032646526
Formal/fm181.mp3.wav,test,2.7577347e-05,2.9428038e-06,7.429817e-07,0.99993825,1.1797327e-06,1.6974822e-10,2.9810927e-08,8.070483e-09,2.9223364e-05
Formal/fm182.mp3.wav,test,1.4930256e-05,1.2983185e-06,9.971911e-07,0.9998845,4.0503596e-07,7.555493e-11,3.356894e-08,8.560867e-09,9.7830496e-05
Formal/fm183.mp3.wav,test,1.2837519e-05,1.3276496e-06,8.8688085e-07,0.9998869,4.1607527e-07,6.454565e-11,2.558467e-08,6.9782695e-09,9.769665e-05
Formal/fm185.mp3.wav,test,1.4588451e-05,1.4332525e-06,5.426034e-07,0.9998011,7.437808e-07,6.1719824e-11,2.2591964e-08,9.109751e-09,0.00018164828
Formal/fm186.mp3.wav,test,2.4194449e-05,7.270343e-07,7.273617e-07,0.99930084,8.3714747e-07,7.4164244e-11,6.568982e-08,1.683833e-08,0.0006726483
Formal/fm194.mp3.wav,test,7.626467e-07,8.904275e-06,4.1257713e-06,0.9999826,2.9232059e-08,4.1169994e-11,3.655891e-09,3.1247478e-09,3.5017404e-06
Formal/fm2.mp3.wav,test,0.00029195694,1.2179157e-06,1.8582848e-06,0.9994647,1.5846064e-06,7.263388e-10,6.052631e-07,1.2602932e-08,0.00023809662
Formal/fm204.mp3.wav,test,7.0290944e-06,1.1685838e-05,4.3937684e-06,0.99995625,1.8378897e-07,2.5086463e-10,3.3197008e-08,1.0092952e-08,2.047938e-05
Formal/fm205.mp3.wav,test,0.00020832499,1.7486907e-05,9.449868e-06,0.99948967,5.2890987e-06,4.7283635e-09,1.6583871e-06,6.794865e-07,0.00026731886
Formal/fm206.mp3.wav,test,0.00030679518,5.920827e-06,2.8624545e-05,0.9994867,8.776268e-07,5.699237e-09,4.7368912e-06,6.7473025e-08,0.00016617258
Formal/fm216.mp3.wav,test,1.312946e-05,1.0961657e-05,8.0638284e-07,0.99996305,1.3082596e-06,2.4557203e-10,1.2387333e-08,6.1643295e-09,1.0754581e-05
Formal/fm217.mp3.wav,test,3.3511424e-06,4.5675155e-05,1.04192095e-05,0.9999386,2.4604043e-07,5.388922e-10,2.3544548e-08,2.8962884e-08,1.6539565e-06
Formal/fm22.mp3.wav,test,1.3941562e-05,1.0149266e-06,9.121931e-07,0.99982685,3.9978553e-07,6.301131e-11,3.6119037e-08,7.160582e-09,0.00015679996
Formal/fm225.mp3.wav,val,0.0032426955,9.500051e-06,0.004003329,0.99079543,7.088305e-07,4.1594163e-07,0.0017457799,1.3149045e-06,0.00020085151
Formal/fm26.mp3.wav,test,5.0251906e-06,1.2160556e-06,2.3698526e-06,0.9999436,7.530657e-08,4.694687e-11,3.1751533e-08,4.565465e-09,4.7714708e-05
Formal/fm27.mp3.wav,test,4.764747e-06,1.1036751e-06,2.5537024e-06,0.99995685,6.3620085e-08,4.169134e-11,3.201967e-08,4.537364e-09,3.467163e-05
Formal/fm28.mp3.wav,test,4.944687e-06,9.359384e-07,2.0521102e-06,0.99991095,8.938049e-08,3.8522973e-11,3.152884e-08,5.898162e-09,8.0949605e-05
Formal/fm29.mp3.wav,test,2.697463e-06,1.0913589e-06,2.8162747e-06,0.9999472,4.9472856e-08,3.0258837e-11,2.171946e-08,4.8034012e-09,4.6141646e-05
Formal/fm3.mp3.wav,test,2.3378496e-05,2.5357862e-05,2.2720594e-06,0.9999443,7.679475e-07,5.730179e-10,1.4182094e-08,2.4422189e-09,3.8217195e-06
Formal/fm30.mp3.wav,test,2.7307199e-06,1.3962683e-06,2.682798e-06,0.9999583,5.2115876e-08,3.2444537e-11,1.676388e-08,4.060575e-09,3.4795135e-05
Formal/fm31.mp3.wav,test,8.611594e-06,8.1111546e-07,1.6822481e-06,0.9998801,1.4012939e-07,4.944927e-11,4.839395e-08,7.0559154e-09,0.00010853407
Formal/fm35.mp3.wav,val,5.2258576e-05,9.611373e-07,1.0171684e-06,0.9998016,5.681066e-07,1.3360597e-10,8.4120636e-08,5.226475e-09,0.00014359062
Formal/fm4.mp3.wav,test,1.9276675e-05,8.817735e-07,1.0815797e-06,0.9997429,5.217459e-07,7.806173e-11,5.7890055e-08,1.3543142e-08,0.00023532267
Formal/fm42.mp3.wav,test,2.2527973e-05,9.91505e-07,8.7715057e-07,0.9997116,8.080852e-07,8.817399e-11,6.832647e-08,2.0932006e-08,0.00026320454
Formal/fm45.mp3.wav,test,1.1257736e-05,1.1705607e-06,8.329042e-07,0.9998399,4.9634104e-07,6.012133e-11,2.9974586e-08,1.1877647e-08,0.00014623697
Formal/fm46.mp3.wav,test,0.00019384254,5.7090106e-06,5.9658896e-07,0.9997002,3.901015e-06,6.3261896e-10,6.779436e-08,6.591274e-09,9.569354e-05
Formal/fm61.mp3.wav,val,2.4288327e-06,9.95969e-07,2.3616765e-06,0.9999398,6.7161224e-08,3.0667774e-11,2.3010488e-08,7.154223e-09,5.4420445e-05
Formal/fm63.mp3.wav,val,0.00019971844,4.4148487e-07,1.5662793e-06,0.99556905,1.3852376e-06,2.9900363e-10,8.482878e-07,2.6962411e-08,0.004226969
Formal/fm75.mp3.wav,val,3.417138e-06,1.1676138e-06,2.4644548e-06,0.99996185,6.2800574e-08,3.614826e-11,2.1329766e-08,4.2307775e-09,3.0940937e-05
Formal/fm76.mp3.wav,test,9.822172e-06,8.1018936e-07,9.832636e-07,0.9997124,3.8246628e-07,4.8584775e-11,3.962658e-08,1.2846943e-08,0.00027551918
Formal/fm77.mp3.wav,test,2.4411303e-05,1.0626968e-06,9.0350215e-07,0.9997856,5.6860483e-07,9.053565e-11,5.0374126e-08,8.972417e-09,0.0001874301
Formal/fm78.mp3.wav,test,0.0003329787,1.432607e-06,7.11483e-07,0.99905723,3.5852302e-06,4.631127e-10,2.3660468e-07,1.1517117e-08,0.00060380565
Formal/fm79.mp3.wav,test,5.8240303e-06,5.391703e-06,7.3355375e-07,0.9999708,3.2841706e-07,7.094619e-11,6.5071677e-09,2.7021239e-09,1.698829e-05
Formal/fm80.mp3.wav,test,3.2909033e-05,3.0708002e-06,5.636881e-07,0.9998958,1.4802802e-06,1.6418633e-10,3.3273096e-08,8.745763e-09,6.604584e-05
Formal/fm82.mp3.wav,test,3.0663847e-05,9.539019e-07,6.6283195e-07,0.9996885,7.9044975e-07,9.174624e-11,5.8798264e-08,1.10098135e-08,0.0002784361
Formal/fm85.mp3.wav,test,3.311447e-05,5.480828e-07,1.0580765e-06,0.9991003,5.4452494e-07,7.4504916e-11,9.4053206e-08,1.4970258e-08,0.00086434075
Formal/fm86.mp3.wav,test,0.0001289036,5.4005372e-06,9.159036e-07,0.9996778,3.2137189e-06,5.5062177e-10,6.992721e-08,1.0035403e-08,0.00018372563
Formal/fm89.mp3.wav,test,1.0759243e-05,1.4841202e-05,3.3062659e-06,0.9999635,3.764614e-07,3.61019e-10,3.3032144e-08,9.5109165e-09,7.0464953e-06
Formal/fm9.mp3.wav,test,6.6027733e-06,1.3166839e-06,1.622675e-06,0.9999511,1.7818324e-07,5.637085e-11,2.9136563e-08,6.540399e-09,3.9167753e-05
Formal/fm90.mp3.wav,test,4.858224e-06,3.7163823e-06,5.7728863e-07,0.99996483,3.4795258e-07,4.1953482e-11,6.224608e-09,3.985299e-09,2.5657297e-05
Formal/fm91.mp3.wav,test,3.2024127e-06,2.1199098e-06,2.6517912e-06,0.9999672,1.04948306e-07,5.7169013e-11,2.2025901e-08,7.41173e-09,2.4624065e-05
Formal/fm92.mp3.wav,test,1.9358846e-05,3.1231916e-06,1.0032062e-06,0.99884844,1.3301709e-06,9.922694e-11,5.7055498e-08,5.749838e-08,0.0011266419
Formal/fm93.mp3.wav,test,2.6134616e-05,2.7125197e-06,8.1665496e-07,0.97002494,4.080546e-06,9.931673e-11,8.7857394e-08,3.0436792e-07,0.029940965
Formal/fv100.mp3.wav,val,2.819008e-06,9.593615e-07,1.9704394e-06,0.9999578,6.228356e-08,2.4733762e-11,1.4032758e-08,3.856356e-09,3.633074e-05
Formal/fv101.mp3.wav,val,2.8789134e-06,7.971288e-07,1.8446002e-06,0.99994385,6.078552e-08,2.194434e-11,1.4900422e-08,4.1807424e-09,5.0471433e-05
Formal/fv102.mp3.wav,val,2.8780967e-06,8.2617936e-07,1.6923492e-06,0.9999434,6.556639e-08,2.1206748e-11,1.3718739e-08,4.2815165e-09,5.109802e-05
Formal/fv111.mp3.wav,test,3.0271515e-06,7.907408e-07,1.971662e-06,0.9999449,6.16301e-08,2.5071912e-11,1.7088063e-08,3.9913894e-09,4.915753e-05
Formal/fv112.mp3.wav,test,3.9948072e-06,5.7649146e-07,2.104951e-06,0.99990094,6.5384775e-08,2.4817367e-11,2.4240613e-08,5.0870437e-09,9.2297545e-05
Formal/fv113.mp3.wav,test,4.0127657e-06,7.223092e-07,1.4808038e-06,0.9999299,8.754261e-08,2.5399217e-11,1.8368171e-08,4.1793284e-09,6.375974e-05
Formal/fv114.mp3.wav,test,2.793297e-06,8.7969624e-07,2.4789e-06,0.999964,4.6927664e-08,2.4858966e-11,1.5664359e-08,3.4659673e-09,2.9884495e-05
Formal/fv115.mp3.wav,test,3.650651e-06,8.347641e-07,1.3947376e-06,0.99993527,9.252231e-08,2.4806246e-11,1.4921568e-08,4.006766e-09,5.875087e-05
Formal/fv116.mp3.wav,test,3.1180916e-06,8.544744e-07,1.627438e-06,0.9999467,7.249289e-08,2.413898e-11,1.4380838e-08,3.8254715e-09,4.759869e-05
Formal/fv117.mp3.wav,test,2.6402668e-06,1.2551621e-06,2.7453123e-06,0.99997115,4.6978514e-08,3.0142853e-11,1.330941e-08,2.9501968e-09,2.2134065e-05
Formal/fv118.mp3.wav,test,1.9003122e-06,1.22427e-06,3.2501782e-06,0.99997437,3.3171403e-08,2.500369e-11,1.1977827e-08,2.863422e-09,1.9266488e-05
Formal/fv119.mp3.wav,test,2.4864141e-06,1.169409e-06,2.4237513e-06,0.99996746,4.923344e-08,2.5647182e-11,1.2867781e-08,3.306901e-09,2.639342e-05
Formal/fv120.mp3.wav,test,2.7297983e-06,9.3202345e-07,2.4980304e-06,0.999966,4.0928544e-08,2.4288066e-11,1.5630455e-08,3.0281724e-09,2.7767996e-05
Formal/fv121.mp3.wav,test,2.432879e-06,1.0043179e-06,2.7036538e-06,0.9999678,3.850693e-08,2.4225191e-11,1.3998974e-08,2.87438e-09,2.5993977e-05
Formal/fv129.mp3.wav,test,1.7595285e-06,1.4700948e-06,2.6448133e-06,0.999977,3.771757e-08,2.3409287e-11,8.947847e-09,2.6057356e-09,1.7076874e-05
Formal/fv13.mp3.wav,test,4.834609e-06,7.8051636e-07,1.5974641e-06,0.99992144,1.0948819e-07,3.0873682e-11,2.2526093e-08,5.2808646e-09,7.1152004e-05
Formal/fv14.mp3.wav,test,5.11522e-06,7.9904936e-07,1.2163915e-06,0.9999299,1.1743869e-07,2.7126842e-11,1.7333015e-08,4.0594688e-09,6.2730905e-05
Formal/fv15.mp3.wav,test,3.9778456e-06,8.813255e-07,1.6296533e-06,0.99995184,8.2701675e-08,2.6882675e-11,1.6391345e-08,3.8866084e-09,4.161166e-05
Formal/fv152.mp3.wav,test,1.9162444e-06,1.0922004e-06,6.217728e-06,0.99997497,2.2117467e-08,3.5829405e-11,2.4804239e-08,4.1495314e-09,1.5823573e-05
Formal/fv153.mp3.wav,val,7.5926346e-06,6.1098984e-07,1.3674558e-06,0.9997942,1.5317882e-07,3.518853e-11,3.477743e-08,7.831055e-09,0.00019613116
Formal/fv154.mp3.wav,val,1.9531624e-06,1.0814972e-06,2.8141556e-06,0.999966,4.0771546e-08,2.3319634e-11,1.2596321e-08,3.8902828e-09,2.809561e-05
Formal/fv155.mp3.wav,val,1.7558598e-06,1.4571132e-06,4.208467e-06,0.99997544,3.4661937e-08,3.0040477e-11,1.33398625e-08,3.7947827e-09,1.7104003e-05
Formal/fv156.mp3.wav,val,2.4887809e-06,9.025388e-07,1.6943208e-06,0.99995375,6.1723576e-08,2.0606825e-11,1.2005782e-08,3.7639416e-09,4.1062987e-05
Formal/fv157.mp3.wav,val,1.561985e-06,1.3108865e-06,2.431293e-06,0.999972,4.425001e-08,2.0991809e-11,8.9248084e-09,3.7933003e-09,2.2647379e-05
Formal/fv158.mp3.wav,val,1.3327954e-06,1.2586371e-06,2.6185135e-06,0.9999701,3.4525105e-08,1.8287639e-11,8.326075e-09,3.7191508e-09,2.4638066e-05
Formal/fv16.mp3.wav,test,5.3978224e-06,5.8500655e-07,1.2236743e-06,0.9998549,1.253774e-07,2.5477561e-11,2.381859e-08,5.7213376e-09,0.00013769312
Formal/fv17.mp3.wav,test,5.1727184e-06,7.3310684e-07,1.1859959e-06,0.9999212,1.13477434e-07,2.5701037e-11,1.7440374e-08,3.9902446e-09,7.162419e-05
Formal/fv179.mp3.wav,val,2.1049757e-06,1.1326075e-06,1.4235278e-06,0.99996614,5.6561767e-08,1.8973238e-11,8.581545e-09,2.7432554e-09,2.9017669e-05
Formal/fv18.mp3.wav,test,3.3381734e-06,8.3543046e-07,2.2579457e-06,0.99995875,5.6932922e-08,2.628302e-11,1.8086508e-08,3.861416e-09,3.478583e-05
Formal/fv180.mp3.wav,val,2.149681e-06,1.0371817e-06,1.5675412e-06,0.9999598,5.526529e-08,1.9439655e-11,1.0329717e-08,3.184574e-09,3.53155e-05
Formal/fv182.mp3.wav,val,2.4199494e-06,1.171941e-06,1.899496e-06,0.99997115,5.543166e-08,2.4880204e-11,1.2468573e-08,3.3263465e-09,2.3279828e-05
Formal/fv183.mp3.wav,val,2.0953967e-06,1.250374e-06,3.839201e-06,0.99997616,3.397767e-08,3.1023305e-11,1.6409762e-08,3.2677547e-09,1.662434e-05
Formal/fv19.mp3.wav,val,1.330061e-06,1.5673802e-06,7.894435e-06,0.9999801,1.3049137e-08,3.117058e-11,1.4380605e-08,2.5085398e-09,9.149796e-06
Formal/fv193.mp3.wav,val,2.3612317e-06,1.3332871e-06,1.6916679e-06,0.999967,6.065304e-08,2.3105856e-11,9.175684e-09,2.788026e-09,2.7621121e-05
Formal/fv194.mp3.wav,val,1.8872731e-06,1.7549762e-06,2.606499e-06,0.9999795,3.9561865e-08,2.7036913e-11,8.5841645e-09,2.4421738e-09,1.4163623e-05
Formal/fv196.mp3.wav,val,2.663676e-06,9.2129704e-07,1.1802249e-06,0.9999434,6.7448255e-08,1.760121e-11,1.0082278e-08,3.327758e-09,5.17178e-05
Formal/fv20.mp3.wav,val,1.6916779e-06,1.3268449e-06,4.573572e-06,0.99997866,2.203729e-08,2.7550117e-11,1.32296325e-08,2.5832487e-09,1.37760535e-05
Formal/fv204.mp3.wav,val,1.3636801e-06,1.4437549e-06,3.039274e-06,0.99997604,3.1252892e-08,2.3012295e-11,9.341443e-09,3.1577099e-09,1.8124627e-05
Formal/fv205.mp3.wav,val,1.6028843e-06,1.6604533e-06,2.8913453e-06,0.9999813,3.5795463e-08,2.718371e-11,8.953245e-09,2.6192155e-09,1.2557707e-05
Formal/fv206.mp3.wav,val,1.7118477e-06,1.5741971e-06,2.8236598e-06,0.9999807,3.494811e-08,2.5498364e-11,9.403035e-09,2.6613998e-09,1.3134327e-05
Formal/fv207.mp3.wav,val,1.885554e-06,1.2819204e-06,3.5249336e-06,0.99997604,3.071477e-08,2.6158093e-11,1.2271463e-08,2.7555487e-09,1.7167959e-05
Formal/fv208.mp3.wav,val,2.034066e-06,1.3509144e-06,2.5917493e-06,0.9999759,3.7061024e-08,2.5014175e-11,9.760159e-09,2.302237e-09,1.8049954e-05
Formal/fv209.mp3.wav,val,1.5001694e-06,1.9227173e-06,2.3111672e-06,0.99998164,3.8190457e-08,2.3811942e-11,6.223585e-09,2.0990631e-09,1.26043e-05
Formal/fv21.mp3.wav,val,1.3522668e-06,1.3394805e-06,7.4671334e-06,0.99997807,1.3750678e-08,2.83304e-11,1.4958939e-08,2.5649636e-09,1.1763738e-05
Formal/fv210.mp3.wav,val,1.5739381e-06,1.6423921e-06,3.230266e-06,0.9999802,3.1678354e-08,2.6342805e-11,9.195499e-09,2.6514575e-09,1.3289575e-05
Formal/fv22.mp3.wav,val,1.1821938e-06,1.7233083e-06,1.2196771e-05,0.9999776,1.0279604e-08,3.7413735e-11,1.6812237e-08,2.605096e-09,7.3627984e-06
Formal/fv229.mp3.wav,test,2.7333501e-06,1.7478313e-06,1.9268234e-06,0.9999788,5.6999475e-08,2.8755767e-11,7.652024e-09,1.9429738e-09,1.4679212e-05
Formal/fv23.mp3.wav,val,1.4393119e-06,1.5188266e-06,6.567594e-06,0.9999801,1.6981344e-08,3.2195697e-11,1.3949436e-08,2.5714983e-09,1.0342037e-05
Formal/fv42.mp3.wav,val,2.867898e-06,7.018957e-07,1.7065446e-06,0.9999298,6.154494e-08,1.9943906e-11,1.5673235e-08,4.31257e-09,6.481446e-05
Formal/fv43.mp3.wav,val,2.017326e-06,1.2611914e-06,2.9676507e-06,0.9999709,4.507902e-08,2.6845833e-11,1.2362033e-08,3.7299595e-09,2.2722228e-05
Formal/fv44.mp3.wav,val,2.6627617e-06,8.3433883e-07,1.8821186e-06,0.99994826,6.13031e-08,2.1999796e-11,1.4419863e-08,4.1938426e-09,4.6274516e-05
Formal/fv51.mp3.wav,val,2.3280381e-06,1.2229889e-06,2.9194491e-06,0.9999716,4.6160483e-08,2.8943365e-11,1.3997694e-08,3.5169847e-09,2.1861462e-05
Formal/fv52.mp3.wav,val,2.2676913e-06,1.1724227e-06,1.8107755e-06,0.9999664,6.182226e-08,2.2513928e-11,9.71071e-09,3.4116354e-09,2.8276954e-05
Formal/fv53.mp3.wav,val,3.1314084e-06,8.847912e-07,2.0536042e-06,0.99995506,5.8550242e-08,2.4824818e-11,1.5269697e-08,3.7943284e-09,3.887926e-05
Formal/fv96.mp3.wav,val,2.7635128e-06,8.498935e-07,2.1149644e-06,0.9999471,5.7358758e-08,2.4095842e-11,1.586065e-08,4.1293777e-09,4.7108904e-05
Formal/fv97.mp3.wav,val,3.0847345e-06,9.2757364e-07,2.0868895e-06,0.99995434,6.14994e-08,2.6475506e-11,1.5205655e-08,3.836644e-09,3.9450464e-05
Formal/fv98.mp3.wav,val,6.052084e-06,6.455014e-07,8.7348076e-07,0.9998172,1.853395e-07,2.5944465e-11,2.0531939e-08,6.316166e-09,0.00017506049
Formal/fv99.mp3.wav,val,3.34043e-06,8.276467e-07,1.5761673e-06,0.99993646,8.535327e-08,2.4646113e-11,1.6203439e-08,4.7137703e-09,5.763745e-05
Formal/mv105.mp3.wav,val,4.2015618e-06,6.939142e-07,1.2816558e-06,0.99992025,9.4972954e-08,2.5279497e-11,1.8623757e-08,4.6519846e-09,7.348925e-05
Formal/mv13.mp3.wav,val,1.722421e-06,1.0231737e-06,1.8543474e-06,0.9999527,4.7448612e-08,1.7006136e-11,9.476988e-09,4.4321022e-09,4.257014e-05
Formal/mv14.mp3.wav,val,2.3420346e-06,1.1608893e-06,1.1411324e-06,0.9999232,8.675414e-08,1.7684309e-11,7.844803e-09,4.2309045e-09,7.201117e-05
Formal/mv15.mp3.wav,val,2.8930076e-06,7.386183e-07,1.4207577e-06,0.99983704,9.0280565e-08,1.9671941e-11,1.6180888e-08,7.0851995e-09,0.00015783195
Formal/mv16.mp3.wav,val,1.3394157e-06,1.8593427e-06,2.4612914e-06,0.9999764,3.9793925e-08,2.1121386e-11,6.6256196e-09,3.594963e-09,1.780996e-05
Formal/mv17.mp3.wav,val,2.971277e-06,1.0124901e-06,1.6997271e-06,0.9999294,7.864871e-08,2.3581059e-11,1.3190608e-08,4.7121635e-09,6.4844004e-05
Formal/mv175.mp3.wav,test,9.548152e-06,4.930964e-07,9.966628e-07,0.9997837,1.7084307e-07,3.2020366e-11,3.323778e-08,6.268166e-09,0.00020511955
Formal/mv176.mp3.wav,test,6.3883404e-06,5.1379436e-07,1.1776874e-06,0.99986625,1.1726122e-07,2.5809266e-11,2.533421e-08,5.4166978e-09,0.00012557778
Formal/mv179.mp3.wav,test,4.5287024e-06,5.3741957e-07,1.3349503e-06,0.99989855,8.8202384e-08,2.33093e-11,2.307357e-08,5.1287485e-09,9.486531e-05
Formal/mv18.mp3.wav,val,1.7216737e-06,1.1935106e-06,2.7410706e-06,0.999967,3.5113803e-08,2.1340017e-11,1.01858895e-08,3.3691907e-09,2.7265682e-05
Formal/mv201.mp3.wav,test,4.3909167e-06,9.2405196e-07,1.087973e-06,0.99994314,1.13771854e-07,2.6927906e-11,1.2944714e-08,3.6003125e-09,5.0280098e-05
Formal/mv202.mp3.wav,test,3.7464822e-06,1.0037227e-06,1.7560346e-06,0.99996245,6.498683e-08,2.7827405e-11,1.3455705e-08,2.8610732e-09,3.0974516e-05
Formal/mv203.mp3.wav,test,5.4732222e-06,1.0019592e-06,1.7987359e-06,0.9999558,8.682997e-08,3.814573e-11,2.0850164e-08,3.777917e-09,3.5947658e-05
Formal/mv204.mp3.wav,test,4.4388303e-06,7.4846065e-07,1.3388666e-06,0.9999336,9.0006274e-08,2.5347672e-11,1.6440579e-08,3.937071e-09,5.9812017e-05
Formal/mv205.mp3.wav,test,3.6466881e-06,9.77672e-07,1.864885e-06,0.99996495,6.433335e-08,2.9152597e-11,1.4746448e-08,3.0827099e-09,2.847761e-05
Formal/mv206.mp3.wav,test,3.916233e-06,9.935349e-07,1.6239915e-06,0.999962,7.704974e-08,3.1360664e-11,1.6988261e-08,3.4330896e-09,3.1429176e-05
Formal/mv207.mp3.wav,test,3.6097508e-06,1.0306949e-06,1.9482786e-06,0.9999629,7.1351096e-08,3.3389652e-11,1.8085272e-08,3.8051717e-09,3.040914e-05
Formal/mv208.mp3.wav,test,3.172972e-06,1.0607588e-06,1.5388478e-06,0.99996006,7.229957e-08,2.5850315e-11,1.2274216e-08,3.3064413e-09,3.411439e-05
Formal/mv209.mp3.wav,test,2.5453708e-06,1.1882926e-06,1.787476e-06,0.99996567,5.653025e-08,2.5166001e-11,1.1447505e-08,3.1915126e-09,2.8794664e-05
Formal/mv210.mp3.wav,test,2.5282714e-06,1.274734e-06,1.9362294e-06,0.99996865,5.6528368e-08,2.6740396e-11,1.0848613e-08,2.9828708e-09,2.5501637e-05
Formal/mv215.mp3.wav,test,2.732073e-06,1.1925018e-06,1.7210275e-06,0.99996924,7.041342e-08,2.8010084e-11,1.2977413e-08,3.506875e-09,2.5001442e-05
Formal/mv216.mp3.wav,test,3.58145e-06,1.0287177e-06,1.3997927e-06,0.99995303,9.082511e-08,2.8403925e-11,1.5311134e-08,3.9916124e-09,4.078064e-05
Formal/mv217.mp3.wav,test,3.232875e-06,1.067029e-06,1.4442381e-06,0.9999608,7.8306904e-08,2.7285901e-11,1.4070429e-08,3.5380865e-09,3.343487e-05
Formal/mv230.mp3.wav,val,5.5236624e-06,7.228297e-07,2.087721e-06,0.99993885,7.6066264e-08,3.8854125e-11,3.0616828e-08,4.435457e-09,5.2661115e-05
Formal/mv231.mp3.wav,val,3.86516e-06,6.4168927e-07,2.1653977e-06,0.9999403,5.91138e-08,2.7104574e-11,2.344506e-08,4.2824015e-09,5.2986215e-05
Formal/mv232.mp3.wav,val,7.316853e-06,5.0029087e-07,1.4399441e-06,0.99984324,1.2263733e-07,3.164377e-11,3.481962e-08,6.046486e-09,0.00014739847
Formal/mv233.mp3.wav,val,4.1017224e-06,6.551118e-07,1.9016294e-06,0.99992347,7.11572e-08,2.774026e-11,2.2107049e-08,4.4936166e-09,6.978479e-05
Formal/mv234.mp3.wav,val,3.951728e-06,6.2969434e-07,1.5925532e-06,0.99991715,7.113233e-08,2.4379984e-11,2.005178e-08,4.129341e-09,7.659979e-05
Formal/mv241.mp3.wav,val,5.0495983e-06,6.0711704e-07,1.6774665e-06,0.99990606,9.03514e-08,3.0684115e-11,2.712489e-08,4.9958087e-09,8.646808e-05
Formal/mv242.mp3.wav,val,6.5690815e-06,6.722404e-07,1.5754641e-06,0.9998946,1.1363373e-07,3.6859866e-11,2.9061436e-08,4.8014726e-09,9.6351854e-05
Formal/mv243.mp3.wav,test,3.9849356e-06,8.451888e-07,1.5875667e-06,0.999933,9.663222e-08,2.9762942e-11,1.9357026e-08,4.998202e-09,6.051172e-05
Formal/mv244.mp3.wav,test,4.5289703e-06,7.2766915e-07,1.4209741e-06,0.9999206,9.648627e-08,2.7877345e-11,2.0680238e-08,4.565717e-09,7.2636365e-05
Formal/mv245.mp3.wav,test,4.404667e-06,8.508492e-07,1.6129059e-06,0.99993885,8.7206246e-08,3.0397414e-11,1.9034513e-08,3.7340038e-09,5.4211436e-05
Formal/mv246.mp3.wav,test,5.0932626e-06,5.783966e-07,1.6906926e-06,0.9999014,8.659585e-08,2.9532814e-11,2.8103639e-08,4.8286344e-09,9.10574e-05
Formal/mv26.mp3.wav,val,5.1497077e-06,1.0231073e-06,9.71394e-07,0.9999479,1.4820137e-07,3.198558e-11,1.43517e-08,3.8745727e-09,4.473173e-05
Formal/mv27.mp3.wav,val,4.586708e-06,1.3959856e-06,8.626729e-07,0.9999485,1.7373179e-07,3.2818335e-11,1.0787258e-08,4.0957557e-09,4.444401e-05
Formal/mv28.mp3.wav,test,2.4301876e-06,1.1719945e-06,2.4994513e-06,0.9999691,4.497614e-08,2.6017842e-11,1.2363237e-08,3.1953487e-09,2.4645633e-05
Formal/mv29.mp3.wav,test,1.5754425e-06,2.050065e-06,2.8888994e-06,0.9999819,3.6587362e-08,2.8198105e-11,7.228636e-09,2.5220734e-09,1.1593989e-05
Formal/mv30.mp3.wav,test,1.872419e-06,1.5801791e-06,2.4260871e-06,0.99997795,4.044209e-08,2.5485654e-11,8.229468e-09,2.5560212e-09,1.6131957e-05
Formal/mv31.mp3.wav,test,2.3097227e-06,1.6338356e-06,1.9637616e-06,0.9999782,5.2761735e-08,2.7004201e-11,8.335994e-09,2.547995e-09,1.5839629e-05
Formal/mv32.mp3.wav,test,1.9487666e-06,1.5304316e-06,1.6245561e-06,0.999972,5.2222564e-08,2.0854329e-11,6.4911228e-09,2.4817122e-09,2.28441e-05
Formal/mv33.mp3.wav,test,4.1878716e-06,8.9008694e-07,1.3149402e-06,0.99994576,9.449239e-08,2.6790833e-11,1.45465675e-08,3.683424e-09,4.7850153e-05
Formal/mv38.mp3.wav,val,6.3106713e-06,7.0290304e-07,1.640274e-06,0.99985516,8.827546e-08,3.0290236e-11,2.4409589e-08,4.4129695e-09,0.00013598181
Formal/mv39.mp3.wav,val,3.927217e-06,7.267892e-07,2.6963735e-06,0.9999418,4.335403e-08,2.8408808e-11,2.3215483e-08,3.2826035e-09,5.080513e-05
Formal/mv40.mp3.wav,val,2.752539e-06,6.9021434e-07,2.2892284e-06,0.9999242,3.9961762e-08,1.9762563e-11,1.6902135e-08,3.6007246e-09,6.996176e-05
Formal/mv41.mp3.wav,val,2.495891e-06,8.655861e-07,3.7162931e-06,0.99996376,2.9030094e-08,2.6332827e-11,1.9152873e-08,3.2238343e-09,2.9130115e-05
Formal/mv42.mp3.wav,val,1.933041e-06,1.0892558e-06,3.4148475e-06,0.9999703,2.7834833e-08,2.333286e-11,1.2925574e-08,3.0127743e-09,2.3258415e-05
Formal/mv43.mp3.wav,val,2.441423e-06,7.8248e-07,2.1831222e-06,0.99992216,4.304683e-08,1.9265513e-11,1.4353931e-08,3.7884766e-09,7.237696e-05
Formal/mv86.mp3.wav,test,1.3847749e-06,1.0460259e-06,2.082933e-06,0.99995446,4.273114e-08,1.743574e-11,9.200911e-09,4.498292e-09,4.0994855e-05
Formal/mv87.mp3.wav,test,1.7250672e-06,9.689309e-07,2.3030034e-06,0.9999515,4.120342e-08,1.9367398e-11,1.1749449e-08,4.6340904e-09,4.3488064e-05
Formal/mv89.mp3.wav,test,1.7061565e-06,1.0494838e-06,1.758876e-06,0.9999398,4.995151e-08,1.7359498e-11,1.0122013e-08,4.859467e-09,5.5609926e-05
Formal/mv90.mp3.wav,test,2.3263879e-06,8.564606e-07,1.4304206e-06,0.99990237,7.516614e-08,1.8932337e-11,1.2756321e-08,6.0176313e-09,9.294798e-05
Formal/mv91.mp3.wav,test,1.6922941e-06,9.802667e-07,2.0959776e-06,0.99995184,4.5172925e-08,1.8780774e-11,1.1201403e-08,4.8056594e-09,4.333676e-05
Formal/mv92.mp3.wav,test,2.4658025e-06,7.0346704e-07,1.6709565e-06,0.99991536,6.199292e-08,1.9522542e-11,1.5250635e-08,5.2337636e-09,7.973463e-05
Formal/mv95.mp3.wav,val,3.040612e-06,8.658548e-07,2.0150283e-06,0.99995375,5.7364613e-08,2.6927627e-11,1.6796227e-08,4.0364414e-09,4.0313098e-05
Formal/mv96.mp3.wav,val,2.7446983e-06,1.0292559e-06,2.5144527e-06,0.9999621,5.1859455e-08,3.014293e-11,1.7415791e-08,4.2888875e-09,3.1552278e-05
Formal/mv97.mp3.wav,val,2.8980496e-06,9.992048e-07,1.883261e-06,0.999959,5.5097054e-08,2.5600341e-11,1.3113208e-08,3.2279044e-09,3.525847e-05
Formal/mv98.mp3.wav,val,2.3763732e-06,1.0623754e-06,2.10809e-06,0.9999665,4.6721475e-08,2.4621343e-11,1.1501464e-08,3.0073832e-09,2.7852348e-05
Formal/mv99.mp3.wav,val,3.0751874e-06,8.179493e-07,1.8419329e-06,0.99994445,6.363215e-08,2.6041924e-11,1.743789e-08,4.5027706e-09,4.9768558e-05
Formal/record20190809231706 - Zakaria Hossain.3gpp.wav,test,1.3005784e-05,1.1547904e-06,5.7001726e-06,0.9999591,6.905463e-08,1.3469101e-10,8.9831744e-08,2.8612654e-09,2.0875515e-05
Formal/record20190809231724 - Zakaria Hossain.3gpp.wav,test,6.8558224e-06,1.7897072e-06,1.2023533e-05,0.99997246,3.052747e-08,1.3695646e-10,6.267224e-08,2.3670286e-09,6.716733e-06
Formal/record20190809231741 - Zakaria Hossain.3gpp.wav,test,4.305709e-05,1.9188137e-06,7.721066e-06,0.99993205,1.4406702e-07,4.6925225e-10,1.9572066e-07,3.1871774e-09,1.49704465e-05
Formal/record20190809231759 - Zakaria Hossain.3gpp.wav,test,7.342041e-06,9.5768e-07,3.5769697e-06,0.999962,6.009378e-08,6.498806e-11,4.394988e-08,2.951706e-09,2.6101387e-05
Formal/record20190809231813 - Zakaria Hossain.3gpp.wav,test,1.7128661e-05,1.8970213e-06,6.000775e-06,0.99996257,8.86403e-08,2.1250168e-10,7.806158e-08,2.7407039e-09,1.227929e-05
Mymensingh/mymn1000.wav,val,2.066848e-07,2.74162e-05,1.5300615e-06,9.8124814e-11,1.0386711e-05,0.9999466,1.0869351e-05,2.924796e-06,6.087031e-10
Mymensingh/mymn1001.wav,test,2.8814213e-07,3.324901e-05,1.1527147e-06,1.01562016e-10,1.8154866e-05,0.9999368,7.2673047e-06,3.1519858e-06,8.0245577e-10
Mymensingh/mymn1004.wav,test,3.757391e-07,2.3086643e-05,1.0909939e-06,7.543477e-11,1.12423495e-05,0.9999522,1.0294839e-05,1.7174501e-06,7.843291e-10
Mymensingh/mymn1020.wav,val,0.024120532,0.18844253,0.00017037576,0.00018683157,0.063112006,0.7233827,0.00047789307,9.592981e-05,1.1203738e-05
Mymensingh/mymn1021.wav,val,0.031965256,2.6178117e-05,5.608835e-06,0.96025,0.00026611483,1.4646285e-07,1.9250214e-05,2.8044175e-07,0.007467205
Mymensingh/mymn1027.wav,val,0.0001787213,1.1489036e-05,6.839129e-11,1.5551146e-07,0.99975365,5.3250154e-05,5.335357e-08,2.1376718e-06,6.7381296e-07
Mymensingh/mymn1028.wav,val,0.0017471497,0.060055103,5.892597e-06,0.93475986,0.0034274277,1.8607954e-06,9.492467e-08,2.444224e-07,2.3597838e-06
Mymensingh/mymn1029.wav,test,0.024441494,0.000133502,6.197059e-06,4.1464493e-05,0.47566223,0.0077006845,0.020643027,0.46953923,0.0018320754
Mymensingh/mymn103.wav,test,0.00011114743,0.0011206357,1.1584246e-05,7.99571e-08,0.0003735281,0.99811006,0.0002594971,1.3441819e-05,7.314262e-08
Mymensingh/mymn1034.wav,val,1.27741e-06,3.687513e-06,3.928054e-07,6.362048e-11,2.4140476e-05,0.9999093,5.958125e-05,1.6780766e-06,1.465089e-09
Mymensingh/mymn1035.wav,val,0.00033188125,0.085236765,6.358961e-06,1.0549422e-06,0.03839792,0.8759194,1.0957739e-05,9.541831e-05,2.1375132e-07
Mymensingh/mymn1036.wav,val,3.9839352e-07,3.9093244e-05,6.867657e-07,1.1305845e-10,3.0084773e-05,0.9999219,5.5144424e-06,2.2818342e-06,9.694728e-10
Mymensingh/mymn1037.wav,val,1.1811358e-06,1.3571465e-05,7.356506e-07,1.3470879e-10,2.105296e-05,0.9999423,1.9792502e-05,1.3204195e-06,1.4828379e-09
Mymensingh/mymn1039.wav,val,3.9200486e-06,3.7442628e-06,4.4975542e-07,1.4827434e-10,3.0363242e-05,0.9998677,9.26459e-05,1.2183953e-06,2.3547537e-09
Mymensingh/mymn104.wav,test,8.092159e-07,7.7214594e-05,7.949133e-07,2.0516366e-10,4.178433e-05,0.99987006,6.753619e-06,2.479528e-06,1.4455075e-09
Mymensingh/mymn105.wav,test,5.1495624e-07,1.7865623e-05,7.0387244e-07,7.237121e-11,1.6593112e-05,0.99995077,1.1756834e-05,1.8410805e-06,8.843247e-10
Mymensingh/mymn1052.wav,test,1.695777e-06,0.00024534174,2.0971396e-07,5.41107e-10,0.00087806315,0.9988661,2.4744763e-06,6.228134e-06,3.2577894e-09
Mymensingh/mymn1053.wav,test,6.537783e-06,0.00045170178,3.071711e-06,8.120484e-09,0.00020136034,0.99927324,5.4796335e-05,9.301825e-06,1.9108642e-08
Mymensingh/mymn106.wav,test,4.896714e-07,9.690844e-05,1.3776092e-06,1.929691e-10,2.268392e-05,0.9998696,5.9686336e-06,2.9563876e-06,1.2026629e-09
Mymensingh/mymn107.wav,test,4.775986e-07,4.2290216e-05,9.666212e-07,1.1732994e-10,1.7766368e-05,0.99993,6.7038795e-06,1.7600468e-06,8.9456126e-10
Mymensingh/mymn108.wav,test,5.945727e-07,2.4997104e-05,9.662112e-07,9.96957e-11,1.3333237e-05,0.99994826,1.0546141e-05,1.3443444e-06,9.001935e-10
Mymensingh/mymn110.wav,test,4.195465e-07,3.4891862e-05,9.3760684e-07,1.13000574e-10,1.858592e-05,0.99993634,6.9082103e-06,1.9242223e-06,7.8897083e-10
Mymensingh/mymn111.wav,test,5.193524e-07,3.2841228e-05,6.687858e-07,1.0750492e-10,2.9775962e-05,0.9999267,7.0969163e-06,2.3806836e-06,1.059251e-09
Mymensingh/mymn114.wav,val,7.2432977e-07,6.964311e-05,2.279009e-07,1.4978617e-10,0.0003109286,0.99960965,3.024521e-06,5.890633e-06,1.5398988e-09
Mymensingh/mymn119.wav,test,1.1274716e-06,2.3039882e-05,5.5772176e-07,1.4399486e-10,3.1496318e-05,0.99993134,1.1040349e-05,1.4772402e-06,1.4007431e-09
Mymensingh/mymn121.wav,test,8.3470275e-07,2.261156e-05,4.831585e-07,9.474508e-11,2.687098e-05,0.9999418,6.4464457e-06,8.3857805e-07,6.677656e-10
Mymensingh/mymn122.wav,val,7.0632564e-07,2.2326198e-05,7.1866066e-07,9.302589e-11,1.712962e-05,0.99995184,6.530703e-06,8.8885474e-07,6.5973577e-10
Mymensingh/mymn123.wav,val,0.0020179315,2.5508714e-06,1.000204e-05,1.4685305e-08,0.00014909015,0.9527959,0.04500255,1.9217903e-05,2.8277475e-06
Mymensingh/mymn127.wav,val,2.5631077e-06,7.004872e-06,2.8057804e-07,9.16477e-11,5.7938858e-05,0.9999032,2.7140382e-05,1.7791672e-06,2.269641e-09
Mymensingh/mymn128.wav,val,2.7029696e-06,1.9943045e-05,5.4535883e-07,2.0327648e-10,6.549232e-05,0.99988925,1.9414518e-05,2.6635446e-06,4.867849e-09
Mymensingh/mymn129.wav,test,8.142515e-07,8.47791e-06,6.4389076e-07,7.045422e-11,1.3345856e-05,0.9999567,1.8892984e-05,1.037507e-06,9.2055963e-10
Mymensingh/mymn130.wav,test,9.115729e-07,1.0745847e-05,5.588032e-07,7.8173926e-11,1.8816772e-05,0.99995065,1.7105356e-05,1.2165177e-06,1.055022e-09
Mymensingh/mymn132.wav,test,0.00020567277,1.1867743e-06,2.2999332e-06,8.038042e-10,2.1801316e-05,0.99724233,0.0025257526,9.804452e-07,6.445267e-08
Mymensingh/mymn136.wav,test,4.0347265e-07,1.8353026e-05,1.2638804e-06,9.6558386e-11,8.633218e-06,0.9999522,1.750323e-05,1.6291364e-06,8.092125e-10
Mymensingh/mymn139.wav,test,1.8418423e-07,3.9762403e-05,1.2369371e-06,1.1510515e-10,2.1804026e-05,0.9999187,9.414516e-06,8.86962e-06,9.189493e-10
Mymensingh/mymn144.wav,test,3.2208138e-07,3.2402913e-05,1.0157717e-06,1.03512934e-10,1.5076085e-05,0.9999418,7.3331184e-06,2.0455418e-06,8.136986e-10
Mymensingh/mymn145.wav,test,3.1203578e-07,3.670294e-05,8.340029e-07,1.0331939e-10,2.1561447e-05,0.9999318,6.29588e-06,2.527607e-06,8.025757e-10
Mymensingh/mymn146.wav,test,4.7652724e-05,7.6908e-05,3.7494803e-05,6.5577915e-08,7.974822e-05,0.9915793,0.008099968,7.848458e-05,2.6530805e-07
Mymensingh/mymn147.wav,test,0.00014496542,7.511912e-07,3.893978e-05,1.3100754e-08,9.40347e-06,0.7197544,0.2800323,1.8754616e-05,3.9461963e-07
Mymensingh/mymn148.wav,test,6.8642134e-07,1.67163e-05,2.2552936e-06,1.8333025e-10,8.260518e-06,0.99990773,6.0926297e-05,3.492514e-06,2.467596e-09
Mymensingh/mymn149.wav,test,5.380278e-07,2.6209655e-05,1.3925612e-06,1.3707348e-10,1.4090938e-05,0.99993193,2.1980944e-05,3.8286726e-06,1.8543184e-09
Mymensingh/mymn158.wav,test,3.9636047e-06,0.021048699,2.310604e-09,3.1014366e-07,0.97849905,0.00039904632,3.2817453e-09,4.8953898e-05,2.633635e-08
Mymensingh/mymn159.wav,test,1.147578e-06,0.00018070044,5.436721e-07,3.60701e-10,0.00016289778,0.9996469,3.858908e-06,3.9713454e-06,2.0710558e-09
Mymensingh/mymn162.wav,test,0.0001733962,0.14317301,0.0002865718,1.9982623e-05,0.005774535,0.84740615,0.0011250946,0.0020371384,4.1772923e-06
Mymensingh/mymn171.wav,test,7.9065137e-07,1.0032449e-05,1.3867408e-06,1.3956736e-10,9.173156e-06,0.9999244,5.2292326e-05,1.947041e-06,1.6819608e-09
Mymensingh/mymn174.wav,test,3.4371722e-05,2.8170754e-05,8.37114e-06,9.5213295e-09,9.529244e-05,0.9972754,0.0025330577,2.5185025e-05,1.6003919e-07
Mymensingh/mymn175.wav,test,8.400521e-06,8.386682e-06,2.6704683e-06,8.987578e-10,2.283858e-05,0.99925464,0.0006984251,4.6901537e-06,1.573974e-08
Mymensingh/mymn176.wav,test,4.4689187e-07,1.709796e-05,6.1913994e-07,7.865503e-11,2.0920688e-05,0.99994636,1.2450733e-05,2.0956202e-06,8.6356694e-10
Mymensingh/mymn177.wav,test,1.23667305e-05,2.1001697e-05,2.0359764e-06,1.2506062e-09,5.100277e-05,0.99955016,0.0003565967,6.762806e-06,1.9695456e-08
Mymensingh/mymn184.wav,test,5.4223216e-07,1.3439697e-05,9.656613e-07,7.116355e-11,9.822364e-06,0.99995697,1.6921715e-05,1.3270275e-06,9.487043e-10
Mymensingh/mymn213.wav,test,2.9107508e-07,1.843122e-05,1.5018475e-06,8.082835e-11,7.7746445e-06,0.99995613,1.3734853e-05,2.0938567e-06,7.135489e-10
Mymensingh/mymn221.wav,test,5.2206616e-07,6.3021624e-05,8.553693e-07,1.4801078e-10,2.8085868e-05,0.99989676,8.013041e-06,2.7230133e-06,9.281311e-10
Mymensingh/mymn227.wav,val,0.00031159908,9.867307e-08,8.656433e-06,2.2221753e-09,9.962829e-06,0.5951663,0.4044968,6.3646735e-06,2.1010082e-07
Mymensingh/mymn228.wav,val,2.791414e-07,4.474655e-05,1.1668867e-06,9.819706e-11,1.4600218e-05,0.9999311,6.118955e-06,2.041032e-06,5.683332e-10
Mymensingh/mymn229.wav,test,4.5801224e-07,1.6394082e-05,1.1356796e-06,8.137447e-11,8.070084e-06,0.99995506,1.763696e-05,1.2320152e-06,6.5565836e-10
Mymensingh/mymn238.wav,val,2.657495e-06,0.019880803,8.63812e-05,5.722414e-08,0.000100343284,0.97980815,3.507333e-05,8.646857e-05,5.3568467e-08
Mymensingh/mymn243.wav,test,1.2900766e-06,0.00032539843,0.7886985,8.299792e-07,1.0247472e-07,0.16469128,0.04217765,0.004103871,1.1493553e-06
Mymensingh/mymn244.wav,val,0.00014088067,1.2984242e-06,2.9881277e-05,7.451545e-09,7.227915e-05,0.7637748,0.23430845,0.0016706932,1.8057118e-06
Mymensingh/mymn254.wav,test,1.368897e-06,2.743938e-06,2.1389546e-06,1.01983054e-10,1.025434e-05,0.999584,0.00038353025,1.5963733e-05,6.5976895e-09
Mymensingh/mymn262.wav,test,3.1486562e-07,3.3445842e-05,8.160822e-06,1.7963724e-10,3.4179754e-06,0.9999285,2.349381e-05,2.670262e-06,1.146707e-09
Mymensingh/mymn263.wav,test,2.6084444e-06,7.596206e-05,6.688481e-07,4.418449e-10,0.00015481384,0.9997366,1.9965571e-05,9.392967e-06,7.512198e-09
Mymensingh/mymn264.wav,test,1.3460337e-06,7.537945e-05,6.8080635e-07,2.5498784e-10,9.225816e-05,0.99981743,8.253315e-06,4.8090596e-06,3.6136392e-09
Mymensingh/mymn265.wav,test,0.00026004724,0.06283297,0.0029697393,4.8808683e-06,0.00015506611,0.9327917,0.00077290507,0.00021153426,1.1641583e-06
Mymensingh/mymn267.wav,test,3.6464633e-07,5.6747314e-05,1.0288251e-06,1.1998244e-10,2.1064478e-05,0.9999124,6.179488e-06,2.2657832e-06,7.406289e-10
Mymensingh/mymn269.wav,test,6.1112684e-07,3.2267544e-05,1.4205791e-06,2.1617863e-10,1.750721e-05,0.9999249,2.0597865e-05,2.65626e-06,1.6931145e-09
Mymensingh/mymn286.wav,val,9.79133e-07,5.4282455e-06,6.378818e-07,6.2483324e-11,1.2138273e-05,0.9999343,4.515127e-05,1.3594279e-06,1.5034275e-09
Mymensingh/mymn287.wav,val,3.10953e-07,2.5793788e-05,1.6732436e-06,8.2014145e-11,7.1013264e-06,0.99995375,1.0029557e-05,1.436552e-06,6.7009315e-10
Mymensingh/mymn288.wav,val,4.2403707e-07,3.2592987e-05,1.2226396e-06,1.0238495e-10,1.1489291e-05,0.99994266,1.0096787e-05,1.5359077e-06,8.34064e-10
Mymensingh/mymn289.wav,val,3.688829e-07,1.7443883e-05,1.4816006e-06,7.186853e-11,6.252727e-06,0.9999596,1.3564777e-05,1.2531481e-06,6.8265177e-10
Mymensingh/mymn290.wav,val,5.845741e-07,2.110458e-05,9.725965e-07,7.649329e-11,9.928026e-06,0.99995565,1.0811957e-05,9.267216e-07,7.092039e-10
Mymensingh/mymn292.wav,val,2.9089696e-07,0.00012046551,1.7684113e-06,1.760158e-10,1.8151859e-05,0.99985325,3.5066041e-06,2.5522256e-06,7.4926204e-10
Mymensingh/mymn293.wav,val,6.7498286e-07,4.0219325e-05,4.879956e-07,1.0434536e-10,3.6476373e-05,0.9999157,4.8729594e-06,1.4998345e-06,9.203271e-10
Mymensingh/mymn294.wav,val,3.3497633e-07,2.756363e-05,7.9258393e-07,8.334066e-11,1.8936782e-05,0.9999424,7.5590856e-06,2.3437888e-06,7.752311e-10
Mymensingh/mymn308.wav,val,4.0274728e-07,4.2500476e-05,1.047546e-06,1.09136755e-10,1.7749811e-05,0.99993134,5.2374457e-06,1.6724978e-06,6.779173e-10
Mymensingh/mymn309.wav,test,8.723454e-07,0.00016455281,3.8662202e-07,2.2535304e-10,0.00016319084,0.99966764,1.5399509e-06,1.8034144e-06,8.502627e-10
Mymensingh/mymn329.wav,val,0.12251065,6.359803e-06,3.951589e-06,5.25598e-08,0.00027110407,0.8674144,0.009792279,2.0927719e-07,8.647125e-07
Mymensingh/mymn330.wav,val,7.4852906e-05,3.1343584e-06,4.6982993e-07,4.5236928e-10,7.809881e-05,0.9994234,0.00041915063,9.663553e-07,1.6604591e-08
Mymensingh/mymn338.wav,val,0.288361,1.005223e-05,0.00030102342,2.4675632e-05,6.500227e-05,0.04610112,0.6650031,3.5757862e-06,0.00013039734
Mymensingh/mymn339.wav,val,6.222902e-05,1.668803e-07,2.9212339e-05,1.7481068e-09,2.4195865e-06,0.77586627,0.22403431,5.2569694e-06,1.1222303e-07
Mymensingh/mymn340.wav,val,3.0200796e-05,1.37389495e-08,9.789931e-05,3.36611e-09,1.5562726e-07,0.06741764,0.93244946,4.3923446e-06,1.5622771e-07
Mymensingh/mymn381.wav,val,3.338316e-07,1.7240567e-05,1.3999747e-06,8.5150845e-11,8.652937e-06,0.9999534,1.6780428e-05,2.15226e-06,1.0347452e-09
Mymensingh/mymn382.wav,val,3.5899384e-07,8.3404215e-05,2.3889995e-06,3.282532e-10,1.9232772e-05,0.9998766,1.2623714e-05,5.3805215e-06,2.7802127e-09
Mymensingh/mymn384.wav,val,1.6044083e-06,7.4333224e-07,2.337586e-06,7.157765e-11,2.4577535e-06,0.9992592,0.00073237007,1.2948512e-06,2.2554785e-09
Mymensingh/mymn391.wav,val,1.7269616e-06,5.1469656e-06,8.099403e-07,5.645269e-11,8.507613e-06,0.99993896,4.407023e-05,8.4544774e-07,1.5368932e-09
Mymensingh/mymn4.wav,val,3.6373288e-07,3.8833547e-05,7.481564e-07,1.0725812e-10,2.7598706e-05,0.9999248,5.269194e-06,2.3778584e-06,8.524725e-10
Mymensingh/mymn411.wav,val,3.9489052e-07,1.1074994e-05,9.16173e-07,6.547548e-11,1.0345147e-05,0.9999536,2.2183782e-05,1.4456043e-06,5.8892713e-10
Mymensingh/mymn413.wav,val,0.024966432,0.00055004266,0.00046916114,2.2063796e-05,0.000879179,0.45686874,0.5158894,0.00028944577,6.5560984e-05
Mymensingh/mymn415.wav,val,8.859818e-05,1.8586877e-06,6.5118984e-06,2.9848817e-09,2.3418354e-05,0.97586834,0.024007019,4.2249685e-06,5.22567e-08
Mymensingh/mymn416.wav,test,0.30010235,4.5143332e-07,2.3303764e-06,3.2790723e-08,0.00031182438,0.6299442,0.06963755,2.2880232e-07,1.0920421e-06
Mymensingh/mymn417.wav,val,2.2651479e-05,8.268874e-10,1.4087013e-05,8.860084e-09,7.0355206e-08,0.0009351514,0.9990244,3.1799464e-06,4.7897413e-07
Mymensingh/mymn422.wav,val,6.754171e-07,1.1333638e-05,1.5128747e-06,1.2809379e-10,7.500492e-06,0.9999285,4.904209e-05,1.4825523e-06,1.2726125e-09
Mymensingh/mymn427.wav,test,2.1815497e-06,2.727005e-06,1.3918791e-06,6.9354855e-11,2.8470336e-06,0.9998683,0.00012222328,3.6612997e-07,9.789324e-10
Mymensingh/mymn428.wav,test,8.2565447e-07,7.427993e-06,1.0484658e-06,7.879516e-11,7.0989886e-06,0.9999373,4.5269717e-05,1.0628157e-06,1.3029546e-09
Mymensingh/mymn429.wav,test,4.2406256e-07,2.281082e-05,1.5605174e-06,8.675528e-11,5.937967e-06,0.9999589,9.73387e-06,7.049013e-07,5.037983e-10
Mymensingh/mymn43.wav,val,4.4173288e-07,7.974415e-05,8.054023e-07,1.5939314e-10,4.3688397e-05,0.9998659,5.27537e-06,4.2114143e-06,1.1209476e-09
Mymensingh/mymn433.wav,val,8.510642e-07,4.3333735e-06,9.810359e-07,5.745609e-11,1.0736183e-05,0.9998988,8.0663485e-05,3.7186362e-06,2.048955e-09
Mymensingh/mymn440.wav,val,5.5347334e-07,2.831166e-05,7.9765556e-07,8.33557e-11,1.5570693e-05,0.9999474,6.1761816e-06,1.0391757e-06,6.0275257e-10
Mymensingh/mymn446.wav,test,1.4141102e-06,0.0007501639,2.9885339e-06,1.2621182e-09,7.9305486e-05,0.99915004,7.324475e-06,8.772237e-06,4.7568927e-09
Mymensingh/mymn45.wav,val,1.5178475e-06,8.94264e-06,4.2660304e-07,8.7167384e-11,5.9149454e-05,0.99988556,3.7180285e-05,7.148622e-06,4.160588e-09
Mymensingh/mymn454.wav,val,8.0642707e-07,8.215282e-05,2.4429028e-06,3.281102e-10,1.8962535e-05,0.99987006,2.0389125e-05,5.245182e-06,3.2125453e-09
Mymensingh/mymn460.wav,test,2.8511195e-07,3.5135217e-05,2.3088548e-06,1.13671336e-10,7.1085938e-06,0.99994195,1.11555755e-05,2.0530547e-06,8.2467494e-10
Mymensingh/mymn462.wav,val,2.0180896e-06,2.641598e-06,4.8603968e-05,4.3725215e-10,1.2150372e-06,0.9971691,0.0027632555,1.3184369e-05,1.7996463e-08
Mymensingh/mymn467.wav,val,2.1382513e-07,1.9947314e-05,1.5604392e-06,7.596217e-11,8.907516e-06,0.9999498,1.6023487e-05,3.5346197e-06,7.9999196e-10
Mymensingh/mymn47.wav,test,9.3639983e-07,6.903342e-05,6.376558e-07,1.9064461e-10,5.418826e-05,0.9998679,5.210714e-06,2.0721573e-06,1.4620889e-09
Mymensingh/mymn478.wav,test,1.0245412e-06,5.022712e-05,1.516019e-06,2.8620167e-10,1.9395922e-05,0.99989986,2.5852956e-05,2.1611656e-06,1.8953155e-09
Mymensingh/mymn48.wav,test,1.4177673e-06,2.5201498e-05,9.841185e-07,1.9386881e-10,3.0522966e-05,0.9999149,2.3732484e-05,3.3757678e-06,3.181116e-09
Mymensingh/mymn485.wav,test,6.0470376e-07,2.2007825e-05,1.2779951e-06,9.3897126e-11,1.067837e-05,0.9999448,1.8643113e-05,1.8898605e-06,1.456287e-09
Mymensingh/mymn486.wav,test,5.9951753e-07,1.7364258e-05,1.0633581e-06,7.976465e-11,9.004953e-06,0.99995923,1.168341e-05,9.274862e-07,7.687755e-10
Mymensingh/mymn487.wav,test,6.9488664e-07,0.00012592712,5.2255054e-06,4.771203e-10,1.2920133e-05,0.99982905,2.060825e-05,5.431122e-06,3.3842207e-09
Mymensingh/mymn488.wav,val,1.1325403e-06,1.6506792e-05,1.2103834e-06,1.2869111e-10,1.1450432e-05,0.99993455,3.3593285e-05,1.5373871e-06,1.9929876e-09
Mymensingh/mymn49.wav,test,1.3396916e-06,8.077946e-05,2.2525086e-07,1.880736e-10,0.00030987052,0.99959975,3.5831906e-06,4.4228905e-06,2.1242306e-09
Mymensingh/mymn499.wav,test,2.9115776e-07,2.5390027e-05,1.2247415e-06,8.8909824e-11,1.0039006e-05,0.9999503,1.0725499e-05,1.975384e-06,6.8016304e-10
Mymensingh/mymn50.wav,test,8.6573124e-07,6.478292e-05,5.3371565e-07,1.6163161e-10,7.525808e-05,0.99985003,5.1934708e-06,3.1955121e-06,1.8804185e-09
Mymensingh/mymn504.wav,test,0.002938781,9.229435e-05,7.238721e-05,1.1173368e-06,0.001019258,0.8725156,0.12280239,0.0005343875,2.3767752e-05
Mymensingh/mymn51.wav,test,3.448836e-06,0.00018658061,1.0147593e-07,4.492325e-10,0.002844981,0.99695575,2.19909e-06,6.8911795e-06,4.9175184e-09
Mymensingh/mymn514.wav,val,1.0620427e-06,2.1476502e-05,4.569588e-07,7.7832255e-11,2.668627e-05,0.9999422,7.3187425e-06,7.837781e-07,7.897493e-10
Mymensingh/mymn52.wav,test,7.4666486e-06,9.4355106e-05,1.0256117e-06,9.769189e-10,0.000216454,0.9996519,2.3751509e-05,5.050241e-06,1.4899822e-08
Mymensingh/mymn521.wav,test,4.573517e-07,2.22308e-05,4.2923607e-06,1.1391273e-10,3.0344218e-06,0.99995375,1.5485004e-05,8.344349e-07,7.992935e-10
Mymensingh/mymn522.wav,test,2.196835e-05,1.14319e-10,7.808815e-06,1.0809982e-08,2.5521683e-08,7.968487e-05,0.99988616,2.8788597e-06,1.3913094e-06
Mymensingh/mymn525.wav,test,8.897179e-07,1.182942e-05,5.337735e-07,7.8641274e-11,2.7447577e-05,0.9999317,2.5020516e-05,2.617207e-06,1.4433678e-09
Mymensingh/mymn528.wav,val,3.119368e-07,2.3764418e-05,1.5629985e-06,7.9304584e-11,8.186911e-06,0.9999502,1.3781127e-05,2.2246531e-06,8.050787e-10
Mymensingh/mymn533.wav,test,0.01985589,1.3658299e-08,1.804161e-05,2.6494686e-06,2.260842e-06,0.00040178874,0.97970366,2.3651226e-06,1.3379502e-05
Mymensingh/mymn535.wav,val,1.1996754e-06,0.00038654119,6.909033e-05,4.417658e-09,1.04802975e-05,0.9993475,0.00014643926,3.8666378e-05,1.4846159e-08
Mymensingh/mymn536.wav,val,7.437617e-07,0.0003371917,6.1323663e-06,6.403758e-10,2.1037466e-05,0.99960953,1.3815349e-05,1.1500732e-05,5.624159e-09
Mymensingh/mymn539.wav,test,2.8687987e-06,0.0048542074,6.608738e-06,8.103038e-09,0.000119912525,0.9949968,9.270873e-06,1.0336943e-05,7.04731e-09
Mymensingh/mymn54.wav,test,6.320544e-07,4.223907e-05,8.6436916e-07,1.2308182e-10,2.4163206e-05,0.9999244,6.070439e-06,1.6592793e-06,9.70032e-10
Mymensingh/mymn542.wav,val,6.760888e-07,1.4558056e-05,8.866762e-07,8.205342e-11,1.7351513e-05,0.9999441,1.9530073e-05,2.8707439e-06,1.6194748e-09
Mymensingh/mymn549.wav,val,4.9374023e-07,1.9427081e-05,1.3342446e-06,8.38523e-11,7.297227e-06,0.9999554,1.4958209e-05,1.124118e-06,6.5196487e-10
Mymensingh/mymn557.wav,val,3.505859e-07,6.342216e-05,1.2259438e-06,1.8014037e-10,2.2613218e-05,0.9999007,8.8302995e-06,2.8591414e-06,1.0615008e-09
Mymensingh/mymn57.wav,test,8.9817e-07,6.0474726e-05,3.072726e-07,1.4736834e-10,0.00013401138,0.99979836,3.3762951e-06,2.6537566e-06,1.2214988e-09
Mymensingh/mymn579.wav,test,3.35573e-07,4.1653355e-05,9.361919e-07,1.3112553e-10,2.6297612e-05,0.9999176,8.403779e-06,4.812143e-06,1.1265635e-09
Mymensingh/mymn6.wav,test,7.072467e-07,0.00016089702,7.1740243e-07,3.7936038e-10,0.0001344132,0.99968636,5.6104886e-06,1.13435e-05,3.0242784e-09
Mymensingh/mymn616.wav,test,4.989614e-07,3.166572e-05,3.3421782e-07,7.3900254e-11,5.7885893e-05,0.99990225,4.8291618e-06,2.5362347e-06,7.048334e-10
Mymensingh/mymn618.wav,test,1.5263653e-06,1.2531309e-05,3.7785992e-07,6.200191e-11,2.3707853e-05,0.99995124,9.911134e-06,6.904015e-07,6.9190464e-10
Mymensingh/mymn619.wav,test,8.3752275e-07,3.4370605e-06,7.284626e-07,5.2850262e-11,1.2134053e-05,0.9998671,0.00011235599,3.3059468e-06,1.2480855e-09
Mymensingh/mymn62.wav,val,8.2140265e-05,0.00012910036,4.3647748e-07,1.0394499e-08,0.006376673,0.993291,0.00010478962,1.5785225e-05,5.4316278e-08
Mymensingh/mymn620.wav,val,3.1940024e-07,2.9287687e-05,1.3625956e-06,9.376993e-11,9.1611255e-06,0.9999492,9.00659e-06,1.5679552e-06,7.297633e-10
Mymensingh/mymn621.wav,val,3.1060904e-07,4.844624e-05,1.3939064e-06,1.1797222e-10,1.2170181e-05,0.9999285,7.1939853e-06,2.0832406e-06,8.504391e-10
Mymensingh/mymn622.wav,test,3.2990644e-07,3.226387e-05,1.1720864e-06,8.589866e-11,1.1105947e-05,0.9999465,7.0990263e-06,1.5879727e-06,6.254612e-10
Mymensingh/mymn624.wav,test,4.3968228e-07,1.0043376e-05,8.210094e-07,5.5986046e-11,1.04494275e-05,0.9999546,2.1634958e-05,2.0616803e-06,8.9187097e-10
Mymensingh/mymn63.wav,val,1.6814439e-06,2.6933343e-05,8.512005e-07,3.7829306e-10,8.203687e-05,0.9998005,7.629517e-05,1.1702273e-05,5.4456364e-09
Mymensingh/mymn632.wav,test,1.2246697e-05,9.431754e-08,0.00010100974,4.7962825e-08,1.0068035e-06,0.010723875,0.98881257,0.00034620703,3.0147912e-06
Mymensingh/mymn636.wav,test,2.9765154e-06,9.778942e-06,9.480131e-07,2.382452e-10,2.8041848e-05,0.9998493,0.0001045534,4.405415e-06,4.1831862e-09
Mymensingh/mymn637.wav,test,1.1321638e-06,1.2053051e-06,2.79442e-06,9.74721e-11,3.6298302e-06,0.99909794,0.0008898982,3.47554e-06,3.3104912e-09
Mymensingh/mymn643.wav,test,3.592968e-07,1.4371373e-05,1.2202952e-06,7.888815e-11,7.61446e-06,0.9999572,1.7654076e-05,1.5939146e-06,7.5463247e-10
Mymensingh/mymn647.wav,val,1.074722e-06,6.5967693e-06,5.739432e-07,4.205943e-11,8.470225e-06,0.99996555,1.7142895e-05,5.4868036e-07,6.6035794e-10
Mymensingh/mymn656.wav,test,1.9491256e-07,5.788285e-05,1.454986e-06,1.3632721e-10,1.5738115e-05,0.9999145,6.2726194e-06,3.832749e-06,7.803513e-10
Mymensingh/mymn659.wav,val,5.31919e-07,1.0618928e-05,1.5620019e-06,1.0792864e-10,7.0176925e-06,0.99993885,4.002038e-05,1.4840447e-06,1.0754689e-09
Mymensingh/mymn664.wav,val,6.0433524e-07,3.672568e-05,4.876148e-07,1.1082052e-10,0.0001001204,0.99983406,1.1506727e-05,1.6449272e-05,2.3998754e-09
Mymensingh/mymn670.wav,val,1.125633e-06,0.08597013,0.00026762343,1.5128035e-06,0.0008704052,0.030148782,7.029784e-05,0.8826691,1.1445799e-06
Mymensingh/mymn671.wav,test,8.4454547e-07,5.2348532e-05,9.62408e-07,2.67448e-10,8.419632e-05,0.9998067,2.3287568e-05,3.1664174e-05,4.7550732e-09
Mymensingh/mymn678.wav,val,0.0008052247,5.7896723e-05,0.00055386056,7.966242e-06,0.00010170382,0.1132713,0.88436526,0.0007645795,7.2101415e-05
Mymensingh/mymn68.wav,val,7.337288e-06,3.1390442e-05,3.1301923e-07,4.0840292e-10,0.0002021304,0.9997216,3.4404446e-05,2.890487e-06,5.295381e-09
Mymensingh/mymn681.wav,test,5.9415635e-07,1.1657723e-05,1.5035632e-06,7.418396e-11,6.89625e-06,0.9999516,2.5938632e-05,1.8252795e-06,1.2021653e-09
Mymensingh/mymn682.wav,test,3.5274459e-06,1.1352688e-05,1.0625639e-06,1.7461671e-10,1.1503874e-05,0.99990845,6.316093e-05,9.432731e-07,2.1101771e-09
Mymensingh/mymn683.wav,test,9.879429e-07,4.376577e-05,1.4540474e-06,1.9856435e-10,1.3664534e-05,0.9999244,1.4055294e-05,1.642609e-06,1.2779318e-09
Mymensingh/mymn684.wav,val,2.9834036e-06,5.774292e-06,8.4500516e-07,1.02494076e-10,8.154574e-06,0.9999169,6.483515e-05,6.375581e-07,1.463712e-09
Mymensingh/mymn686.wav,test,0.0035555125,0.00064584176,0.00022543372,1.5732377e-06,0.00015582833,0.9654808,0.029888354,4.2339325e-05,4.3208934e-06
Mymensingh/mymn689.wav,test,0.000471733,9.4177395e-11,5.145422e-06,8.661805e-08,3.4335407e-08,1.0014712e-05,0.9995036,8.692726e-07,8.567451e-06
Mymensingh/mymn690.wav,test,0.0022377067,5.6388595e-11,2.8119653e-06,7.197998e-08,4.9442864e-08,2.5199482e-05,0.99772984,8.311039e-08,4.198876e-06
Mymensingh/mymn691.wav,test,0.06503109,0.2933928,0.0038358127,0.0006231491,0.001901918,0.62991136,0.0052216775,6.164194e-05,2.0643802e-05
Mymensingh/mymn695.wav,test,6.187603e-05,9.668129e-11,4.2393444e-06,5.988023e-09,3.2088966e-08,0.00014512365,0.9997861,1.1440561e-06,1.4867259e-06
Mymensingh/mymn696.wav,test,3.9083207e-07,4.4569137e-05,1.6484928e-06,1.5437789e-10,1.2951163e-05,0.9999275,1.000731e-05,2.9193675e-06,1.292679e-09
Mymensingh/mymn707.wav,val,0.00020751826,6.495691e-07,6.841633e-05,4.055875e-08,9.625967e-06,0.19584711,0.8038086,5.5645694e-05,2.409569e-06
Mymensingh/mymn708.wav,val,0.00013852122,1.4363529e-08,1.44895885e-05,7.723669e-08,1.3913501e-06,0.0021006537,0.9977188,2.0063253e-05,5.9779823e-06
Mymensingh/mymn712.wav,test,0.9956398,5.669954e-09,5.5181954e-07,8.169442e-06,3.977119e-06,1.0321796e-05,0.0043308316,2.108781e-09,6.325728e-06
Mymensingh/mymn714.wav,test,1.45054e-06,1.885214e-05,9.516803e-07,1.2606007e-10,1.2952402e-05,0.9999536,1.1753392e-05,5.2059926e-07,8.484903e-10
Mymensingh/mymn715.wav,test,7.959789e-07,4.969252e-05,1.7387717e-06,2.049483e-10,1.7109325e-05,0.99991846,1.0385241e-05,1.793106e-06,1.3398841e-09
Mymensingh/mymn716.wav,test,5.347767e-06,5.0737134e-07,8.446811e-07,6.7781725e-11,7.6414035e-06,0.99913615,0.0008484661,1.1114228e-06,3.3261058e-09
Mymensingh/mymn718.wav,test,3.9889787e-06,1.301367e-06,5.428973e-07,5.6537885e-11,7.073747e-06,0.9998524,0.00013427973,3.3144167e-07,1.2605458e-09
Mymensingh/mymn719.wav,test,1.5200253e-06,1.6217453e-05,3.7120915e-07,8.1063524e-11,2.4991969e-05,0.99994886,7.5374446e-06,4.19633e-07,6.138649e-10
Mymensingh/mymn720.wav,test,8.669225e-07,2.1145845e-05,6.168936e-07,9.399357e-11,1.765294e-05,0.999951,8.003953e-06,6.839822e-07,5.925763e-10
Mymensingh/mymn723.wav,val,5.749118e-07,1.9605324e-05,8.1160346e-07,7.855167e-11,1.2137021e-05,0.999959,7.1656314e-06,7.119798e-07,4.6841714e-10
Mymensingh/mymn724.wav,test,2.4222165e-06,9.256747e-06,4.3785303e-07,1.1724148e-10,2.8443834e-05,0.9999292,2.9203262e-05,9.2921925e-07,1.802996e-09
Mymensingh/mymn727.wav,test,1.271515e-06,1.0853365e-05,4.944124e-07,6.873714e-11,1.7624548e-05,0.99995494,1.4245977e-05,6.2615266e-07,8.035424e-10
Mymensingh/mymn728.wav,test,0.046335347,8.9635785e-07,1.7678609e-06,1.113175e-08,0.0001398724,0.9424036,0.011118086,9.378044e-08,2.8195632e-07
Mymensingh/mymn729.wav,test,1.0384898e-05,5.325598e-06,1.7533326e-06,3.7924638e-10,1.8095698e-05,0.9997367,0.00022657764,1.1202113e-06,5.3061884e-09
Mymensingh/mymn730.wav,test,2.6574016e-06,4.026251e-05,2.79496e-07,1.8812536e-10,0.00015471822,0.99979097,9.014849e-06,2.1193866e-06,2.4659668e-09
Mymensingh/mymn732.wav,test,1.2123009e-05,1.6209495e-05,8.349167e-07,2.5977367e-10,3.539686e-05,0.9998996,3.5297857e-05,5.0333506e-07,2.7420581e-09
Mymensingh/mymn739.wav,val,8.0338646e-07,4.6797727e-06,8.045787e-07,4.9737367e-11,5.7340226e-06,0.9999558,3.1641182e-05,5.9815454e-07,6.1746247e-10
Mymensingh/mymn749.wav,val,2.4577986e-07,5.6286244e-05,1.6203783e-06,1.4149236e-10,1.3887411e-05,0.9999167,7.668536e-06,3.524815e-06,1.0413158e-09
Mymensingh/mymn757.wav,test,8.2695396e-07,1.2939389e-05,1.7077689e-06,2.0408872e-10,1.8566718e-05,0.9998373,0.00011619858,1.23514565e-05,4.2949497e-09
Mymensingh/mymn76.wav,test,0.002991868,2.6189426e-05,0.00011303193,2.8538352e-06,0.00058600673,0.4801009,0.51598215,0.00018633345,1.060112e-05
Mymensingh/mymn760.wav,test,0.0014532314,0.002047736,0.0006724959,9.005853e-06,0.00048854534,0.9071077,0.08738852,0.00078413374,4.8540725e-05
Mymensingh/mymn763.wav,val,4.3280183e-05,8.811408e-05,1.4000738e-05,1.0367355e-08,3.7190348e-05,0.99856454,0.0012370805,1.5756488e-05,1.13723296e-07
Mymensingh/mymn764.wav,val,4.5077576e-07,0.00011744513,3.7602588e-06,3.8938106e-10,1.2301238e-05,0.9998411,1.8292312e-05,6.7066085e-06,2.0972877e-09
Mymensingh/mymn791.wav,test,1.3816472e-06,0.99740195,1.0788346e-05,1.2558651e-05,0.00023369405,0.0023257628,9.081865e-08,1.369734e-05,6.032336e-08
Mymensingh/mymn792.wav,test,8.8134286e-08,0.9999254,1.3764491e-06,9.197552e-06,3.226513e-05,3.05294e-05,6.685575e-10,1.1224226e-06,2.2635998e-09
Mymensingh/mymn793.wav,test,1.4266751e-05,0.096575856,0.00010130618,8.424752e-07,0.00060182065,0.9025186,5.4072738e-05,0.00013305122,2.298569e-07
Mymensingh/mymn794.wav,test,1.1809038e-05,1.7013124e-05,1.719326e-05,6.2528214e-09,1.420715e-05,0.99612325,0.0038083398,8.230533e-06,6.988154e-08
Mymensingh/mymn795.wav,test,0.004067119,0.005757136,0.00025586513,0.97298276,0.0015076023,2.6424494e-05,0.00027457808,6.583159e-05,0.015062644
Mymensingh/mymn796.wav,test,1.9616145e-05,0.87878025,7.513544e-05,5.379018e-06,0.0006883814,0.12037773,4.521495e-06,4.872994e-05,2.4116582e-07
Mymensingh/mymn797.wav,test,8.597493e-06,0.23826876,3.92352e-05,2.6236245e-07,0.0006313692,0.7610094,4.1785993e-06,3.8165104e-05,2.8748465e-08
Mymensingh/mymn80.wav,val,4.3472517e-07,6.8737056e-05,4.9465643e-07,1.06864836e-10,5.156531e-05,0.9998734,3.2959758e-06,2.057004e-06,6.677046e-10
Mymensingh/mymn803.wav,test,1.1791949e-06,0.9927982,6.8062395e-06,4.108402e-06,0.00039186914,0.0067881867,6.335769e-08,9.467415e-06,3.169811e-08
Mymensingh/mymn804.wav,test,0.001092575,0.007989114,0.0012382972,6.0784925e-05,0.0030325283,0.9623212,0.022801287,0.0013204232,0.00014377167
Mymensingh/mymn805.wav,test,1.12885e-08,0.99993813,7.7312035e-07,1.3612142e-06,2.1482316e-05,3.67616e-05,1.7354775e-10,1.5373251e-06,6.048222e-10
Mymensingh/mymn806.wav,test,2.3632456e-05,0.99724364,7.7006196e-05,0.0015529118,0.00027674774,0.0008181452,6.628777e-07,6.741116e-06,5.721267e-07
Mymensingh/mymn807.wav,test,0.0016169348,0.6555195,0.0010020086,0.00051223004,0.0049343556,0.33563262,0.0005522852,0.00020113101,2.893422e-05
Mymensingh/mymn808.wav,test,0.00034169137,0.0040425756,0.00039471276,6.587696e-06,0.00048581,0.98822206,0.006388709,0.000112895075,4.9743617e-06
Mymensingh/mymn809.wav,test,0.0003263064,0.0020193753,0.00027549258,3.3791252e-06,0.00062565476,0.9882018,0.008390366,0.00015012335,7.5222124e-06
Mymensingh/mymn810.wav,test,0.018764805,1.693264e-05,0.0025311345,0.01644081,0.0001436184,0.00078645593,0.94394714,0.00028897534,0.017080028
Mymensingh/mymn811.wav,test,0.0026647,0.5834044,0.0012446825,0.0014240154,0.013314816,0.3956942,0.0017092511,0.0004928252,5.107533e-05
Mymensingh/mymn814.wav,test,4.2308287e-07,1.0900436e-05,1.658689e-06,9.5540055e-11,5.8460905e-06,0.9999434,3.6264482e-05,1.556979e-06,1.0968614e-09
Mymensingh/mymn829.wav,val,3.9634813e-07,1.2849674e-05,5.6625555e-07,5.200684e-11,1.4581849e-05,0.9999578,1.23305945e-05,1.4460226e-06,4.8035964e-10
Mymensingh/mymn830.wav,val,3.2148472e-07,2.5837766e-05,5.6567796e-07,7.299439e-11,2.9297631e-05,0.99993396,6.844048e-06,3.1326686e-06,7.3821627e-10
Mymensingh/mymn856.wav,val,4.4810844e-07,8.4132e-06,1.1713975e-06,5.0900385e-11,5.084079e-06,0.9999603,2.3414952e-05,1.0528796e-06,6.4668104e-10
Mymensingh/mymn857.wav,test,3.1692377e-07,3.2175776e-05,1.0882505e-06,8.4183105e-11,1.2972731e-05,0.99994457,6.9103103e-06,1.9531653e-06,7.0266043e-10
Mymensingh/mymn863.wav,test,5.6231517e-07,1.3338896e-05,6.268874e-07,5.587261e-11,1.746967e-05,0.99995196,1.411298e-05,1.8506554e-06,7.980216e-10
Mymensingh/mymn865.wav,val,2.272708e-07,4.2961063e-05,1.7588803e-06,9.614541e-11,1.1009054e-05,0.9999347,6.703419e-06,2.7675426e-06,6.547977e-10
Mymensingh/mymn866.wav,test,4.575522e-06,0.00015770295,1.7855042e-06,5.340442e-10,4.7666486e-05,0.9997689,1.6564687e-05,2.817086e-06,4.712962e-09
Mymensingh/mymn867.wav,val,6.317335e-07,1.526374e-05,8.480821e-07,7.671354e-11,1.1689262e-05,0.9999583,1.2273816e-05,1.07595e-06,8.181848e-10
Mymensingh/mymn868.wav,val,4.9538596e-07,2.3050641e-05,1.1028321e-06,9.528173e-11,1.2981762e-05,0.999948,1.2447631e-05,1.8631326e-06,1.0897493e-09
Mymensingh/mymn869.wav,val,1.2849742e-06,9.691133e-06,8.0932637e-07,6.1977846e-11,7.880412e-06,0.9999579,2.1921245e-05,5.12674e-07,7.1838435e-10
Mymensingh/mymn873.wav,val,6.2704714e-07,1.8811774e-05,6.0553975e-07,6.8762065e-11,1.6762187e-05,0.99995303,8.993509e-06,1.157499e-06,7.164132e-10
Mymensingh/mymn874.wav,val,4.901774e-07,1.0651978e-05,7.9176414e-07,5.1661432e-11,8.883898e-06,0.9999622,1.5985694e-05,1.0940065e-06,6.0799904e-10
Mymensingh/mymn875.wav,val,6.3605717e-07,1.352312e-05,6.569761e-07,5.911811e-11,1.1839817e-05,0.9999614,1.119164e-05,8.7971904e-07,6.5586264e-10
Mymensingh/mymn876.wav,val,4.0423376e-07,2.2369177e-05,1.1801592e-06,7.905776e-11,8.3405e-06,0.9999572,9.400901e-06,1.1054052e-06,5.918254e-10
Mymensingh/mymn877.wav,val,4.954713e-07,2.6536834e-05,6.789258e-07,7.008259e-11,1.6227907e-05,0.99994767,6.9849034e-06,1.2725769e-06,6.201674e-10
Mymensingh/mymn879.wav,test,1.6603383e-06,1.0621743e-05,4.9984834e-07,7.091619e-11,1.4235167e-05,0.999954,1.8408731e-05,5.885117e-07,1.0155373e-09
Mymensingh/mymn881.wav,test,6.5050665e-07,1.729103e-05,8.810635e-07,8.3224955e-11,1.0935902e-05,0.99995303,1.5975353e-05,1.1744494e-06,8.959223e-10
Mymensingh/mymn882.wav,val,7.4639956e-07,2.3921817e-05,6.8690963e-07,8.3088e-11,1.6952159e-05,0.9999465,1.014676e-05,1.1281577e-06,8.9580365e-10
Mymensingh/mymn886.wav,val,3.3660137e-07,1.6805587e-05,1.4137215e-06,7.071139e-11,6.6365756e-06,0.999961,1.2567348e-05,1.228921e-06,5.491267e-10
Mymensingh/mymn887.wav,val,1.8823593e-07,4.6764275e-05,2.9478854e-06,1.0722276e-10,8.0977725e-06,0.9999231,1.3123604e-05,5.8449964e-06,8.1218093e-10
Mymensingh/mymn895.wav,val,1.0497018e-06,1.5408421e-05,7.243292e-07,7.981447e-11,1.4127391e-05,0.999954,1.3803989e-05,9.054918e-07,1.071137e-09
Mymensingh/mymn896.wav,test,1.0592371e-06,1.0661107e-05,5.554021e-07,6.636524e-11,1.408296e-05,0.9999567,1.6113796e-05,8.3006654e-07,9.355684e-10
Mymensingh/mymn897.wav,test,7.406617e-07,1.7106018e-05,6.275725e-07,6.6167516e-11,1.3713453e-05,0.999956,1.0843953e-05,9.4577706e-07,7.043136e-10
Mymensingh/mymn900.wav,test,1.503686e-06,3.2837466e-05,3.1791726e-07,1.1102742e-10,8.1835286e-05,0.999874,7.3878764e-06,2.1612395e-06,1.5700807e-09
Mymensingh/mymn901.wav,test,1.4266319e-06,6.853036e-05,6.128943e-07,1.7243076e-10,3.7145994e-05,0.99988604,5.257977e-06,9.025775e-07,1.0200418e-09
Mymensingh/mymn902.wav,test,4.5444375e-07,3.3525845e-05,7.707918e-07,8.24998e-11,1.6968925e-05,0.9999411,5.880572e-06,1.2902365e-06,6.1753236e-10
Mymensingh/mymn903.wav,test,4.6295813e-07,0.00011599463,7.700572e-07,1.397158e-10,3.5612775e-05,0.999843,2.5972806e-06,1.5555316e-06,5.791854e-10
Mymensingh/mymn904.wav,test,1.2301604e-06,6.6441324e-05,8.173147e-07,2.3543295e-10,3.436205e-05,0.9998884,7.3863275e-06,1.4093639e-06,1.4720554e-09
Mymensingh/mymn905.wav,test,5.284908e-07,5.2996656e-05,8.791123e-07,1.357698e-10,2.0764837e-05,0.999918,5.4440306e-06,1.3410717e-06,8.0234874e-10
Mymensingh/mymn907.wav,val,5.8830403e-07,1.3660822e-05,8.990221e-07,8.2638195e-11,1.2348847e-05,0.9999465,2.4113855e-05,1.8590105e-06,1.2000972e-09
Mymensingh/mymn909.wav,val,7.4613854e-07,3.0013503e-05,1.0089268e-06,1.0474652e-10,1.2663971e-05,0.99994195,1.2338232e-05,1.2717604e-06,9.359686e-10
Mymensingh/mymn918.wav,test,4.6630512e-07,4.168078e-05,1.1508125e-06,1.3063202e-10,1.5931917e-05,0.9999312,7.953998e-06,1.5560619e-06,8.084565e-10
Mymensingh/mymn924.wav,test,7.3215697e-06,5.014429e-07,1.4163952e-06,7.080729e-11,2.8223856e-06,0.99901474,0.00097273645,4.922851e-07,2.4634412e-09
Mymensingh/mymn925.wav,val,9.909804e-07,7.984161e-06,7.4363766e-07,5.8243e-11,7.557817e-06,0.9999634,1.8744386e-05,5.7764635e-07,6.7113315e-10
Mymensingh/mymn926.wav,val,3.1075797e-06,1.0225506e-05,6.042321e-07,1.3985121e-10,2.0724065e-05,0.9999248,3.9463706e-05,1.0419558e-06,2.1151034e-09
Mymensingh/mymn927.wav,val,9.321797e-07,6.4810106e-06,9.162472e-07,5.916395e-11,5.970871e-06,0.99995637,2.863095e-05,7.149036e-07,8.131085e-10
Mymensingh/mymn928.wav,test,1.1271266e-06,4.670429e-06,9.564011e-07,6.213261e-11,5.880784e-06,0.99992466,6.19384e-05,8.812309e-07,9.2063374e-10
Mymensingh/mymn929.wav,test,0.005939777,1.8242927e-09,5.8016203e-06,4.6062443e-08,5.4389676e-07,0.0022532137,0.99179864,1.925118e-07,1.7663998e-06
Mymensingh/mymn931.wav,val,9.596417e-07,8.89936e-06,1.028098e-06,7.823348e-11,7.2483476e-06,0.99995506,2.5907968e-05,8.2264864e-07,9.405982e-10
Mymensingh/mymn933.wav,test,1.4530025e-05,1.6036213e-06,1.1303671e-06,1.904616e-10,8.02575e-06,0.9992587,0.0007153962,6.1034643e-07,3.999018e-09
Mymensingh/mymn934.wav,test,3.1797048e-05,1.0275583e-06,2.6901482e-06,3.0064365e-10,3.811323e-06,0.99837554,0.0015846551,3.7665444e-07,6.1529466e-09
Mymensingh/mymn936.wav,val,1.4962244e-06,2.255651e-06,1.1103366e-06,5.4765453e-11,3.7268505e-06,0.99988806,0.00010272002,5.6869345e-07,9.738156e-10
Mymensingh/mymn937.wav,test,4.5164766e-06,1.4978041e-06,1.5386659e-06,1.14447674e-10,4.267559e-06,0.99948525,0.000502034,7.9468316e-07,2.9282554e-09
Mymensingh/mymn938.wav,test,0.002180401,1.8900304e-09,2.7446686e-06,3.562362e-09,1.321748e-06,0.023728643,0.9740859,4.0756188e-07,5.393687e-07
Mymensingh/mymn939.wav,test,6.5187865e-05,1.4489958e-05,2.3877385e-06,9.46771e-10,2.8862847e-05,0.99957854,0.00030892296,1.5435612e-06,2.192435e-08
Mymensingh/mymn940.wav,val,0.00046332466,9.423758e-06,2.045874e-05,1.9653116e-08,2.5679636e-05,0.9574222,0.042051192,7.2372663e-06,2.8689698e-07
Mymensingh/mymn941.wav,val,1.7846473e-07,0.9991744,5.691361e-06,2.109977e-06,4.9194517e-05,0.0007540289,1.2266912e-08,1.4491906e-05,5.4556017e-09
Mymensingh/mymn942.wav,val,2.6867136e-05,0.026401836,0.00019423383,7.1562584e-07,0.00042255947,0.9711133,0.0004785432,0.0013611487,7.8122787e-07
Mymensingh/mymn951.wav,test,4.0395074e-07,2.3721395e-05,1.1472181e-06,8.526505e-11,9.996747e-06,0.9999529,1.042731e-05,1.4699964e-06,7.776917e-10
Mymensingh/mymn960.wav,val,0.09098268,0.4209958,0.003007454,0.010338613,0.0708444,0.3879132,0.0041546253,0.0016469936,0.010116295
Mymensingh/mymn961.wav,val,6.5428173e-07,0.00023722913,5.961111e-07,3.8327147e-10,0.00018056703,0.99957305,2.2443808e-06,5.5446435e-06,2.048354e-09
Mymensingh/mymn962.wav,val,4.574623e-07,2.5875948e-05,7.0827133e-07,9.2122796e-11,2.1366282e-05,0.9999429,6.9183097e-06,1.7522214e-06,7.727823e-10
Mymensingh/mymn963.wav,val,5.2493607e-07,1.0673709e-05,1.222498e-06,1.01101696e-10,1.9948893e-05,0.99992216,3.696005e-05,8.4338935e-06,2.5303404e-09
Mymensingh/mymn964.wav,val,0.87926733,1.7844247e-06,2.3200337e-06,6.893934e-07,0.0018878253,0.070243366,0.048566476,2.1096323e-06,2.8125934e-05
Mymensingh/mymn969.wav,val,2.6433995e-07,6.97635e-05,7.1208825e-07,1.4505404e-10,6.988989e-05,0.9998405,5.5432397e-06,1.3296921e-05,1.5707201e-09
Mymensingh/mymn974.wav,val,5.8766886e-07,3.7034384e-05,7.859035e-07,1.6817986e-10,3.7062826e-05,0.9999105,1.0180785e-05,3.834755e-06,1.631185e-09
Mymensingh/mymn979.wav,val,4.9257915e-07,6.760599e-05,7.198892e-07,1.8070659e-10,4.500113e-05,0.9998784,4.9301557e-06,2.8104203e-06,1.1496103e-09
Mymensingh/mymn980.wav,val,1.0581348e-06,2.4536168e-05,3.8521944e-06,1.1308674e-09,3.5879548e-05,0.9995766,0.00031620424,4.179582e-05,9.631918e-09
Mymensingh/mymn999.wav,val,5.674861e-07,7.106144e-05,6.150236e-07,1.8497455e-10,5.6753703e-05,0.9998647,3.9343136e-06,2.388222e-06,1.0859962e-09
Shylet/shlt1.wav,test,3.3405515e-05,4.3669508e-05,1.9186036e-06,0.9999027,2.0132238e-06,8.608077e-10,2.6305758e-08,1.3467122e-08,1.6268723e-05
Shylet/shlt10.wav,val,7.83532e-05,2.5609212e-05,2.9373077e-06,0.9993032,3.2103187e-06,1.4379473e-09,1.7349804e-07,9.613543e-08,0.0005863914
Shylet/shlt11.wav,val,0.01376745,2.3601919e-05,3.7978087e-05,0.81569767,0.00012707032,2.0553277e-07,0.00016488422,8.270377e-06,0.17017289
Shylet/shlt12.wav,val,0.007848895,0.000703407,7.276785e-05,0.8944073,0.0006460369,1.7911008e-06,0.000107686974,3.905632e-05,0.0961731
Shylet/shlt124.wav,test,2.6041353e-06,4.0724785e-10,1.0776832e-08,1.0190556e-05,3.909973e-07,1.2815819e-10,9.1470076e-07,9.726331e-07,0.99998486
Shylet/shlt125.wav,test,3.4784673e-06,7.4130124e-10,1.41338345e-08,2.7612326e-05,4.965557e-07,1.1996111e-10,7.0016495e-07,6.9334476e-07,0.9999671
Shylet/shlt126.wav,test,2.3684074e-06,3.123475e-10,1.1853691e-08,4.738371e-06,3.76149e-07,2.0594255e-10,1.4088815e-06,1.4453186e-06,0.9999896
Shylet/shlt127.wav,test,1.7093837e-06,3.0288524e-10,1.0557735e-08,4.7123567e-06,3.6823505e-07,1.7227328e-10,1.0581675e-06,1.4112823e-06,0.9999908
Shylet/shlt128.wav,test,1.752025e-06,2.979584e-10,1.0897271e-08,2.955588e-06,3.5855146e-07,2.22082e-10,1.2545745e-06,1.6270011e-06,0.999992
Shylet/shlt129.wav,test,1.3610513e-06,3.259532e-10,1.175692e-08,5.6102454e-06,3.147985e-07,1.3640619e-10,9.25254e-07,1.6746326e-06,0.9999901
Shylet/shlt13.wav,val,7.949965e-06,5.551296e-09,4.44534e-08,0.0004138543,1.7497849e-06,2.2925176e-10,9.967179e-07,1.3969486e-06,0.9995739
Shylet/shlt130.wav,test,1.4079579e-06,3.6956962e-10,1.118185e-08,2.8571862e-06,3.9065827e-07,2.4108382e-10,1.1681558e-06,2.2401175e-06,0.9999919
Shylet/shlt131.wav,test,1.6731233e-06,3.5416975e-10,1.2542794e-08,2.981206e-06,4.0350278e-07,2.88469e-10,1.410168e-06,1.9740194e-06,0.99999154
Shylet/shlt132.wav,test,1.972919e-06,2.346092e-10,9.539804e-09,2.681029e-06,3.495259e-07,2.2028525e-10,1.3618082e-06,1.4376553e-06,0.999992
Shylet/shlt133.wav,test,1.1516954e-06,2.6618305e-10,1.346142e-08,2.161081e-06,2.9604058e-07,2.5838395e-10,1.5146431e-06,2.4818871e-06,0.9999924
Shylet/shlt134.wav,test,1.2268371e-06,2.621676e-10,1.3747905e-08,2.5722095e-06,3.1618674e-07,2.540434e-10,1.5398114e-06,2.4356048e-06,0.9999919
Shylet/shlt135.wav,test,2.248625e-06,5.095922e-10,1.1606387e-08,9.723656e-06,3.8939532e-07,1.3818104e-10,7.604442e-07,1.088607e-06,0.9999858
Shylet/shlt136.wav,test,1.9975623e-06,3.293162e-10,8.881017e-09,6.3582006e-06,3.7189287e-07,1.304902e-10,8.1006385e-07,1.0017512e-06,0.9999894
Shylet/shlt137.wav,test,1.6164975e-06,2.4913874e-10,9.456772e-09,3.061877e-06,4.046261e-07,2.0442412e-10,1.3102174e-06,1.886866e-06,0.99999166
Shylet/shlt138.wav,test,2.0040738e-06,5.2818433e-10,1.0429162e-08,1.0710327e-05,4.1957904e-07,1.2218197e-10,6.2645347e-07,9.471677e-07,0.9999852
Shylet/shlt139.wav,test,1.8734451e-06,2.863888e-10,9.850129e-09,4.276462e-06,4.074754e-07,1.8135153e-10,1.1866067e-06,1.5746707e-06,0.9999907
Shylet/shlt14.wav,val,0.00088668836,0.0015640133,2.0090276e-05,0.9965581,8.632982e-05,1.435449e-07,1.8310897e-06,2.152639e-06,0.0008807141
Shylet/shlt140.wav,test,1.6793699e-06,6.2634875e-10,2.0212163e-08,8.376563e-07,5.21856e-07,1.0238215e-09,2.9211658e-06,6.620769e-06,0.99998736
Shylet/shlt15.wav,val,1.1091629e-05,3.2277558e-06,5.349459e-07,0.99982846,7.2793176e-07,7.4369746e-11,1.5699742e-08,1.0438752e-08,0.00015595285
Shylet/shlt16.wav,val,0.0038935659,0.00030215227,3.2619217e-05,0.9912633,0.00010967846,2.8754204e-07,1.3077893e-05,2.273501e-06,0.004383161
Shylet/shlt165.wav,test,6.4060255e-06,9.590828e-08,3.1358215e-06,1.0665759e-06,3.8145315e-06,2.281832e-07,0.00010671762,0.0011131053,0.99876535
Shylet/shlt17.wav,val,6.0489376e-05,9.2186986e-07,1.1326895e-06,0.9441701,5.0790927e-06,2.0515518e-10,3.0934953e-07,2.795604e-07,0.05576171
Shylet/shlt176.wav,test,3.86777e-06,5.0915623e-09,3.9216747e-08,2.183205e-06,1.991981e-06,3.5288608e-09,2.541141e-06,7.340837e-06,0.999982
Shylet/shlt177.wav,test,1.8038344e-06,5.653486e-10,1.44961785e-08,1.0264e-06,5.6462045e-07,7.8844387e-10,2.0148423e-06,3.4703564e-06,0.99999106
Shylet/shlt178.wav,test,1.0655059e-06,4.2061787e-10,1.16002665e-08,2.1494047e-06,4.1437755e-07,3.0144665e-10,1.1215895e-06,2.7678427e-06,0.9999925
Shylet/shlt179.wav,test,1.7063552e-06,2.635726e-10,1.00678985e-08,1.7464006e-06,4.233514e-07,3.2921546e-10,1.6567324e-06,2.0609307e-06,0.9999924
Shylet/shlt18.wav,val,0.003954691,0.00014270551,2.1369877e-05,0.99529845,5.6130244e-05,1.327616e-07,5.9113754e-06,5.112077e-07,0.0005201192
Shylet/shlt185.wav,test,1.5116666e-06,7.0219447e-10,1.7303117e-08,7.3138744e-07,6.680496e-07,1.1612106e-09,2.2545944e-06,5.882861e-06,0.9999888
Shylet/shlt186.wav,test,1.2058395e-06,3.2613473e-10,1.5053224e-08,1.9609793e-06,3.206983e-07,3.1995365e-10,1.6407065e-06,2.876801e-06,0.9999919
Shylet/shlt187.wav,test,1.406857e-06,2.9566663e-10,1.1834874e-08,1.8524134e-06,4.1397192e-07,3.0890063e-10,1.6623133e-06,2.9799244e-06,0.99999166
Shylet/shlt188.wav,test,1.0462702e-06,3.0260394e-10,1.30941515e-08,1.3649607e-06,4.0092013e-07,3.7132925e-10,1.8763432e-06,4.7067733e-06,0.9999906
Shylet/shlt189.wav,test,1.7644539e-06,2.5600452e-10,1.0457134e-08,3.2290516e-06,3.7001755e-07,2.0521751e-10,1.4275308e-06,1.8146604e-06,0.9999914
Shylet/shlt19.wav,val,4.0176168e-05,1.0025864e-06,1.1977413e-06,0.938914,5.23366e-06,1.8812717e-10,2.7754132e-07,4.4458326e-07,0.06103762
Shylet/shlt190.wav,test,1.3665777e-06,4.8695914e-10,1.4411642e-08,1.0502777e-06,4.6877526e-07,6.508755e-10,1.6874518e-06,3.3692709e-06,0.99999213
Shylet/shlt2.wav,val,2.064203e-05,3.1367383e-06,5.8825316e-07,0.99636936,3.0086078e-06,1.2399623e-10,5.1338525e-08,1.09949895e-07,0.0036031217
Shylet/shlt20.wav,val,0.016466413,0.00012709963,2.7837053e-05,0.9751967,0.0001714858,4.0431735e-07,3.8258542e-05,1.6514383e-06,0.007970084
Shylet/shlt21.wav,val,2.8367263e-05,8.133711e-07,9.960985e-07,0.93443906,3.6733134e-06,1.203578e-10,2.1873221e-07,3.7387053e-07,0.06552656
Shylet/shlt22.wav,val,0.0020167385,0.0011004573,3.3693585e-05,0.99611986,8.7907254e-05,3.8829666e-07,9.152191e-06,2.0070192e-06,0.00062971114
Shylet/shlt23.wav,val,8.74749e-05,7.3294626e-07,1.135636e-06,0.5287544,1.053442e-05,3.4030287e-10,6.876114e-07,1.0602243e-06,0.471144
Shylet/shlt24.wav,val,0.12344455,0.00036999915,0.00040521708,0.6139151,0.0021950332,3.381126e-05,0.0067125107,0.00017780115,0.25274608
Shylet/shlt25.wav,val,7.722451e-06,7.0611063e-06,4.2135795e-07,0.9996737,1.2869389e-06,7.197212e-11,8.6281995e-09,1.934898e-08,0.0003098299
Shylet/shlt26.wav,val,0.0007365754,0.0016674387,2.0112822e-05,0.99719703,0.0001407945,3.1185945e-07,2.1607714e-06,2.016784e-06,0.00023355136
Shylet/shlt27.wav,val,7.4325144e-05,1.8739606e-06,9.626867e-07,0.96234375,4.8572924e-06,2.574905e-10,2.3199047e-07,1.5373168e-07,0.037573934
Shylet/shlt28.wav,val,0.0016996037,0.0008931479,1.4978867e-05,0.99666804,0.000111348476,1.3832775e-07,1.3275027e-06,5.850436e-07,0.0006109431
Shylet/shlt29.wav,val,2.5862782e-06,7.805963e-07,2.6238038e-06,0.99994564,4.7499164e-08,2.5802948e-11,2.1665432e-08,5.025979e-09,4.8228336e-05
Shylet/shlt3.wav,val,0.0028733846,0.0004847503,1.8042847e-05,0.99613637,7.647021e-05,1.8819762e-07,3.4660707e-06,5.3422184e-07,0.00040682123
Shylet/shlt30.wav,val,5.982777e-06,1.591964e-06,5.3067964e-07,0.9994956,6.5964525e-07,3.6441888e-11,1.4529428e-08,1.7626677e-08,0.0004956324
Shylet/shlt31.wav,val,0.00039076456,3.6738138e-06,4.012841e-06,0.9953903,4.3869945e-06,2.0632522e-09,1.3771194e-06,1.0128993e-07,0.004205328
Shylet/shlt32.wav,val,3.3739284e-06,2.270393e-06,1.2974758e-06,0.999923,1.7260736e-07,4.245369e-11,1.4920815e-08,1.297451e-08,6.988299e-05
Shylet/shlt33.wav,val,8.434914e-05,1.6085802e-06,7.565322e-07,0.53930926,3.1221276e-05,5.288695e-10,6.037292e-07,2.3442633e-06,0.46056986
Shylet/shlt34.wav,val,2.0624482e-05,2.5020954e-08,8.829881e-08,0.011756918,3.7457844e-06,1.0980504e-10,5.817227e-07,9.336416e-07,0.98821706
Shylet/shlt35.wav,val,4.4350956e-05,5.1378674e-07,8.5653215e-07,0.98547363,1.981774e-06,1.0506678e-10,2.8133948e-07,1.183382e-07,0.014478271
Shylet/shlt36.wav,val,1.7744864e-05,2.3287632e-06,4.357439e-07,0.9987816,1.5447756e-06,8.294389e-11,3.0299628e-08,2.5893423e-08,0.0011962653
Shylet/shlt37.wav,val,0.0001740463,5.490767e-07,1.7407801e-06,0.85504186,8.889479e-06,4.8212573e-10,1.8117655e-06,7.302289e-07,0.14477044
Shylet/shlt38.wav,val,1.8823486e-05,0.00016151508,9.088785e-07,0.9991757,1.3746836e-05,1.032427e-09,1.8486562e-08,2.0996032e-07,0.00062901987
Shylet/shlt39.wav,val,7.955181e-06,6.755805e-07,3.449059e-06,0.99991393,7.304443e-08,6.487298e-11,7.00667e-08,5.9520637e-09,7.379908e-05
Shylet/shlt4.wav,val,7.530538e-05,7.837722e-07,1.7310106e-06,0.8134895,6.5459058e-06,3.1566233e-10,8.77687e-07,9.0855895e-07,0.1864243
Shylet/shlt40.wav,val,3.447801e-05,5.0096213e-07,1.2905792e-06,0.96790653,1.7689232e-06,1.02630106e-10,2.7119583e-07,1.4669847e-07,0.032055028
Shylet/shlt405.wav,test,1.4091241e-06,3.588256e-10,1.4701381e-08,2.086083e-06,4.170718e-07,3.7320647e-10,1.5361771e-06,2.4446344e-06,0.99999213
Shylet/shlt406.wav,test,2.819367e-06,3.5092634e-10,1.0723993e-08,3.53469e-06,4.94233e-07,2.8500743e-10,1.3153993e-06,1.1713538e-06,0.9999907
Shylet/shlt407.wav,test,2.408044e-06,2.8450317e-10,1.3324569e-08,2.3542323e-06,3.67043e-07,3.5316744e-10,1.7502343e-06,1.3367347e-06,0.9999918
Shylet/shlt408.wav,test,2.0625002e-06,2.9770866e-10,1.1606931e-08,1.9796153e-06,3.7506297e-07,3.3418762e-10,1.4472348e-06,1.4389444e-06,0.9999927
Shylet/shlt409.wav,test,2.2966371e-06,3.0678987e-10,9.022926e-09,5.051034e-06,4.554366e-07,1.6945648e-10,9.662996e-07,1.1640934e-06,0.9999901
Shylet/shlt41.wav,val,5.665302e-05,1.3464147e-06,1.2808578e-06,0.99942255,1.0174899e-06,2.533671e-10,2.0753082e-07,2.4058997e-08,0.0005170085
Shylet/shlt410.wav,test,2.6150774e-06,3.2561923e-10,1.0310454e-08,3.1563113e-06,4.8060093e-07,2.8875954e-10,1.3058234e-06,1.2722936e-06,0.9999912
Shylet/shlt411.wav,test,2.122556e-06,6.464203e-10,2.105036e-08,5.352284e-07,6.9039874e-07,1.7429563e-09,3.740752e-06,6.5516015e-06,0.9999863
Shylet/shlt412.wav,test,1.751062e-06,2.698146e-10,1.485074e-08,2.263248e-06,3.4560884e-07,3.2166378e-10,1.8795077e-06,2.1837257e-06,0.99999154
Shylet/shlt413.wav,test,1.9241763e-06,2.3629004e-10,1.6177497e-08,2.6211385e-06,2.2233338e-07,2.4919575e-10,2.0100395e-06,1.5605298e-06,0.99999166
Shylet/shlt414.wav,test,2.6083549e-06,5.1574006e-10,9.794706e-09,1.7082803e-05,3.932356e-07,8.284983e-11,5.225034e-07,6.8715065e-07,0.9999788
Shylet/shlt415.wav,test,1.6903472e-06,3.959047e-10,1.1402305e-08,3.348082e-06,3.9999836e-07,2.3040297e-10,1.0482121e-06,1.6454685e-06,0.9999919
Shylet/shlt416.wav,test,1.4295716e-06,4.2024176e-10,8.19325e-09,5.8580913e-06,4.1212755e-07,1.2277247e-10,5.4823846e-07,1.2346158e-06,0.99999046
Shylet/shlt417.wav,test,2.1023513e-06,3.358404e-10,1.1073691e-08,1.9181473e-06,5.15086e-07,3.9084547e-10,1.5476642e-06,1.9671118e-06,0.9999919
Shylet/shlt418.wav,test,2.5331415e-06,3.393388e-10,1.0753361e-08,1.4409432e-06,4.7527593e-07,4.704635e-10,1.6604351e-06,1.633851e-06,0.99999225
Shylet/shlt419.wav,test,1.8170465e-06,3.6684977e-10,1.2062504e-08,2.1956405e-06,4.3609197e-07,3.5585201e-10,1.3899609e-06,1.8020037e-06,0.99999225
Shylet/shlt42.wav,val,7.66256e-05,1.2945468e-06,2.1304384e-06,0.663228,1.7023372e-05,6.913437e-10,1.418883e-06,3.352395e-06,0.33667025
Shylet/shlt420.wav,test,2.713642e-06,2.5163951e-10,9.2927435e-09,3.6419813e-06,4.3752712e-07,2.1163149e-10,1.4099137e-06,1.2385204e-06,0.99999046
Shylet/shlt421.wav,test,2.7297847e-06,2.962415e-10,1.4183074e-08,1.25822e-06,4.687495e-07,6.183585e-10,2.757675e-06,2.158336e-06,0.9999906
Shylet/shlt422.wav,test,1.9171896e-06,3.7171358e-10,8.983528e-09,4.1857106e-06,4.183613e-07,1.6708426e-10,8.792354e-07,1.3045476e-06,0.9999913
Shylet/shlt423.wav,test,2.2175548e-06,3.4168432e-10,9.487625e-09,3.3263639e-06,5.39075e-07,2.6296518e-10,1.1709856e-06,1.51017e-06,0.99999106
Shylet/shlt424.wav,test,2.0822006e-06,2.881298e-10,1.3418244e-08,1.1585223e-06,4.3347583e-07,5.3982e-10,2.2238635e-06,2.2558872e-06,0.9999918
Shylet/shlt425.wav,test,1.937706e-06,3.3569628e-10,1.4497185e-08,1.1649927e-06,4.2558773e-07,5.639069e-10,2.159545e-06,2.5603347e-06,0.9999918
Shylet/shlt426.wav,test,7.634878e-06,6.855722e-10,9.94512e-09,1.5004052e-05,8.7147697e-07,2.2429314e-10,8.3389034e-07,4.893888e-07,0.9999752
Shylet/shlt427.wav,test,2.0036443e-06,4.767965e-10,1.1041498e-08,3.968518e-06,5.02513e-07,2.5938457e-10,9.5285304e-07,1.3640363e-06,0.9999912
Shylet/shlt428.wav,test,2.3117573e-06,2.378718e-10,1.503437e-08,8.8132697e-07,4.1867557e-07,7.0331574e-10,3.5426544e-06,2.99583e-06,0.99998975
Shylet/shlt429.wav,test,3.948481e-06,7.157757e-10,1.959943e-08,1.6236262e-06,6.008185e-07,1.0172875e-09,2.197535e-06,1.8280181e-06,0.99998975
Shylet/shlt43.wav,val,8.531936e-05,1.4886814e-06,1.1563409e-06,0.98686254,4.9320906e-06,3.287226e-10,3.6435014e-07,2.0314329e-07,0.013043913
Shylet/shlt430.wav,test,2.9800115e-06,5.2198523e-10,1.26028405e-08,2.859278e-06,5.235909e-07,4.0088233e-10,1.1714707e-06,1.1333187e-06,0.9999913
Shylet/shlt431.wav,test,2.1067713e-06,4.0490236e-10,1.3420628e-08,2.1202557e-06,4.4574134e-07,4.2145368e-10,1.5100994e-06,1.6631209e-06,0.999992
Shylet/shlt432.wav,test,9.084739e-06,1.7990783e-09,2.134997e-08,1.405092e-06,1.4254412e-06,2.8930218e-09,2.527762e-06,1.9712063e-06,0.99998367
Shylet/shlt433.wav,test,3.4136592e-06,2.7855016e-10,1.0488344e-08,2.1241322e-06,5.496195e-07,4.4243276e-10,2.0384687e-06,1.3434322e-06,0.99999046
Shylet/shlt434.wav,test,2.1229605e-06,4.823702e-10,1.4821261e-08,1.555925e-06,5.1376577e-07,5.7003857e-10,1.7786683e-06,2.164626e-06,0.9999919
Shylet/shlt435.wav,test,2.6974667e-06,3.257311e-10,1.03236015e-08,1.8024095e-06,5.482636e-07,4.610301e-10,1.7817948e-06,1.6405758e-06,0.9999914
Shylet/shlt436.wav,test,2.6167647e-06,3.0834751e-10,1.0741843e-08,3.693761e-06,4.7336312e-07,2.781032e-10,1.3834178e-06,1.1693145e-06,0.9999906
Shylet/shlt437.wav,test,1.8648254e-06,2.7237787e-10,9.977399e-09,1.9258093e-06,5.016937e-07,3.4552183e-10,1.5865891e-06,2.0329314e-06,0.99999213
Shylet/shlt438.wav,test,2.6364858e-06,4.5085702e-10,9.137581e-09,2.0176346e-06,6.25275e-07,4.1008505e-10,1.1060947e-06,1.3352002e-06,0.9999924
Shylet/shlt44.wav,val,1.686222e-05,6.7817876e-07,1.1794757e-06,0.9959007,8.1299225e-07,7.199648e-11,9.9243834e-08,6.181519e-08,0.0040795603
Shylet/shlt446.wav,test,2.0871785e-06,3.5610573e-10,1.2176784e-08,3.3154745e-06,3.8633854e-07,2.8654043e-10,1.2581589e-06,1.1837584e-06,0.99999166
Shylet/shlt449.wav,test,1.564944e-06,2.4776184e-10,1.1089951e-08,1.7522664e-06,3.843778e-07,3.1301578e-10,1.6819528e-06,2.1875067e-06,0.9999925
Shylet/shlt45.wav,val,6.0333678e-05,3.6709224e-07,1.6884132e-06,0.31463546,6.6124485e-06,3.7854617e-10,1.5721691e-06,2.1056576e-06,0.6852918
Shylet/shlt454.wav,test,1.8880831e-06,3.443973e-10,1.3668602e-08,1.7302496e-06,4.5202594e-07,4.972676e-10,1.926303e-06,2.0781893e-06,0.9999919
Shylet/shlt455.wav,test,3.4338111e-06,7.4008083e-10,1.1591151e-08,2.0238592e-06,7.93581e-07,6.242682e-10,1.393089e-06,1.9219235e-06,0.99999034
Shylet/shlt458.wav,test,1.7888615e-06,2.766782e-10,1.1535745e-08,1.294468e-06,4.4157838e-07,4.227547e-10,1.8846274e-06,2.6152063e-06,0.9999919
Shylet/shlt459.wav,test,1.9622835e-06,3.2519185e-10,9.724175e-09,2.9750358e-06,4.5480854e-07,2.5941493e-10,1.1636126e-06,1.4279076e-06,0.999992
Shylet/shlt46.wav,val,9.573126e-05,1.1141245e-06,8.084423e-07,0.94098645,8.976063e-06,2.3595711e-10,3.2156262e-07,3.1431802e-07,0.058906287
Shylet/shlt460.wav,test,1.6151308e-06,4.4982945e-10,1.34664715e-08,2.5492052e-06,4.936965e-07,3.5911651e-10,1.3155225e-06,2.2441159e-06,0.9999918
Shylet/shlt462.wav,test,2.5567451e-06,3.5442796e-10,1.2210274e-08,4.675493e-06,4.5829117e-07,2.4557062e-10,1.3583161e-06,1.3015359e-06,0.99998975
Shylet/shlt463.wav,test,3.676265e-06,4.2398815e-10,1.9671246e-08,6.189402e-07,5.959287e-07,1.6403144e-09,4.565427e-06,3.423092e-06,0.9999871
Shylet/shlt464.wav,test,2.9142689e-06,5.030183e-10,1.25572415e-08,1.0033801e-05,5.0521226e-07,1.7756863e-10,8.646176e-07,8.799823e-07,0.99998486
Shylet/shlt465.wav,test,1.7271107e-06,3.9811962e-10,1.1392849e-08,7.9894835e-06,3.6520643e-07,1.2774713e-10,7.438205e-07,1.1728932e-06,0.9999881
Shylet/shlt47.wav,val,2.6304439e-05,7.3588586e-07,6.079822e-07,0.9914676,2.0062391e-06,8.0076654e-11,1.2251508e-07,9.389069e-08,0.00850255
Shylet/shlt48.wav,val,6.0810385e-06,1.10121155e-05,3.159667e-06,0.99993324,2.373095e-07,1.4468837e-10,1.3674241e-08,9.289802e-09,4.630348e-05
Shylet/shlt49.wav,val,2.236058e-05,1.3174102e-06,9.274303e-07,0.98997784,2.7018255e-06,1.1666286e-10,9.6920935e-08,1.1540927e-07,0.009994655
Shylet/shlt492.wav,test,1.4402907e-06,5.121851e-10,1.4338534e-08,1.0483575e-06,5.693275e-07,6.8384376e-10,1.7949288e-06,3.7555662e-06,0.9999914
Shylet/shlt498.wav,test,1.3289902e-06,3.3801836e-10,1.792829e-08,1.835014e-06,3.3022616e-07,4.004226e-10,1.9153142e-06,2.634047e-06,0.999992
Shylet/shlt499.wav,test,1.2362707e-06,2.9855912e-10,1.6634331e-08,2.105088e-06,3.1679133e-07,3.4374104e-10,1.8569349e-06,2.5792497e-06,0.9999919
Shylet/shlt5.wav,val,0.0012306786,0.07331906,5.3428626e-05,0.924483,0.00080166146,3.1434704e-06,1.1592969e-06,6.7280553e-06,0.00010107895
Shylet/shlt50.wav,val,5.729141e-06,1.3747708e-06,1.4189695e-06,0.99958473,3.2304993e-07,5.2276492e-11,2.7920215e-08,1.8361272e-08,0.00040629355
Shylet/shlt51.wav,val,2.442083e-05,2.291065e-06,8.898952e-07,0.9997161,9.034686e-07,1.4678873e-10,6.427429e-08,2.3654662e-08,0.0002553429
Shylet/shlt516.wav,test,1.0934957e-06,3.91352e-10,2.0030269e-08,1.7016029e-06,2.991202e-07,4.3722806e-10,1.7901535e-06,3.039166e-06,0.999992
Shylet/shlt517.wav,test,1.1638801e-06,3.5515488e-10,1.3271536e-08,2.9920052e-06,3.7396444e-07,2.4661087e-10,1.2007731e-06,2.3026946e-06,0.999992
Shylet/shlt518.wav,test,1.307892e-06,2.4185784e-10,8.2311296e-09,1.7296871e-06,4.4468453e-07,2.6420344e-10,1.2695155e-06,2.1590986e-06,0.99999297
Shylet/shlt519.wav,test,3.0353883e-06,2.312141e-10,9.6305275e-09,4.8953166e-06,4.4093326e-07,1.953878e-10,1.4540595e-06,1.1984677e-06,0.99998903
Shylet/shlt52.wav,val,5.9925056e-05,6.1952585e-07,1.2996591e-06,0.99580425,1.5455294e-06,1.5056709e-10,3.3717072e-07,6.564088e-08,0.004131967
Shylet/shlt520.wav,test,1.5647132e-06,3.1904016e-10,1.5606046e-08,2.4263036e-06,3.0816437e-07,3.1092406e-10,1.5457053e-06,2.2017375e-06,0.9999919
Shylet/shlt521.wav,test,2.106779e-06,2.7838853e-10,8.28856e-09,1.3696422e-06,5.672347e-07,3.6335934e-10,1.5027276e-06,2.5402935e-06,0.9999918
Shylet/shlt523.wav,test,1.8410958e-06,2.5193223e-10,1.2231087e-08,2.165585e-06,3.85791e-07,2.9068659e-10,1.8080445e-06,2.384983e-06,0.99999154
Shylet/shlt524.wav,test,1.1258824e-06,2.2902684e-10,1.1699456e-08,1.9488655e-06,3.2422042e-07,2.4582522e-10,1.5405874e-06,2.8542297e-06,0.99999225
Shylet/shlt525.wav,test,1.4158032e-06,2.8443065e-10,1.1067342e-08,2.2694337e-06,3.8627107e-07,2.5970717e-10,1.3126372e-06,2.0969724e-06,0.9999925
Shylet/shlt527.wav,test,2.157523e-06,3.887124e-10,9.4484776e-09,5.8197597e-06,4.873006e-07,1.7532842e-10,8.4548014e-07,1.125567e-06,0.9999896
Shylet/shlt528.wav,test,1.6663043e-06,4.9385424e-10,1.1593617e-08,2.7672454e-06,4.0077856e-07,2.8582361e-10,8.0636875e-07,1.2020658e-06,0.9999932
Shylet/shlt529.wav,test,1.1907257e-06,3.162415e-10,1.13878e-08,1.9559352e-06,3.7535477e-07,2.8302863e-10,1.1878028e-06,2.2276997e-06,0.9999931
Shylet/shlt53.wav,val,3.4137036e-05,7.9748753e-07,9.2488284e-07,0.997689,1.2534687e-06,1.1955754e-10,1.6325262e-07,5.1697963e-08,0.002273635
Shylet/shlt530.wav,test,1.2329676e-06,5.958351e-10,1.3163381e-08,1.9900976e-06,4.1294476e-07,3.270934e-10,8.013018e-07,2.0550037e-06,0.99999356
Shylet/shlt538.wav,test,1.3315122e-06,2.8617567e-10,1.5345881e-08,2.1155397e-06,3.4571417e-07,3.4713157e-10,1.7707428e-06,2.4121493e-06,0.999992
Shylet/shlt539.wav,test,1.5814343e-06,4.0251721e-10,1.14859375e-08,2.9619277e-06,4.020137e-07,2.5793842e-10,9.3709025e-07,1.457098e-06,0.9999927
Shylet/shlt54.wav,val,0.0001008665,7.981929e-07,2.2621125e-06,0.31784764,8.914363e-06,1.2316717e-09,3.2903092e-06,2.478916e-06,0.6820338
Shylet/shlt540.wav,test,2.2508063e-06,3.5795997e-10,1.4015522e-08,3.395176e-06,3.6453955e-07,2.6268857e-10,1.3121152e-06,1.3037084e-06,0.9999914
Shylet/shlt541.wav,test,2.169136e-06,3.4277062e-10,1.4485959e-08,2.8047482e-06,3.829852e-07,3.4168643e-10,1.6514938e-06,1.4567962e-06,0.99999154
Shylet/shlt542.wav,test,2.662923e-06,3.6131395e-10,1.2843363e-08,3.46182e-06,4.870125e-07,3.2564512e-10,1.5048728e-06,1.3107308e-06,0.9999906
Shylet/shlt543.wav,test,1.7700835e-06,2.5053304e-10,1.1572434e-08,4.0535397e-06,2.960641e-07,1.7875444e-10,1.1400455e-06,1.0532372e-06,0.99999166
Shylet/shlt544.wav,test,1.4201626e-06,3.8775516e-10,1.1986589e-08,2.5741242e-06,4.6801674e-07,3.017019e-10,1.1783559e-06,2.137721e-06,0.99999213
Shylet/shlt545.wav,test,1.6034631e-06,4.856315e-10,9.78805e-09,6.8198256e-06,4.431737e-07,1.4703683e-10,6.3488363e-07,1.0741894e-06,0.9999895
Shylet/shlt546.wav,test,1.4098617e-06,3.5778333e-10,1.3185897e-08,3.7434422e-06,3.5632203e-07,2.1744283e-10,1.0479031e-06,1.5856505e-06,0.9999918
Shylet/shlt547.wav,test,1.4280267e-06,4.835068e-10,2.1485235e-08,4.913838e-06,3.5236187e-07,3.118517e-10,1.5485584e-06,1.95691e-06,0.99998975
Shylet/shlt549.wav,test,2.420454e-06,3.8109996e-10,1.189817e-08,6.5275767e-06,3.850883e-07,1.732698e-10,9.651903e-07,9.1001476e-07,0.9999889
Shylet/shlt55.wav,val,0.00019895565,2.7466904e-06,1.5217928e-06,0.16269623,5.8684782e-05,3.665195e-09,3.1869365e-06,8.8887755e-06,0.8370298
Shylet/shlt550.wav,test,1.552119e-06,3.155783e-10,1.3205353e-08,3.7868933e-06,3.1058048e-07,2.019967e-10,1.0714296e-06,1.2823002e-06,0.9999919
Shylet/shlt551.wav,test,2.0180942e-06,2.6234526e-10,1.3555952e-08,1.9302113e-06,3.652619e-07,3.75152e-10,1.8481846e-06,1.6824077e-06,0.99999213
Shylet/shlt56.wav,val,1.43631405e-05,0.00757114,0.008298799,0.9841128,2.1656815e-07,1.7123685e-07,3.314651e-07,2.0306703e-07,1.986476e-06
Shylet/shlt562.wav,val,6.421581e-06,1.1200455e-06,2.8435597e-06,0.999624,1.5024722e-07,6.568652e-11,4.8483543e-08,1.720868e-08,0.00036547237
Shylet/shlt563.wav,val,4.7186455e-05,2.224707e-08,8.851777e-08,0.0033788746,6.03412e-06,3.787051e-10,1.3945648e-06,1.2289951e-06,0.9965653
Shylet/shlt564.wav,val,2.7448523e-05,1.8722094e-08,1.6266075e-07,0.012211257,2.4432843e-06,1.3045358e-10,1.2018911e-06,9.072792e-07,0.9877565
Shylet/shlt565.wav,val,5.9921433e-05,3.7827417e-07,8.0402344e-07,0.14860946,1.1778397e-05,4.3601223e-10,1.227981e-06,2.884469e-06,0.85131353
Shylet/shlt566.wav,val,8.570471e-06,1.1573117e-06,1.212874e-06,0.99862957,4.926329e-07,5.6499114e-11,4.4132996e-08,3.598892e-08,0.0013589727
Shylet/shlt567.wav,val,1.7430017e-05,9.68126e-07,1.8694998e-06,0.9502715,2.1129165e-06,1.2271027e-10,2.1304093e-07,4.4826203e-07,0.04970545
Shylet/shlt568.wav,val,3.2136384e-05,5.468627e-07,1.1239894e-06,0.9674817,1.8556087e-06,9.553083e-11,2.330723e-07,1.665167e-07,0.03248227
Shylet/shlt569.wav,val,4.3053355e-05,2.090822e-05,1.0329278e-05,0.9998634,7.5588514e-07,1.5285917e-09,1.2667213e-07,2.1287796e-08,6.152464e-05
Shylet/shlt57.wav,val,2.9223153e-05,5.6015017e-07,1.7027688e-06,0.9955864,7.766931e-07,1.1146579e-10,2.1180016e-07,5.206101e-08,0.0043811104
Shylet/shlt570.wav,val,3.3745162e-06,2.1557455e-06,1.7395487e-06,0.99974436,2.5036326e-07,4.7153233e-11,1.6911251e-08,1.7892596e-08,0.0002481513
Shylet/shlt571.wav,val,5.9540557e-06,1.9465344e-06,1.5159251e-06,0.9998627,2.5670042e-07,5.7453577e-11,1.6821819e-08,7.997746e-09,0.00012762983
Shylet/shlt572.wav,val,0.00094403507,0.0005076131,1.6427648e-06,0.99552697,0.00059844187,4.319342e-08,2.340664e-07,6.0299055e-07,0.0024203372
Shylet/shlt573.wav,val,0.0005799529,0.00042786828,3.634855e-05,0.23450927,0.0005376583,4.62836e-07,2.2036966e-05,0.00027674943,0.7636097
Shylet/shlt574.wav,val,8.955615e-06,2.9828616e-06,1.1159328e-06,0.99972945,5.6948346e-07,1.1919031e-10,3.181256e-08,2.1549488e-08,0.00025687917
Shylet/shlt575.wav,val,0.00020767859,9.142874e-07,3.871353e-06,0.9387253,5.824806e-06,1.1960618e-09,3.3222059e-06,6.4044616e-07,0.06105241
Shylet/shlt576.wav,val,2.228869e-05,3.4520294e-06,5.726543e-07,0.99498147,5.530998e-06,1.6862477e-10,4.8760864e-08,1.4922774e-07,0.0049865297
Shylet/shlt577.wav,val,9.359852e-05,1.7040592e-06,1.4111109e-06,0.9397635,7.1555664e-06,5.236886e-10,5.716774e-07,3.362321e-07,0.060131807
Shylet/shlt578.wav,val,2.357548e-05,1.8058598e-05,6.392972e-06,0.9999378,4.2565767e-07,8.755039e-10,5.5481213e-08,9.0809475e-09,1.3605071e-05
Shylet/shlt579.wav,val,0.00015122925,3.5038165e-06,1.7552471e-06,0.9471768,1.2633839e-05,8.9692725e-10,4.6578754e-07,2.8947014e-07,0.052653227
Shylet/shlt58.wav,val,5.6118344e-05,1.0951659e-06,1.1095083e-06,0.99244225,2.5184431e-06,1.9012163e-10,1.823274e-07,8.319653e-08,0.0074966094
Shylet/shlt580.wav,val,0.00021031413,3.6254178e-06,7.701379e-07,0.9591418,5.7250407e-05,1.4963614e-09,5.6084696e-07,8.08253e-07,0.040584832
Shylet/shlt581.wav,val,3.8730053e-05,1.2951712e-06,5.7196957e-07,0.99033195,3.1464003e-06,1.2528842e-10,1.814829e-07,1.3845481e-07,0.00962396
Shylet/shlt582.wav,val,7.3600655e-05,9.619038e-07,8.2559654e-07,0.8281564,1.1495875e-05,2.2521732e-10,6.0024195e-07,1.3487837e-06,0.17175475
Shylet/shlt583.wav,val,6.038709e-06,2.0278828e-08,6.2731466e-08,0.0012531665,3.2983726e-06,2.3088907e-10,6.739954e-07,2.8450754e-06,0.9987338
Shylet/shlt584.wav,val,2.0988267e-05,9.765017e-07,1.4143355e-06,0.9915297,1.8629283e-06,1.3308288e-10,1.9320899e-07,2.0165612e-07,0.008444635
Shylet/shlt585.wav,val,0.00042168857,1.9290628e-06,1.7641504e-06,0.46507716,2.8312545e-05,2.1027076e-09,4.559449e-06,3.1566692e-06,0.53446144
Shylet/shlt586.wav,val,4.7138e-05,9.437364e-07,7.209455e-07,0.7697788,7.8872245e-06,1.437158e-10,2.634355e-07,6.2693846e-07,0.23016365
Shylet/shlt587.wav,val,4.6818346e-05,1.7458195e-06,9.911292e-07,0.9983211,1.6177448e-06,2.0050821e-10,1.3614472e-07,4.960606e-08,0.0016275552
Shylet/shlt588.wav,val,0.000150926,1.6695058e-06,1.2459798e-06,0.858931,8.7891785e-06,4.0673098e-10,6.900025e-07,5.58537e-07,0.14090523
Shylet/shlt589.wav,val,4.6519806e-05,6.934558e-07,9.4265744e-07,0.7651214,6.61881e-06,1.8323994e-10,3.9444978e-07,5.7107326e-07,0.23482288
Shylet/shlt590.wav,test,0.9455719,0.012302807,0.010419179,0.02114289,0.00031927018,0.0066501754,0.0035287654,2.3759678e-06,6.266905e-05
Shylet/shlt591.wav,val,5.7882094e-06,1.1626704e-06,1.0165626e-06,0.99953294,2.7864812e-07,3.632922e-11,2.017918e-08,1.3815916e-08,0.0004587715
Shylet/shlt592.wav,val,5.8267433e-05,0.000121515746,8.961351e-07,0.99045205,6.383286e-05,1.6609318e-09,2.7137279e-08,3.2016985e-07,0.009303016
Shylet/shlt593.wav,val,1.780975e-05,1.3885779e-06,6.0457387e-07,0.9958192,2.2727406e-06,8.422591e-11,4.692152e-08,5.0479244e-08,0.0041586407
Shylet/shlt594.wav,val,2.5628911e-05,8.930026e-07,9.359033e-07,0.99470055,1.2683801e-06,1.035417e-10,1.3700465e-07,7.831851e-08,0.0052704625
Shylet/shlt595.wav,val,3.9040064e-05,1.983607e-06,1.432186e-06,0.9429952,4.890759e-06,2.376137e-10,2.4682987e-07,4.5951458e-07,0.05695678
Shylet/shlt596.wav,val,0.00014500615,1.3546008e-06,5.7233484e-07,0.9386638,1.8957717e-05,3.4498698e-10,3.782722e-07,3.5458572e-07,0.061169695
Shylet/shlt597.wav,val,0.00037464968,7.612211e-05,4.339518e-06,0.6263958,0.000104563944,9.269684e-09,1.0804429e-06,5.3295294e-06,0.37303808
Shylet/shlt598.wav,val,0.007336294,0.00012201861,1.5678104e-05,0.3194453,0.00079103024,4.462772e-07,3.0380974e-05,1.6460122e-05,0.6722424
Shylet/shlt599.wav,val,4.9332564e-05,5.565554e-06,3.7330815e-06,0.9992729,1.4419513e-06,5.331342e-10,1.3058283e-07,4.5878682e-08,0.0006668282
Shylet/shlt6.wav,val,0.0001103764,7.0197586e-07,1.1137679e-06,0.72406924,1.0389397e-05,3.178238e-10,9.0895026e-07,9.550222e-07,0.2758063
Shylet/shlt600.wav,val,2.226351e-05,1.0914157e-06,6.676858e-07,0.99066836,2.1010758e-06,8.188329e-11,7.2226726e-08,7.1010184e-08,0.009305362
Shylet/shlt601.wav,val,8.2315644e-05,1.3296783e-07,6.592326e-07,0.09430065,4.2968963e-06,2.6498045e-10,1.9021248e-06,1.2524481e-06,0.9056088
Shylet/shlt602.wav,val,5.0811734e-05,9.1557024e-07,9.756369e-07,0.9811571,1.9909444e-06,1.4502313e-10,2.339584e-07,9.127999e-08,0.018787825
Shylet/shlt603.wav,val,5.3745538e-05,9.0396264e-07,9.827789e-07,0.9754809,4.364798e-06,1.8705636e-10,2.7788448e-07,2.3417921e-07,0.024458604
Shylet/shlt604.wav,val,3.656237e-05,1.2356804e-08,9.716116e-08,0.0046108686,3.286323e-06,1.9492015e-10,1.2636923e-06,7.978465e-07,0.9953472
Shylet/shlt605.wav,val,3.861342e-05,1.7044938e-06,3.5787875e-07,0.9885169,5.0850495e-06,1.0100273e-10,6.7875995e-08,1.19183234e-07,0.011437174
Shylet/shlt606.wav,val,1.6214291e-05,1.15386165e-05,8.250883e-07,0.99987125,1.4380535e-06,2.06379e-10,1.6148853e-08,1.8335488e-08,9.873037e-05
Shylet/shlt607.wav,val,4.677174e-05,8.538567e-07,9.5092673e-07,0.9831874,2.7352874e-06,1.4962659e-10,1.9946086e-07,1.145143e-07,0.016761014
Shylet/shlt608.wav,val,2.924938e-05,8.0381005e-07,1.2336548e-06,0.9219062,3.034022e-06,1.126293e-10,2.1683992e-07,3.592054e-07,0.078058966
Shylet/shlt609.wav,val,0.00075226766,0.0012749775,0.00010226922,0.9969451,3.962129e-05,3.023646e-07,3.6338517e-06,1.2819386e-06,0.0008804874
Shylet/shlt610.wav,val,5.5319957e-05,4.4611957e-07,9.542073e-07,0.97447544,2.3093285e-06,1.2480555e-10,3.4500025e-07,1.1100051e-07,0.02546505
Shylet/shlt611.wav,val,6.20383e-05,6.1396446e-07,1.2939697e-06,0.9883033,1.6244092e-06,1.6878218e-10,3.3410288e-07,7.7374814e-08,0.0116306115
Shylet/shlt612.wav,val,5.5561624e-05,1.7580708e-06,7.32483e-07,0.982489,4.7381027e-06,2.032776e-10,1.948121e-07,2.0434578e-07,0.017447755
Shylet/shlt613.wav,val,0.00010619735,1.1148486e-06,6.892418e-07,0.89425623,8.098789e-06,2.4217756e-10,4.6886794e-07,3.792774e-07,0.105626844
Shylet/shlt614.wav,val,0.00018338163,2.6507932e-06,7.6333885e-07,0.9714986,2.1548096e-05,6.890291e-10,7.470983e-07,1.2610271e-06,0.02829103
Shylet/shlt615.wav,val,4.1088165e-06,5.338284e-06,7.5306895e-07,0.9998596,7.791495e-07,7.029368e-11,1.4447874e-08,5.0913783e-08,0.00012940375
Shylet/shlt616.wav,val,2.1716949e-05,0.0006622724,3.6284582e-05,0.99927527,1.0478906e-06,6.740302e-09,2.488532e-08,2.1556712e-08,3.3737467e-06
Shylet/shlt617.wav,val,1.883198e-05,1.9266959e-06,8.151432e-07,0.9998267,6.3124213e-07,9.178134e-11,2.7251808e-08,6.2555126e-09,0.00015114549
Shylet/shlt618.wav,val,5.953859e-05,1.3951403e-06,1.3695319e-06,0.67694485,1.579496e-05,4.2445236e-10,5.838962e-07,1.5402701e-06,0.32297495
Shylet/shlt619.wav,val,3.1510703e-05,1.953409e-06,1.1468342e-06,0.999199,9.119881e-07,1.6111282e-10,7.5250355e-08,2.3749589e-08,0.000765466
Shylet/shlt620.wav,val,6.567531e-06,2.7554215e-06,1.0733936e-06,0.99477416,1.4472288e-06,7.9274816e-11,3.7229473e-08,1.5839157e-07,0.005213869
Shylet/shlt621.wav,val,0.00072406116,0.012227275,4.454337e-05,0.8947233,0.0027379831,1.3461763e-06,8.083431e-06,0.0005665331,0.088966906
Shylet/shlt622.wav,val,1.9202962e-05,1.0420844e-05,1.0205655e-06,0.99873346,3.7826294e-06,2.4228455e-10,6.875825e-08,4.482934e-07,0.0012315473
Shylet/shlt623.wav,val,1.4955526e-05,1.2544555e-06,1.4456951e-06,0.98816514,2.0226462e-06,1.2058562e-10,1.4403136e-07,2.565649e-07,0.0118147805
Shylet/shlt624.wav,val,0.00023350958,3.234936e-06,1.6783396e-06,0.5426489,3.065641e-05,1.6943612e-09,2.2629802e-06,3.2151536e-06,0.4570765
Shylet/shlt625.wav,val,1.498764e-06,0.0030371821,2.0639377e-06,0.9969214,6.305298e-06,1.1941412e-09,1.316121e-09,1.6629636e-07,3.1464733e-05
Shylet/shlt626.wav,val,1.0651751e-05,9.770686e-07,1.5156344e-06,0.9927631,8.931973e-07,7.13456e-11,9.7083564e-08,1.565443e-07,0.007222642
Shylet/shlt627.wav,val,2.9908098e-05,7.7212496e-07,1.2203684e-06,0.97893816,2.4636208e-06,1.3231204e-10,2.4375802e-07,2.0758385e-07,0.02102696
Shylet/shlt628.wav,val,1.2554362e-05,4.7185345e-06,1.3669863e-06,0.99993527,4.8461027e-07,1.7036593e-10,2.3723745e-08,8.3997325e-09,4.551403e-05
Shylet/shlt629.wav,val,6.22221e-06,9.279119e-07,1.358955e-06,0.9998097,1.6386022e-07,4.0981836e-11,2.724807e-08,8.174756e-09,0.00018155994
Shylet/shlt630.wav,val,1.1838896e-05,1.8843731e-06,8.2640736e-07,0.99084115,2.3426721e-06,7.872439e-11,4.290558e-08,1.2189766e-07,0.0091418065
Shylet/shlt631.wav,val,1.2048158e-05,1.2711388e-06,1.0005306e-06,0.99990225,3.0013544e-07,5.952237e-11,2.9101484e-08,7.72044e-09,8.302469e-05
Shylet/shlt632.wav,val,9.813107e-06,9.975976e-07,1.4160262e-06,0.9987973,5.090009e-07,6.889999e-11,6.6205374e-08,4.4292637e-08,0.0011899809
Shylet/shlt633.wav,val,5.9537666e-05,1.2261108e-06,8.394579e-07,0.99039674,3.7082375e-06,2.4991936e-10,2.635131e-07,1.05197806e-07,0.009537635
Shylet/shlt634.wav,val,2.748792e-05,1.1888209e-05,3.2474622e-06,0.999928,6.81042e-07,5.462598e-10,4.500664e-08,8.650716e-09,2.8573784e-05
Shylet/shlt635.wav,val,2.5563062e-05,7.0167846e-07,1.1008076e-06,0.9905689,1.4079073e-06,9.465665e-11,1.3294131e-07,6.980513e-08,0.009402069
Shylet/shlt636.wav,val,1.1727716e-05,1.110262e-06,1.4129828e-06,0.99672014,8.1236635e-07,7.773685e-11,7.010316e-08,6.1373726e-08,0.003264708
Shylet/shlt637.wav,val,1.06328025e-05,6.2334743e-06,7.911502e-07,0.9998093,1.1029989e-06,1.1994561e-10,1.5096102e-08,1.5983485e-08,0.00017192481
Shylet/shlt638.wav,val,1.7779716e-05,0.00046802862,5.9678337e-07,0.99910694,4.3052096e-05,1.2508291e-09,1.0422249e-08,4.990993e-07,0.00036308917
Shylet/shlt639.wav,val,0.00016918813,3.6349777e-06,8.087876e-07,0.83911,2.2912482e-05,5.865261e-10,4.121817e-07,6.880713e-07,0.16069233
Shylet/shlt640.wav,val,5.4067197e-05,1.2205071e-06,5.2278637e-07,0.9573096,7.607958e-06,1.5063044e-10,1.5691653e-07,2.1165488e-07,0.04262659
Shylet/shlt641.wav,val,0.07485823,2.1960275e-05,0.00024379302,0.91725624,4.8870705e-05,1.3679867e-06,0.0010811046,1.0593769e-06,0.0064874077
Shylet/shlt642.wav,val,1.4073665e-06,5.4955945e-06,1.7679051e-06,0.9999552,1.5732917e-07,4.20286e-11,5.0413504e-09,8.472984e-09,3.6027777e-05
Shylet/shlt643.wav,val,5.062451e-05,3.2501855e-06,7.1687265e-07,0.9991911,2.491626e-06,2.6921476e-10,7.597257e-08,2.6589596e-08,0.0007517923
Shylet/shlt644.wav,val,1.8549943e-05,1.7193735e-06,1.2452624e-06,0.99895394,1.3145307e-06,1.6248841e-10,9.9862454e-08,6.320883e-08,0.0010230422
Shylet/shlt645.wav,val,6.837224e-05,1.1454772e-06,1.8634823e-06,0.99315923,2.2524239e-06,3.1812467e-10,3.749431e-07,9.900519e-08,0.006766639
Shylet/shlt646.wav,val,1.6297424e-06,1.5309823e-06,1.5197891e-05,0.9999703,1.29311974e-08,5.1005856e-11,2.8187877e-08,3.8166847e-09,1.1213203e-05
Shylet/shlt647.wav,val,3.3991477e-05,6.88648e-07,1.4038321e-06,0.9757683,2.5964162e-06,1.4738069e-10,2.956296e-07,1.9783326e-07,0.024192493
Shylet/shlt648.wav,val,0.000114472416,4.972469e-06,5.8681184e-07,0.99928755,7.260287e-06,4.8186866e-10,7.606502e-08,2.285298e-08,0.0005851097
Shylet/shlt649.wav,val,4.9983548e-05,2.8774875e-06,6.98148e-07,0.99307716,3.7566467e-06,2.2144839e-10,1.1398029e-07,6.774705e-08,0.0068653463
Shylet/shlt650.wav,val,7.216082e-05,0.0012008478,5.389729e-06,0.9942216,0.00044272465,2.2950973e-08,6.8615634e-07,0.00047034828,0.003586198
Shylet/shlt651.wav,val,8.2429484e-05,1.2650914e-06,7.257891e-07,0.99186885,3.7480345e-06,2.2223103e-10,2.1566083e-07,9.254339e-08,0.008042642
Shylet/shlt652.wav,val,1.3650864e-05,5.0678277e-06,7.4251557e-07,0.9980775,1.2405562e-06,1.0504032e-10,2.7589559e-08,5.0233812e-08,0.0019016468
Shylet/shlt653.wav,val,6.4501124e-05,6.9880286e-07,6.910859e-07,0.9870062,3.330224e-06,1.4349884e-10,1.9194458e-07,8.593909e-08,0.012924305
Shylet/shlt654.wav,val,1.6270322e-05,1.8298355e-06,5.5129885e-07,0.9947279,1.9064985e-06,7.222538e-11,3.836394e-08,5.608365e-08,0.0052516093
Shylet/shlt655.wav,val,5.10582e-05,2.111153e-06,4.3167443e-06,0.9996531,4.9021e-07,3.6860262e-10,1.9858386e-07,1.6150842e-08,0.00028870328
Shylet/shlt656.wav,val,2.7596137e-05,6.322279e-07,1.3656551e-06,0.9770349,1.6588834e-06,1.0580182e-10,2.2283783e-07,1.4028616e-07,0.022933565
Shylet/shlt657.wav,val,6.29624e-06,1.0435263e-06,1.3921095e-06,0.9990139,3.0168877e-07,4.1948934e-11,3.0416935e-08,2.1467052e-08,0.0009769434
Shylet/shlt658.wav,val,2.0090873e-05,1.4077394e-06,6.441107e-07,0.99840933,1.0823767e-06,7.642338e-11,4.9246722e-08,2.398213e-08,0.0015674132
Shylet/shlt659.wav,val,0.00032978502,0.008781456,6.927363e-06,0.9874822,0.0008965033,1.3184065e-07,2.3080617e-07,6.7159913e-06,0.0024960502
Shylet/shlt660.wav,val,4.4486633e-06,4.0644845e-06,6.328632e-07,0.99972314,4.0688724e-07,4.0063248e-11,7.962979e-09,1.7302941e-08,0.0002673265
Shylet/shlt661.wav,val,0.00013713645,0.0020126118,9.07544e-06,0.9977767,2.1929593e-05,2.8031353e-08,1.10387596e-07,2.849877e-07,4.2198142e-05
Shylet/shlt662.wav,val,1.6076183e-05,1.2618406e-08,3.472861e-08,0.00050594565,3.0740305e-06,2.6140307e-10,6.812094e-07,1.2096723e-06,0.9994729
Shylet/shlt663.wav,val,0.0013300343,0.00023328018,1.6409438e-05,0.9981407,2.504745e-05,6.2810784e-08,2.6684431e-06,3.2201336e-07,0.0002514545
Shylet/shlt664.wav,val,0.00021284084,1.7652808e-05,1.5140105e-06,0.9776969,1.4153729e-05,1.5730646e-09,4.1805737e-07,4.446477e-07,0.022056166
Shylet/shlt665.wav,val,0.0070555997,3.1790736e-05,8.463236e-06,0.9673099,0.00014896915,5.6026124e-08,1.7963977e-05,2.3579098e-06,0.025425049
Shylet/shlt666.wav,val,0.010890719,0.006330716,0.00012998955,0.93861145,0.0011723873,5.5053824e-06,7.749634e-05,5.6453177e-05,0.042725317
Shylet/shlt667.wav,val,0.00021721076,1.9023682e-05,9.536301e-07,0.94830954,3.161331e-05,1.4598932e-09,2.4428965e-07,3.6060587e-07,0.051421124
Shylet/shlt668.wav,val,0.0023740353,0.00044150738,1.4970025e-05,0.9949244,0.00011609434,1.4850794e-07,3.5483995e-06,1.3966985e-06,0.002123812
Shylet/shlt669.wav,val,3.272671e-05,1.855604e-05,1.2056574e-06,0.9988165,3.7745474e-06,4.6194082e-10,5.8115734e-08,1.3439303e-07,0.0011270291
Shylet/shlt670.wav,val,0.007983867,0.0001314265,4.2761752e-05,0.48214686,0.0004215327,5.6198166e-07,0.000196034,5.4293323e-05,0.5090226
Shylet/shlt671.wav,val,0.0009132438,0.0022938603,1.813041e-05,0.9958462,9.7807584e-05,1.2600424e-07,8.861656e-07,1.2462781e-06,0.0008284716
Shylet/shlt672.wav,val,6.2017075e-06,1.1716413e-06,9.0639196e-07,0.9997117,2.99421e-07,3.9617802e-11,2.4965425e-08,1.2116436e-08,0.00027960274
Shylet/shlt673.wav,val,1.3344239e-05,7.501265e-07,9.991232e-07,0.99526536,9.387783e-07,6.275686e-11,8.456881e-08,5.998874e-08,0.004718418
Shylet/shlt674.wav,val,9.81739e-06,1.453544e-06,1.1221337e-06,0.999808,2.957115e-07,6.6028e-11,3.7822275e-08,1.1869025e-08,0.00017933988
Shylet/shlt675.wav,val,1.3486337e-05,2.7141711e-08,7.127033e-08,0.0075498666,3.9599577e-06,8.091423e-11,2.9708545e-07,1.0862924e-06,0.9924313
Shylet/shlt676.wav,val,5.902298e-05,5.8981783e-07,6.7872145e-07,0.77159166,6.117349e-06,1.2847517e-10,3.904027e-07,5.142736e-07,0.22834103
Shylet/shlt677.wav,val,0.00015603007,4.4127725e-07,1.3110822e-06,0.70663553,7.668974e-06,3.481005e-10,1.2608494e-06,5.226562e-07,0.2931973
Shylet/shlt678.wav,val,6.6836124e-05,1.1575205e-06,5.9854e-07,0.93321717,8.244652e-06,1.9434389e-10,2.828136e-07,3.0526965e-07,0.06670543
Shylet/shlt679.wav,val,7.0347975e-05,1.366564e-06,6.452803e-07,0.99756646,2.5428112e-06,1.6415727e-10,1.294862e-07,3.9447134e-08,0.0023586252
Shylet/shlt680.wav,val,9.081331e-06,1.7486677e-06,5.0717904e-07,0.99972767,6.9958276e-07,5.0060043e-11,1.8435209e-08,1.4905414e-08,0.00026027212
Shylet/shlt681.wav,val,4.5070883e-05,6.29101e-07,5.8601313e-07,0.9952644,2.0282969e-06,8.766228e-11,1.3326941e-07,5.934523e-08,0.004687026
Shylet/shlt682.wav,val,0.0010195882,5.4778295e-05,1.4978366e-05,0.99773127,1.2436665e-05,2.1102876e-08,1.7651748e-06,1.2599187e-07,0.0011650722
Shylet/shlt683.wav,val,1.1821998e-05,5.150568e-07,8.9859896e-07,0.9967429,5.2523245e-07,3.6838557e-11,6.725815e-08,3.61736e-08,0.0032433306
Shylet/shlt684.wav,val,3.464063e-06,2.202369e-06,7.827524e-07,0.9998067,3.2750188e-07,3.2647683e-11,1.1109378e-08,1.4262982e-08,0.00018659866
Shylet/shlt685.wav,val,3.584772e-05,1.7255364e-06,9.501649e-07,0.9997553,8.423681e-07,1.7787154e-10,8.1360206e-08,1.2151798e-08,0.00020528516
Shylet/shlt686.wav,val,6.2243525e-05,2.791558e-07,6.2777247e-07,0.21216695,1.0216175e-05,2.5047012e-10,8.93971e-07,1.7693404e-06,0.78775704
Shylet/shlt687.wav,val,5.3871347e-05,9.1185626e-07,1.0150503e-06,0.99655944,1.5347836e-06,1.5590329e-10,2.1431259e-07,5.7719255e-08,0.0033829464
Shylet/shlt688.wav,val,1.6104112e-05,1.037936e-06,6.915938e-07,0.99756646,1.2328006e-06,6.524223e-11,5.922563e-08,5.0984937e-08,0.0024143697
Shylet/shlt689.wav,val,5.634523e-05,3.866237e-05,2.7411163e-06,0.9983943,2.2504748e-05,1.6921938e-09,5.851494e-07,1.8329902e-05,0.0014664985
Shylet/shlt690.wav,val,5.9315907e-06,1.2966805e-06,8.923427e-07,0.99984956,2.5632792e-07,3.8529645e-11,1.8955971e-08,9.58985e-09,0.00014201296
Shylet/shlt691.wav,val,2.741712e-05,1.5203947e-06,1.2258682e-06,0.9997551,5.911748e-07,1.4946634e-10,7.5448504e-08,1.0907164e-08,0.00021405067
Shylet/shlt692.wav,val,2.7718984e-06,2.1675364e-06,1.7439132e-06,0.9999604,8.7735e-08,3.539904e-11,8.793197e-09,3.9193075e-09,3.2866054e-05
Shylet/shlt693.wav,val,5.0241495e-05,1.5461942e-06,8.386309e-07,0.96548134,7.796757e-06,2.327425e-10,2.2652938e-07,2.336373e-07,0.034457825
Shylet/shlt694.wav,val,1.5770938e-05,7.440838e-06,2.9816763e-07,0.9997559,3.982539e-06,1.2382345e-10,9.786101e-09,1.756866e-08,0.00021657896
Shylet/shlt695.wav,val,1.6846943e-05,7.94281e-07,7.7294726e-07,0.9978788,8.5509504e-07,6.085029e-11,6.1010866e-08,3.5661387e-08,0.0021019103
Shylet/shlt696.wav,val,0.00014639048,3.0423473e-07,5.9803165e-07,0.35501415,1.1418098e-05,2.6272043e-10,9.866507e-07,7.6669727e-07,0.64482534
Shylet/shlt697.wav,val,1.5320284e-05,8.8692826e-07,9.1286756e-07,0.9978607,9.638778e-07,7.132141e-11,6.883287e-08,4.1681695e-08,0.0021211454
Shylet/shlt698.wav,val,4.8939284e-05,9.5142724e-07,7.7495355e-07,0.9830587,4.2978295e-06,1.4951713e-10,2.0907319e-07,1.477605e-07,0.016886026
Shylet/shlt699.wav,val,2.0668296e-05,5.2878327e-06,2.2231493e-06,0.99985087,5.7941133e-07,2.1322576e-10,4.2102183e-08,1.291654e-08,0.00012032538
Shylet/shlt7.wav,val,0.30489588,0.003188127,0.008511631,0.6144817,0.0008202849,0.0007532775,0.05749766,0.00016957047,0.009681882
Shylet/shlt700.wav,val,6.9061566e-06,3.2228247e-05,2.7118853e-07,0.9989243,1.0478968e-05,1.2506285e-10,4.0668735e-09,9.38358e-08,0.0010255681
Shylet/shlt701.wav,val,3.2132637e-05,1.5874856e-06,5.93659e-07,0.99955195,1.0442377e-06,1.2044654e-10,5.984808e-08,1.2902019e-08,0.0004126117
Shylet/shlt702.wav,val,4.1063945e-06,2.7186609e-06,5.534309e-07,0.9997278,5.996532e-07,3.4802272e-11,9.62779e-09,2.1145185e-08,0.00026424907
Shylet/shlt703.wav,val,0.00011281313,6.2855264e-07,8.9284583e-07,0.7625084,8.079975e-06,2.1482714e-10,5.760244e-07,5.1042275e-07,0.237368
Shylet/shlt704.wav,val,9.668556e-05,1.0497454e-07,2.3552016e-07,0.07776513,1.11037225e-05,2.2090987e-10,1.0706902e-06,1.0752848e-06,0.92212456
Shylet/shlt705.wav,val,8.621201e-05,4.6019522e-07,4.050931e-07,0.21895464,1.178342e-05,2.3122033e-10,5.9364066e-07,9.632165e-07,0.7809448
Shylet/shlt706.wav,val,2.6737058e-05,1.2989266e-06,6.36469e-07,0.99133366,3.0816414e-06,9.66486e-11,8.136188e-08,1.1980529e-07,0.00863441
Shylet/shlt707.wav,val,9.774233e-06,1.5907225e-06,1.1125587e-06,0.99993134,2.1842887e-07,5.8049274e-11,2.3132936e-08,5.4328404e-09,5.5954708e-05
Shylet/shlt708.wav,val,2.7616716e-06,1.0273873e-06,1.8161868e-06,0.99993765,6.609513e-08,2.6276049e-11,1.4165211e-08,4.8563065e-09,5.655625e-05
Shylet/shlt709.wav,val,1.1901535e-05,1.8411329e-06,3.8801227e-07,0.99920326,1.5721994e-06,5.2480183e-11,1.8847455e-08,2.0981949e-08,0.0007810664
Shylet/shlt710.wav,val,6.0066254e-06,1.6938636e-06,1.0008054e-06,0.9999213,2.1042018e-07,4.6952095e-11,1.859701e-08,7.696109e-09,6.9742e-05
Shylet/shlt711.wav,val,9.071545e-06,1.1854796e-06,1.0037248e-06,0.9943131,1.0658919e-06,6.129085e-11,5.6803582e-08,9.955562e-08,0.0056743897
Shylet/shlt712.wav,val,7.603746e-06,1.2728517e-06,9.895033e-07,0.9998165,3.2733834e-07,4.975302e-11,2.5099874e-08,1.0619344e-08,0.00017332307
Shylet/shlt713.wav,val,3.3720426e-05,7.741993e-07,1.0096585e-06,0.99848527,8.419553e-07,1.1477758e-10,1.238192e-07,2.4566019e-08,0.0014782387
Shylet/shlt714.wav,val,5.9780828e-06,0.0001174144,5.403027e-07,0.9995766,6.259166e-06,2.7248187e-10,4.785566e-09,1.18853336e-07,0.00029305866
Shylet/shlt715.wav,val,1.0149944e-05,3.3443173e-06,2.6439384e-06,0.9999417,1.9291672e-07,1.3235996e-10,3.6129734e-08,7.0611974e-09,4.18709e-05
Shylet/shlt716.wav,val,4.5840748e-06,1.1115352e-06,1.5561349e-06,0.9997472,1.9646929e-07,4.2124984e-11,2.7309895e-08,1.3612424e-08,0.00024529066
Shylet/shlt717.wav,val,1.0773452e-05,8.086688e-07,1.2105787e-06,0.9970913,6.3995617e-07,6.045972e-11,7.111879e-08,4.8125692e-08,0.0028951275
Shylet/shlt718.wav,val,2.1379334e-05,7.616717e-07,1.1443898e-06,0.98145103,1.8639553e-06,9.97493e-11,1.7509964e-07,1.5465477e-07,0.01852352
Shylet/shlt719.wav,val,2.2081309e-05,2.0572907e-06,6.020133e-07,0.99963903,9.700315e-07,1.00159776e-10,4.1510127e-08,1.3441017e-08,0.00033521425
Shylet/shlt720.wav,test,1.0298111e-05,6.500251e-07,1.3598466e-06,0.9979432,5.3675296e-07,5.7763933e-11,8.242858e-08,4.3558185e-08,0.002043873
Shylet/shlt721.wav,test,6.438964e-06,7.392584e-07,1.393956e-06,0.9995865,2.2897116e-07,3.90115e-11,4.2070347e-08,1.6736248e-08,0.00040463117
Shylet/shlt722.wav,test,1.3092779e-05,6.366702e-07,1.4214971e-06,0.9987016,4.7647757e-07,6.6849075e-11,9.891887e-08,3.4410224e-08,0.0012827318
Shylet/shlt723.wav,test,0.0006536771,1.6317088e-06,2.1158432e-06,0.27690297,2.0021029e-05,2.7352058e-09,2.9253324e-06,6.1716116e-07,0.722416
Shylet/shlt724.wav,test,9.781283e-05,4.253571e-08,1.4261347e-07,0.0068298243,6.578649e-06,5.2397664e-10,1.4137166e-06,3.7802312e-07,0.99306387
Shylet/shlt725.wav,test,2.3177822e-06,1.64868e-09,1.7008306e-08,1.01800815e-05,1.0762275e-06,4.2389117e-10,1.0127021e-06,1.9928675e-06,0.99998343
Shylet/shlt728.wav,test,4.718813e-05,1.0714678e-07,5.8134185e-07,0.11951163,2.8773638e-06,1.374046e-10,9.1241327e-07,5.6049686e-07,0.8804361
Shylet/shlt729.wav,test,1.1325577e-05,9.2868964e-07,1.3024991e-06,0.99653935,8.5239157e-07,7.308538e-11,7.950047e-08,6.500147e-08,0.0034460616
Shylet/shlt734.wav,test,7.604294e-06,1.1023837e-06,1.2026956e-06,0.9999429,1.3904432e-07,4.5853193e-11,2.4159883e-08,3.734154e-09,4.705411e-05
Shylet/shlt735.wav,test,3.0238838e-05,4.77068e-07,1.2673304e-06,0.99526596,9.15029e-07,9.506921e-11,2.3361214e-07,5.4066287e-08,0.0047009015
Shylet/shlt738.wav,test,3.5741472e-05,2.8444578e-08,7.857636e-08,0.0064984057,3.7937918e-06,1.58975e-10,4.8894276e-07,3.5449088e-07,0.993461
Shylet/shlt739.wav,test,1.3069929e-06,1.0880876e-09,1.320616e-08,1.3966768e-05,5.382289e-07,1.429898e-10,4.3514711e-07,1.2327915e-06,0.99998236
Shylet/shlt740.wav,test,3.017088e-06,2.0655524e-09,1.9398751e-08,6.418455e-05,7.6531387e-07,1.3388551e-10,4.510992e-07,7.698862e-07,0.99993086
Shylet/shlt741.wav,test,0.0001061316,5.138812e-08,7.459749e-08,0.0035945778,1.0007192e-05,4.961559e-10,6.551586e-07,3.304593e-07,0.9962882
Shylet/shlt742.wav,test,9.386619e-05,3.0653936e-07,2.8093893e-07,0.14084005,1.0062974e-05,1.8860906e-10,4.4374605e-07,3.865111e-07,0.8590546
Shylet/shlt743.wav,test,1.5637344e-05,4.4665674e-07,1.1006584e-06,0.999099,3.4301434e-07,4.462569e-11,8.0038006e-08,1.6415582e-08,0.0008834081
Shylet/shlt744.wav,val,4.450994e-05,5.4471195e-07,1.1903084e-06,0.9088675,3.3929336e-06,1.3358997e-10,3.765467e-07,3.2541624e-07,0.091082186
Shylet/shlt745.wav,val,4.6676123e-05,1.6201872e-06,5.4561167e-07,0.94706625,9.481826e-06,1.5364408e-10,1.3186198e-07,2.7069356e-07,0.052875172
Shylet/shlt746.wav,val,1.4961302e-05,1.6202816e-06,8.1799004e-07,0.99885154,1.0562244e-06,9.297743e-11,5.1024532e-08,3.0832933e-08,0.0011298571
Shylet/shlt747.wav,val,3.9547976e-06,3.2790113e-06,7.855785e-07,0.9997695,4.2174366e-07,4.5813426e-11,9.797813e-09,1.1275385e-08,0.00022193589
Shylet/shlt748.wav,val,1.7216818e-05,1.0973663e-06,1.0306494e-06,0.9937528,1.2531971e-06,9.3662855e-11,9.667011e-08,6.6835234e-08,0.0062264507
Shylet/shlt749.wav,val,3.219267e-05,8.522809e-06,5.699246e-07,0.9994654,2.512123e-06,2.1951638e-10,2.8030318e-08,1.92081e-08,0.0004907509
Shylet/shlt769.wav,test,0.00021095164,1.00285845e-07,1.3020855e-06,0.21355872,2.857002e-06,3.120539e-10,4.88778e-06,4.507781e-07,0.7862207
Shylet/shlt770.wav,test,4.5569832e-05,6.9728316e-09,2.429309e-07,0.0023934382,5.1524637e-07,2.0016545e-10,3.9744878e-06,4.811234e-07,0.99755585
Shylet/shlt779.wav,val,5.6395715e-05,3.353367e-07,8.806932e-07,0.3173058,7.851315e-06,2.449603e-10,9.3528104e-07,1.2555575e-06,0.68262655
Shylet/shlt780.wav,val,5.5334917e-06,1.3520335e-06,1.1702058e-06,0.9994956,3.1858048e-07,4.199719e-11,2.4886347e-08,2.0072825e-08,0.000495979
Shylet/shlt8.wav,val,5.6881072e-05,3.941532e-05,1.8930472e-06,0.9964355,7.214423e-06,1.4660099e-09,1.1553567e-07,2.2124946e-07,0.0034587167
Shylet/shlt86.wav,test,6.615957e-07,2.882392e-09,1.5101769e-07,9.670199e-07,3.9208308e-07,3.687557e-09,5.8559913e-06,2.7263202e-05,0.9999647
Shylet/shlt9.wav,val,0.00017679538,9.9679375e-05,4.805407e-06,0.9993963,1.3920324e-05,6.1159935e-09,3.1642966e-07,2.9082724e-07,0.000307821
Rajshahi/raj10.wav,val,0.00023925299,4.3610027e-05,5.637871e-05,0.00014604417,0.0006797018,2.4225208e-05,0.0023697782,0.9953121,0.0011288014
Rajshahi/raj100.wav,val,5.177367e-09,8.4180226e-07,9.66498e-07,9.88328e-08,2.2201095e-06,1.8223056e-07,3.790385e-06,0.99998367,8.1232865e-06
Rajshahi/raj101.wav,val,9.587953e-09,9.839721e-07,2.9983037e-06,3.046849e-07,1.484946e-06,1.9068038e-07,9.289299e-06,0.999972,1.268375e-05
Rajshahi/raj102.wav,val,1.16359855e-08,1.6110811e-06,8.571709e-07,2.7401111e-07,4.5428224e-06,1.3806147e-07,2.904837e-06,0.99996364,2.5987103e-05
Rajshahi/raj104.wav,val,1.2383063e-07,1.7235605e-05,3.7713446e-06,1.7818973e-06,1.6609241e-05,1.5539582e-06,1.7055007e-05,0.99990773,3.413271e-05
Rajshahi/raj13.wav,val,1.1069245e-05,1.5089431e-05,5.2404034e-06,4.6852574e-06,0.0003405925,7.9447345e-06,0.00019520853,0.9992706,0.00014963263
Rajshahi/raj130.wav,test,1.2473115e-08,1.0672735e-05,1.2845843e-06,2.9528454e-07,7.3175156e-06,4.2662242e-07,1.9208146e-06,0.9999691,9.014262e-06
Rajshahi/raj131.wav,test,0.0009166833,0.9551245,0.00048403002,0.042598158,0.00081328576,5.4608194e-05,4.1508514e-07,6.109167e-06,2.1612689e-06
Rajshahi/raj132.wav,test,0.9132116,3.775795e-05,3.255842e-05,0.08419592,0.0007214977,7.564462e-06,0.00036668012,7.771017e-07,0.0014257238
Rajshahi/raj133.wav,test,0.0021407572,0.93608576,0.0028598295,0.05811864,0.0006427318,0.00013921919,1.4568049e-06,8.806932e-06,2.7834637e-06
Rajshahi/raj134.wav,test,0.9467005,1.1930327e-05,8.689137e-08,0.0001468803,0.05287174,6.135127e-05,7.9908394e-05,1.8042082e-06,0.0001257734
Rajshahi/raj135.wav,test,0.0006509834,0.0783096,1.36917915e-05,0.91992307,0.0010926255,4.6010027e-07,3.6500634e-08,5.8476473e-07,8.984684e-06
Rajshahi/raj136.wav,test,1.0945775e-05,0.00013378846,4.2327672e-05,0.99981207,2.1824083e-07,1.5903725e-09,1.7712177e-08,7.599728e-09,6.243495e-07
Rajshahi/raj137.wav,test,1.9222978e-06,0.9431536,8.119994e-06,0.05671374,0.00012197097,2.6750826e-07,3.3047462e-10,3.8257153e-07,8.168795e-08
Rajshahi/raj138.wav,test,0.4730841,0.0002010673,1.7138632e-06,0.36362284,0.026535528,1.2876801e-06,2.0720281e-05,2.2174872e-06,0.13653052
Rajshahi/raj139.wav,test,1.8118577e-06,0.9976636,0.0019182047,2.7276941e-05,2.2674643e-05,0.00023542745,1.5642884e-07,0.00013080139,3.2961765e-08
Rajshahi/raj140.wav,test,3.0529996e-08,0.985024,0.014895439,4.124416e-05,1.2127646e-07,3.279083e-05,1.1710013e-08,6.457846e-06,2.4721194e-09
Rajshahi/raj141.wav,test,0.04834786,0.5495209,0.3707535,0.0068822857,0.00017240798,0.023495823,0.0007574529,5.7324734e-05,1.2530159e-05
Rajshahi/raj142.wav,test,5.39902e-08,0.9999194,8.034932e-06,1.2929424e-05,2.5819778e-05,9.777146e-06,1.156429e-09,2.4020408e-05,1.6572063e-09
Rajshahi/raj143.wav,val,2.407889e-08,0.080986515,0.91887146,2.4584535e-05,7.500323e-09,6.8343346e-05,6.112287e-07,4.843751e-05,1.544589e-08
Rajshahi/raj144.wav,val,7.2547635e-08,4.75362e-05,0.00032038972,1.6158983e-06,1.6830495e-06,8.537845e-06,0.00011414211,0.99950385,2.1220296e-06
Rajshahi/raj145.wav,val,3.0656049e-09,2.4720495e-05,8.879066e-06,2.0926696e-07,1.7062833e-06,8.469382e-07,1.7738023e-06,0.9999608,1.0626966e-06
Rajshahi/raj146.wav,test,1.5081434e-07,0.9941598,1.7811818e-06,0.005753195,8.445599e-05,1.6867742e-07,5.6638742e-11,4.7085933e-07,7.516973e-09
Rajshahi/raj147.wav,val,3.6184683e-05,0.0011888258,4.1455864e-06,7.385315e-05,0.021783609,3.4421635e-05,2.5895244e-05,0.97680503,4.8060283e-05
Rajshahi/raj148.wav,val,0.005002966,0.092961825,0.020099608,0.17941366,0.0040014954,0.00054602197,0.0073236674,0.6900112,0.0006395313
Rajshahi/raj149.wav,val,0.005405505,0.3495293,4.9495655e-05,0.017339759,0.43734375,0.0005009268,7.538338e-05,0.1889828,0.00077320414
Rajshahi/raj15.wav,test,7.34285e-07,4.5559173e-06,1.1793957e-05,7.020642e-07,1.7731913e-05,9.606862e-06,0.00053536094,0.9994004,1.9158531e-05
Rajshahi/raj150.wav,val,1.2117451e-08,0.9999232,1.850755e-05,6.42642e-06,7.302443e-06,1.0730017e-05,1.4352295e-09,3.3740725e-05,1.361871e-09
Rajshahi/raj151.wav,val,4.369704e-09,0.9999342,1.7600432e-05,1.0890164e-05,5.554089e-06,3.35774e-06,4.1025675e-10,2.8400036e-05,6.4677386e-10
Rajshahi/raj152.wav,val,4.3543182e-09,0.000343225,0.000664233,2.7155536e-06,6.241123e-07,1.9416404e-06,3.9452634e-06,0.99898237,9.743704e-07
Rajshahi/raj153.wav,val,1.3485765e-09,0.99979883,7.4740583e-06,1.552915e-06,1.3368752e-05,7.793932e-06,2.9528502e-10,0.00017100372,5.794648e-10
Rajshahi/raj154.wav,val,1.8932876e-06,0.043832567,7.388052e-06,0.00072776957,0.013818908,7.023832e-06,6.049954e-07,0.9415889,1.4820101e-05
Rajshahi/raj155.wav,test,2.8302075e-08,0.00017819178,3.765631e-06,2.0488656e-06,4.1889012e-05,1.2499609e-06,1.1543161e-06,0.9997696,2.0864186e-06
Rajshahi/raj156.wav,val,1.04604805e-08,0.0024490468,0.9974955,2.020321e-05,4.805534e-10,7.4028612e-06,2.3875098e-06,2.5452979e-05,1.4754878e-08
Rajshahi/raj157.wav,val,2.2492852e-08,0.00011455143,1.6957508e-06,3.5020037e-07,6.456959e-05,2.313005e-06,1.0326794e-06,0.9998142,1.2202462e-06
Rajshahi/raj158.wav,val,2.7466161e-08,0.001634824,1.5122974e-06,2.3569646e-06,0.00029520813,2.4180574e-06,1.8493279e-07,0.99806184,1.5757396e-06
Rajshahi/raj159.wav,val,1.2547982e-05,0.02164539,0.00054017326,0.00017927155,0.0007792502,0.0001704841,0.00010511408,0.9765603,7.510012e-06
Rajshahi/raj160.wav,val,6.885813e-05,0.00052100513,4.095149e-05,4.4044158e-05,0.0012906633,7.550651e-05,0.00043251974,0.9974051,0.00012135227
Rajshahi/raj161.wav,val,4.1024808e-07,0.0012723276,6.9155496e-05,0.00016998085,6.829657e-05,1.9730912e-06,7.211433e-06,0.99839824,1.2420472e-05
Rajshahi/raj162.wav,val,3.4704701e-09,8.243609e-06,2.2948748e-06,1.6864806e-07,3.6503498e-06,3.8792365e-07,1.2081751e-06,0.9999825,1.6945521e-06
Rajshahi/raj163.wav,val,0.026214447,0.51231325,0.00019868345,0.26860896,0.18495959,0.000372994,7.255361e-05,0.006610414,0.0006491156
Rajshahi/raj164.wav,val,4.2633746e-07,0.99641776,1.0451122e-06,2.242287e-05,0.0032168233,4.684827e-05,4.4597748e-09,0.00029478062,1.168105e-08
Rajshahi/raj165.wav,val,0.0005809344,0.6316334,0.00015939692,0.36617807,0.0014149925,1.2773472e-05,5.3745094e-07,1.8159491e-05,1.775918e-06
Rajshahi/raj166.wav,val,2.3599491e-06,0.000296381,3.07391e-05,2.886771e-05,0.00016345376,8.244379e-06,4.8837086e-05,0.9993999,2.1228401e-05
Rajshahi/raj167.wav,test,5.7884105e-08,0.010311836,2.2054375e-05,5.852333e-06,0.00017526335,1.4600327e-05,7.849624e-07,0.98946875,7.853143e-07
Rajshahi/raj168.wav,test,0.0067093433,0.045552146,8.397695e-06,0.8165431,0.130884,5.970592e-06,2.1023009e-06,0.00022535307,6.957968e-05
Rajshahi/raj169.wav,val,2.6376075e-09,5.0132156e-05,0.99992144,4.9115906e-06,3.1145815e-11,1.6877043e-06,5.1709935e-06,1.6650247e-05,1.5314246e-08
Rajshahi/raj170.wav,val,5.140236e-05,0.98237634,0.01331502,0.0020202198,0.00013104676,0.001001534,1.5295873e-05,0.0010886893,4.4493814e-07
Rajshahi/raj171.wav,val,3.0015823e-09,0.0018080483,0.99803954,4.030479e-05,3.971302e-10,2.5957675e-06,1.3884195e-06,0.000108116205,1.7611844e-08
Rajshahi/raj172.wav,val,6.9053567e-09,4.886856e-06,1.4331428e-05,1.3288665e-07,1.063465e-06,1.296754e-06,1.3363164e-05,0.9999634,1.4609946e-06
Rajshahi/raj173.wav,val,5.8416037e-05,0.90263677,1.9379448e-05,0.05078157,0.038895737,1.3374644e-05,3.0948755e-07,0.0075877304,6.709242e-06
Rajshahi/raj174.wav,val,0.00011099466,0.2042825,0.00057448255,0.0004067092,0.011516248,0.0019436849,0.0001974716,0.78095704,1.0908263e-05
Rajshahi/raj175.wav,val,6.0858154e-09,5.0591414e-05,0.9999083,4.754122e-06,4.701762e-11,2.5632846e-06,1.12334965e-05,2.2502685e-05,2.2257208e-08
Rajshahi/raj176.wav,val,8.925174e-09,2.1919986e-05,0.99984133,1.7571714e-05,7.028958e-11,1.1748974e-06,3.586216e-05,8.1980004e-05,8.604914e-08
Rajshahi/raj177.wav,val,4.223294e-08,0.0056833727,0.00032073472,3.4936777e-05,1.8006993e-05,4.2240113e-06,2.144006e-06,0.99393505,1.4653962e-06
Rajshahi/raj178.wav,val,8.7243805e-08,0.99667466,3.2857354e-06,6.968002e-05,0.0010117246,9.107757e-06,3.7220915e-09,0.0022314093,1.6851802e-08
Rajshahi/raj179.wav,val,4.011219e-06,0.012538849,0.34324312,0.00073032075,4.138036e-06,0.00019952249,0.0022907336,0.6409817,7.5366165e-06
Rajshahi/raj18.wav,val,4.7032444e-08,7.193281e-07,1.7422848e-06,8.401329e-08,4.343171e-06,1.2629454e-06,4.7199264e-05,0.99992836,1.620769e-05
Rajshahi/raj180.wav,val,2.882837e-08,0.012041596,0.048374698,0.00013352348,9.890407e-07,1.2271345e-05,1.30493445e-05,0.9394222,1.8034054e-06
Rajshahi/raj19.wav,val,1.5344114e-07,1.7826537e-06,2.1581923e-06,1.4416689e-07,1.1247534e-05,2.165592e-06,6.1053805e-05,0.9999031,1.827967e-05
Rajshahi/raj22.wav,test,7.655833e-06,7.439983e-07,6.62043e-06,4.424976e-07,4.3978576e-05,1.3407234e-05,0.0027621312,0.9970632,0.00010174529
Rajshahi/raj23.wav,val,2.2798742e-08,4.2365177e-06,2.0523128e-06,1.0709679e-07,8.935191e-06,1.2231146e-06,5.925693e-06,0.99997437,3.0619346e-06
Rajshahi/raj24.wav,test,0.00093611557,6.9121897e-06,6.695344e-05,1.3166814e-05,0.0007278864,0.00032381757,0.13880342,0.85849667,0.00062501366
Rajshahi/raj25.wav,val,0.001239388,5.199658e-06,1.5565605e-05,0.29807675,0.0002650301,4.4653614e-08,0.00021005054,0.00081114913,0.69937676
Rajshahi/raj26.wav,val,1.04731434e-07,4.9703685e-06,5.5684495e-06,3.3780523e-07,8.654187e-06,2.8273807e-06,6.0922135e-05,0.99990714,9.49096e-06
Rajshahi/raj27.wav,test,2.344918e-07,3.4703132e-07,7.311834e-06,1.6638681e-07,3.133596e-06,2.2135096e-06,0.00042570275,0.9995339,2.7124433e-05
Rajshahi/raj34.wav,val,4.3329848e-08,5.4295515e-07,2.0290463e-06,1.2429129e-07,3.7108387e-06,6.463814e-07,4.012846e-05,0.99993694,1.5867368e-05
Rajshahi/raj36.wav,val,4.8704942e-09,6.4324007e-07,1.7480493e-06,2.8971666e-08,1.2787868e-06,7.442002e-07,1.3348655e-05,0.99997854,3.7012383e-06
Rajshahi/raj37.wav,test,0.18279642,2.7786826e-05,3.1716647e-06,2.0661135e-07,0.014454116,0.7874981,0.01514061,5.6976158e-05,2.2642424e-05
Rajshahi/raj38.wav,test,1.2732249e-08,7.293979e-07,8.508793e-07,5.9172212e-08,5.2313703e-06,4.6124103e-07,7.852094e-06,0.99997807,6.7568544e-06
Rajshahi/raj43.wav,val,3.9802453e-05,1.4908287e-06,2.894751e-11,5.3376915e-08,0.9998802,5.3237673e-06,9.387759e-08,7.071708e-05,2.3310333e-06
Rajshahi/raj432.wav,test,3.3367574e-05,0.00024239812,2.445054e-07,1.365166e-05,0.095493004,1.5168878e-05,8.254006e-06,0.90401965,0.00017426777
Rajshahi/raj44.wav,test,4.7062304e-06,0.00591018,1.9687563e-05,0.99405944,2.2333934e-06,5.047967e-09,5.3934635e-09,7.179115e-08,3.529099e-06
Rajshahi/raj45.wav,test,0.0008822851,0.0018496277,2.580421e-07,0.98549783,0.011734943,8.151216e-08,3.029074e-08,3.531352e-07,3.448891e-05
Rajshahi/raj46.wav,test,9.1625065e-05,7.905345e-06,1.8420432e-11,7.370781e-07,0.9998963,2.1103056e-06,4.7530055e-09,5.623911e-07,7.639333e-07
Rajshahi/raj47.wav,test,2.5010313e-06,4.7488833e-05,1.4334222e-11,5.194008e-08,0.99994206,5.36481e-06,5.4729277e-10,2.4432743e-06,9.406371e-08
Rajshahi/raj48.wav,test,5.8208375e-08,0.9995714,9.136615e-06,0.00041142912,7.056291e-06,7.431342e-07,9.0852666e-11,2.2616746e-07,1.0848208e-09
Rajshahi/raj58.wav,test,8.2627585e-09,6.8564935e-07,2.0538753e-06,5.846729e-08,1.4665429e-06,4.984653e-07,1.5510393e-05,0.99997354,6.2167815e-06
Rajshahi/raj59.wav,test,1.4108285e-08,8.558091e-06,2.710618e-05,3.2132823e-07,8.943141e-07,1.7005138e-06,2.2778764e-05,0.9999354,3.1571135e-06
Rajshahi/raj645.wav,val,7.266055e-08,7.315354e-07,4.2703973e-06,3.5920644e-07,2.6481664e-06,5.7776134e-07,5.6679022e-05,0.99989164,4.2969128e-05
Rajshahi/raj646.wav,val,2.2466153e-08,6.113824e-07,3.0598114e-06,1.0614329e-07,1.6325562e-06,6.7360287e-07,3.662312e-05,0.99994063,1.6600352e-05
Rajshahi/raj647.wav,val,1.9920106e-08,4.6860274e-07,2.1529777e-06,1.16742704e-07,1.92028e-06,4.0723629e-07,2.4085215e-05,0.9999511,1.9743395e-05
Rajshahi/raj650.wav,test,2.2767133e-09,9.840943e-07,7.9908693e-07,4.2999417e-08,1.6639558e-06,2.307438e-07,2.2088277e-06,0.9999894,4.7138824e-06
Rajshahi/raj652.wav,test,2.093004e-09,7.427331e-07,1.698676e-06,6.180981e-08,9.048173e-07,1.8524199e-07,3.4475581e-06,0.99998796,4.9204696e-06
Rajshahi/raj655.wav,test,9.731921e-09,1.9485303e-06,7.0407066e-07,1.5148152e-07,5.9460294e-06,2.5657258e-07,2.4827855e-06,0.9999757,1.2962301e-05
Rajshahi/raj659.wav,test,1.982615e-09,9.3269165e-07,1.1277768e-06,5.1683568e-08,1.3259003e-06,2.0238794e-07,2.2447696e-06,0.99999034,3.817353e-06
Rajshahi/raj660.wav,test,3.79065e-09,1.2192046e-06,1.4321204e-06,1.2495794e-07,1.8110934e-06,1.9830802e-07,3.0377316e-06,0.9999864,5.720527e-06
Rajshahi/raj661.wav,test,4.11714e-09,8.160751e-07,4.3810037e-06,1.0986461e-07,7.0637134e-07,3.2270748e-07,8.822602e-06,0.9999794,5.4492994e-06
Rajshahi/raj662.wav,test,2.1223012e-09,8.6554184e-07,8.2648256e-07,5.1211156e-08,1.6597979e-06,1.7824267e-07,2.0312523e-06,0.99998987,4.4859694e-06
Rajshahi/raj665.wav,test,3.1613727e-09,1.1754095e-06,1.99103e-06,1.0750748e-07,1.3519593e-06,2.3720057e-07,3.5140738e-06,0.9999871,4.502145e-06
Rajshahi/raj666.wav,test,3.438629e-09,9.2772274e-07,1.3600016e-06,8.394727e-08,1.5456466e-06,2.0364908e-07,3.1359982e-06,0.99998724,5.538389e-06
Rajshahi/raj670.wav,test,1.9790811e-09,3.0718325e-06,9.453472e-07,5.6523948e-08,2.3848418e-06,3.0669455e-07,1.0926341e-06,0.9999896,2.5573154e-06
Rajshahi/raj675.wav,test,3.6917973e-09,5.6152817e-07,1.0116041e-06,5.3844715e-08,1.6261549e-06,2.2296356e-07,4.5898764e-06,0.99998486,7.0516608e-06
Rajshahi/raj679.wav,test,2.4700286e-09,1.0212747e-06,1.328397e-06,5.645517e-08,1.2169834e-06,2.3449276e-07,3.1030438e-06,0.99998903,4.037649e-06
Rajshahi/raj688.wav,val,5.0388493e-09,7.879828e-07,1.9484503e-06,1.3914175e-07,1.2471451e-06,1.7544501e-07,5.7138636e-06,0.9999796,1.04354385e-05
Rajshahi/raj689.wav,test,5.796614e-09,1.3766767e-06,4.6913788e-06,3.2832585e-07,9.140939e-07,1.9679169e-07,6.9548596e-06,0.9999753,1.0203821e-05
Rajshahi/raj690.wav,val,2.8849911e-09,6.3145984e-07,2.2114034e-06,7.718373e-08,7.456732e-07,2.0366743e-07,5.663218e-06,0.9999809,9.470657e-06
Rajshahi/raj691.wav,val,3.489698e-09,7.194717e-07,4.001724e-06,1.2811793e-07,6.2984026e-07,2.0998631e-07,7.7828945e-06,0.9999782,8.302962e-06
Rajshahi/raj693.wav,test,4.8395203e-09,9.508435e-07,2.266656e-06,1.9128622e-07,1.278067e-06,1.6479748e-07,4.6489654e-06,0.9999809,9.56917e-06
Rajshahi/raj694.wav,test,3.476512e-09,5.6946567e-07,2.6362554e-06,9.4138045e-08,7.0251053e-07,2.0117957e-07,7.3915735e-06,0.99997854,9.849696e-06
Rajshahi/raj695.wav,test,3.6802903e-09,7.869599e-07,3.635692e-06,1.7894051e-07,7.1708007e-07,1.6339634e-07,6.1169817e-06,0.9999758,1.2526049e-05
Rajshahi/raj699.wav,test,2.7716083e-09,6.535316e-07,7.8392975e-07,6.082942e-08,1.6338112e-06,1.351167e-07,2.4343065e-06,0.9999851,9.086996e-06
Rajshahi/raj71.wav,test,9.14805e-09,2.4684125e-06,1.9140169e-05,1.4835072e-07,6.09259e-07,1.3237079e-06,2.8448982e-05,0.9999453,2.5308443e-06
Rajshahi/raj710.wav,test,3.3920506e-09,7.352498e-07,9.935413e-07,4.32444e-08,1.549913e-06,2.803059e-07,3.905733e-06,0.99998665,5.827028e-06
Rajshahi/raj711.wav,test,3.1710703e-09,7.0373136e-07,1.0014982e-06,4.830984e-08,1.4998224e-06,2.3746641e-07,3.7135123e-06,0.99998677,6.059816e-06
Rajshahi/raj712.wav,test,0.00010166038,4.822539e-08,3.71375e-05,1.352176e-08,9.5225795e-07,0.027350487,0.9724883,2.0693979e-05,7.728487e-07
Rajshahi/raj714.wav,test,3.7557784e-09,7.4545414e-07,1.5400983e-06,7.191426e-08,1.2151083e-06,2.5690662e-07,5.003585e-06,0.99998367,7.4626755e-06
Rajshahi/raj715.wav,test,3.3330587e-09,1.5999536e-06,7.7321573e-07,8.566512e-08,3.1843042e-06,2.3917954e-07,1.6499657e-06,0.9999881,4.3865475e-06
Rajshahi/raj717.wav,test,8.964253e-09,7.384138e-07,1.8878225e-06,1.6611388e-07,1.8110294e-06,2.2104912e-07,7.667726e-06,0.999974,1.3553853e-05
Rajshahi/raj718.wav,test,1.989677e-09,1.0655212e-06,1.7875325e-06,6.8507504e-08,9.483776e-07,2.0996649e-07,2.9278438e-06,0.9999887,4.169926e-06
Rajshahi/raj719.wav,test,4.8625575e-09,8.292079e-07,1.3743488e-06,1.1297502e-07,1.7868326e-06,1.9156637e-07,3.9521706e-06,0.99998426,7.421551e-06
Rajshahi/raj72.wav,test,0.00037633936,0.12394389,0.4948863,0.3398267,2.7614054e-05,6.425176e-05,0.0018948326,0.024887891,0.014092197
Rajshahi/raj722.wav,test,4.938008e-09,6.0870167e-07,1.1749258e-06,9.161223e-08,1.7774685e-06,1.8965268e-07,4.7384783e-06,0.99998176,9.589176e-06
Rajshahi/raj723.wav,test,1.2675661e-08,6.736816e-07,1.8359096e-06,1.9570152e-07,2.1439737e-06,2.2989998e-07,1.0409899e-05,0.9999583,2.6080439e-05
Rajshahi/raj724.wav,test,7.415561e-09,1.5034302e-06,7.2283474e-06,2.5532356e-07,8.6186003e-07,3.590058e-07,1.1638929e-05,0.9999709,7.14748e-06
Rajshahi/raj728.wav,test,4.1729193e-09,5.820934e-07,1.6445848e-06,1.12736274e-07,1.3283776e-06,1.6178538e-07,5.0382832e-06,0.9999821,9.044889e-06
Rajshahi/raj730.wav,test,5.181976e-09,7.831382e-07,1.1815453e-06,9.1257434e-08,1.9589165e-06,2.2722064e-07,4.3119458e-06,0.99998283,8.594085e-06
Rajshahi/raj732.wav,test,4.6013082e-09,1.0650162e-06,2.347573e-06,8.381804e-08,1.1807366e-06,3.7050737e-07,6.503168e-06,0.9999839,4.5356023e-06
Rajshahi/raj734.wav,test,5.6666756e-09,8.8822856e-07,2.220886e-06,7.9819145e-08,1.2555918e-06,4.0667115e-07,7.8186e-06,0.99998057,6.7577157e-06
Rajshahi/raj74.wav,test,4.2011047e-07,2.366476e-06,3.2225937e-06,6.7675837e-06,2.2098315e-05,2.7377027e-07,3.9541945e-05,0.9997509,0.0001743691
Rajshahi/raj740.wav,test,8.753751e-09,3.0491476e-06,1.0992015e-06,3.302379e-07,5.6684585e-06,2.1098269e-07,1.9560994e-06,0.9999808,6.9134803e-06
Rajshahi/raj742.wav,test,2.9084548e-08,1.0275943e-06,1.2790217e-06,3.0735362e-07,5.8502706e-06,2.858383e-07,9.1813245e-06,0.9999496,3.237672e-05
Rajshahi/raj745.wav,test,4.6485695e-09,6.479821e-07,1.989523e-06,1.2854571e-07,1.147418e-06,1.8417293e-07,6.39741e-06,0.9999794,1.0122022e-05
Rajshahi/raj751.wav,test,8.20625e-09,1.2089725e-06,1.7015736e-06,1.9296982e-07,2.0907528e-06,2.2043079e-07,5.223327e-06,0.9999757,1.3609882e-05
Rajshahi/raj752.wav,val,1.7677627e-09,2.3817668e-06,3.489324e-06,1.2097811e-07,6.4406976e-07,1.9233791e-07,2.2634508e-06,0.99998677,4.076314e-06
Rajshahi/raj753.wav,test,9.326455e-09,8.3076065e-07,1.889102e-06,1.7661215e-07,1.9583938e-06,2.719338e-07,9.058467e-06,0.99997056,1.5379697e-05
Rajshahi/raj755.wav,test,8.376121e-09,1.1296398e-06,2.5479098e-06,2.6449624e-07,1.6442231e-06,2.1190698e-07,6.3202324e-06,0.9999776,1.0362239e-05
Rajshahi/raj756.wav,val,7.2664075e-09,8.8324674e-07,1.4443675e-06,1.709713e-07,1.9405197e-06,1.8823818e-07,5.409707e-06,0.9999751,1.4897983e-05
Rajshahi/raj757.wav,test,4.929896e-09,1.1123147e-06,2.252625e-06,2.4370453e-07,1.4829752e-06,1.5206402e-07,3.9755832e-06,0.9999819,8.848171e-06
Rajshahi/raj759.wav,test,2.9427916e-09,7.8149867e-07,1.3177174e-06,7.169031e-08,1.3033247e-06,1.8538444e-07,3.2896332e-06,0.9999871,5.8777146e-06
Rajshahi/raj760.wav,val,2.4845876e-09,8.310029e-07,2.9800285e-06,8.6563176e-08,7.248738e-07,2.27532e-07,5.0847025e-06,0.9999856,4.4548924e-06
Rajshahi/raj761.wav,val,7.938208e-09,1.0137904e-06,6.4848227e-06,1.6639343e-07,8.0818097e-07,4.2867762e-07,1.7035316e-05,0.9999684,5.705376e-06
Rajshahi/raj763.wav,test,7.195301e-09,6.1225387e-07,1.5088306e-06,1.1976486e-07,1.6890497e-06,2.0661668e-07,6.663784e-06,0.99997735,1.1793373e-05
Rajshahi/raj766.wav,test,6.995555e-09,1.0120735e-06,1.2108973e-06,1.0312198e-07,2.0385125e-06,2.3718519e-07,4.686386e-06,0.99998236,8.432696e-06
Rajshahi/raj767.wav,val,0.9994931,3.5565236e-08,1.8686514e-07,1.8862706e-06,1.0983706e-05,3.7357335e-05,0.00045287903,9.3120994e-10,3.4542127e-06
Rajshahi/raj768.wav,val,0.00039543962,6.0988903e-10,6.473829e-06,2.2967908e-08,9.741901e-08,0.00021408223,0.99938107,1.3955075e-06,1.4745162e-06
Rajshahi/raj769.wav,test,9.8079305e-09,9.283041e-07,1.1157149e-06,1.17599754e-07,2.5753907e-06,2.391729e-07,5.8655237e-06,0.99996614,2.2962375e-05
Rajshahi/raj770.wav,test,3.3875338e-09,1.4891099e-06,8.100506e-07,5.7109986e-08,2.3540465e-06,3.0491805e-07,2.1747383e-06,0.99998736,5.5528703e-06
Rajshahi/raj772.wav,test,2.6055216e-09,8.0294535e-07,9.551676e-07,7.3344864e-08,1.645924e-06,1.4770826e-07,2.2424886e-06,0.9999883,5.7374373e-06
Rajshahi/raj774.wav,test,3.375421e-09,9.025698e-07,1.2341034e-06,5.0670227e-08,1.5280225e-06,3.464723e-07,3.8551e-06,0.99998724,4.889956e-06
Rajshahi/raj776.wav,test,1.071392e-08,1.6508966e-06,2.032222e-06,2.8899035e-07,2.6125474e-06,2.4012306e-07,5.1053094e-06,0.99997413,1.3956148e-05
Rajshahi/raj777.wav,test,4.4312087e-09,1.6748888e-06,1.287457e-06,1.0205844e-07,1.8076391e-06,2.4413254e-07,2.764774e-06,0.9999838,8.326877e-06
Rajshahi/raj78.wav,val,4.310472e-08,1.4477612e-06,1.535351e-06,7.1236053e-07,6.4517694e-06,1.8723641e-07,8.746977e-06,0.99992335,5.7517544e-05
Rajshahi/raj794.wav,test,1.955995e-09,8.929167e-07,1.1306507e-06,5.4964936e-08,1.2013124e-06,1.9009718e-07,2.5541012e-06,0.9999881,5.9285726e-06
Rajshahi/raj799.wav,test,3.2612335e-09,8.4788974e-07,1.5788241e-06,1.13223415e-07,1.1006948e-06,1.622166e-07,3.909849e-06,0.9999813,1.1092468e-05
Rajshahi/raj8.wav,test,0.0010189655,0.0007922739,2.6114625e-05,0.00029568266,0.017396947,0.00010385358,0.00077782996,0.9765405,0.0030477506
Rajshahi/raj80.wav,val,1.4660047e-08,1.935034e-06,8.929448e-07,3.5704082e-07,6.616709e-06,1.7478135e-07,3.2555367e-06,0.999969,1.76996e-05
Rajshahi/raj800.wav,test,5.656495e-09,1.1697493e-06,3.1392217e-06,1.7904813e-07,9.968993e-07,2.2708936e-07,7.107807e-06,0.9999733,1.3834514e-05
Rajshahi/raj802.wav,test,1.2869967e-08,6.640262e-07,2.0213636e-06,4.6690903e-07,1.9698048e-06,1.2894373e-07,9.306061e-06,0.9999275,5.7887693e-05
Rajshahi/raj803.wav,test,5.6485123e-09,6.6801135e-07,1.6404385e-06,1.2097478e-07,1.3320692e-06,2.0174977e-07,6.665506e-06,0.9999707,1.870841e-05
Rajshahi/raj804.wav,test,3.5335983e-09,6.6222947e-07,2.8252712e-06,1.1270517e-07,7.44412e-07,1.8633207e-07,6.279632e-06,0.9999789,1.02742515e-05
Rajshahi/raj805.wav,val,1.5851745e-09,1.6455213e-06,1.7881582e-06,5.72156e-08,1.0637443e-06,2.8353736e-07,2.0542298e-06,0.9999906,2.585746e-06
Rajshahi/raj807.wav,test,2.3654807e-09,2.612633e-06,1.5599181e-06,3.996956e-08,1.5918897e-06,5.8372933e-07,2.354811e-06,0.9999896,1.6604181e-06
Rajshahi/raj809.wav,test,8.399817e-09,3.2420385e-06,1.6908378e-06,2.568855e-07,3.5698424e-06,2.983399e-07,2.8780914e-06,0.9999759,1.216048e-05
Rajshahi/raj81.wav,test,0.0156219,0.00016426385,0.0007302802,0.84877515,0.0014672385,4.3663094e-06,0.0122956345,0.096254975,0.024686165
Rajshahi/raj810.wav,test,2.1590636e-09,6.634275e-07,8.4168045e-07,5.3173924e-08,1.4534726e-06,1.5793425e-07,2.3955236e-06,0.9999877,6.7285105e-06
Rajshahi/raj811.wav,test,1.9567603e-09,1.0467407e-06,9.203153e-07,7.074228e-08,1.6917716e-06,1.50312e-07,1.5952187e-06,0.9999901,4.397333e-06
Rajshahi/raj812.wav,test,3.000787e-09,8.008069e-07,1.2121553e-06,8.716306e-08,1.4686158e-06,1.6093963e-07,2.8574693e-06,0.999987,6.357706e-06
Rajshahi/raj814.wav,test,7.1172925e-09,9.728075e-07,2.3984219e-06,1.8009275e-07,1.4803117e-06,2.23072e-07,6.7142278e-06,0.9999771,1.0867527e-05
Rajshahi/raj818.wav,test,1.811848e-09,2.0770494e-06,1.953276e-06,4.378351e-08,1.0472606e-06,4.591718e-07,2.252224e-06,0.99998975,2.4433373e-06
Rajshahi/raj82.wav,test,4.980075e-05,2.788965e-06,3.6544018e-06,0.999894,1.484472e-06,6.3452665e-10,7.959534e-07,2.834194e-07,4.7273774e-05
Rajshahi/raj821.wav,test,2.0291622e-09,1.1599496e-06,7.655861e-07,4.9420642e-08,1.8265091e-06,2.1714123e-07,1.7556056e-06,0.99998987,4.3192445e-06
Rajshahi/raj822.wav,test,2.4375082e-09,1.0606011e-06,9.710437e-07,6.344161e-08,1.8646485e-06,1.9988005e-07,2.120366e-06,0.99998975,3.8709145e-06
Rajshahi/raj829.wav,val,1.7536046e-08,1.3767284e-06,1.1066724e-06,5.463933e-08,5.798554e-06,1.0380878e-06,1.1356483e-05,0.9999747,4.628935e-06
Rajshahi/raj83.wav,test,6.995124e-09,1.6555476e-06,1.3917264e-06,3.4592165e-07,3.127779e-06,1.4335572e-07,2.962997e-06,0.99998176,8.643532e-06
Rajshahi/raj837.wav,val,3.2559485e-05,1.8249311e-05,4.538739e-05,2.1119672e-06,0.00016902362,0.00021598523,0.0038359987,0.99561656,6.40766e-05
Rajshahi/raj839.wav,test,0.028873583,0.008037013,0.00033265265,0.00020141012,0.11764832,0.046759684,0.048673816,0.74862176,0.0008517215
Rajshahi/raj84.wav,test,0.0006189537,0.0009521946,8.242919e-05,0.9325927,0.0023618252,4.4318736e-07,9.418792e-05,0.059172355,0.0041248966
Rajshahi/raj843.wav,test,8.687373e-09,7.715793e-06,5.4109273e-06,1.0927194e-07,3.6777867e-06,1.7095844e-06,8.313812e-06,0.99997187,1.1617642e-06
Rajshahi/raj846.wav,val,7.838123e-09,2.6683254e-06,2.6769555e-06,5.5753922e-08,2.946536e-06,1.2293912e-06,8.70504e-06,0.99997926,2.4867968e-06
Rajshahi/raj85.wav,test,6.000078e-09,2.0638581e-06,7.8911296e-07,2.0736309e-07,4.731518e-06,1.5679959e-07,1.7799377e-06,0.9999833,6.92216e-06
Rajshahi/raj853.wav,test,6.083552e-08,6.328949e-07,3.0771957e-06,6.0210766e-08,3.823403e-06,2.6633222e-06,0.00013931507,0.9998411,9.164549e-06
Rajshahi/raj854.wav,val,1.0591601e-08,9.908306e-06,4.0195264e-06,1.6123418e-07,3.850015e-06,9.675749e-07,3.8048602e-06,0.999972,5.3776544e-06
Rajshahi/raj859.wav,test,1.23861e-07,0.002382082,0.00010302118,3.1555214e-06,3.4841025e-05,9.939769e-05,4.3871813e-05,0.99732983,3.6212718e-06
Rajshahi/raj860.wav,test,4.886958e-08,7.683423e-07,1.7610064e-05,6.7427095e-08,1.2985349e-06,8.250861e-06,0.0007377078,0.99922943,4.7259905e-06
Rajshahi/raj9.wav,val,5.3037326e-07,8.981891e-06,4.498361e-05,2.1757228e-06,8.359048e-06,5.159391e-06,0.00031178098,0.9996056,1.2427359e-05
Rajshahi/raj92.wav,test,2.609037e-07,1.169388e-05,8.929572e-06,5.6121036e-05,2.4701983e-05,2.0052791e-07,1.5676518e-05,0.9998135,6.886226e-05
Rajshahi/raj96.wav,test,1.36920635e-08,7.309566e-06,8.7269177e-07,5.805541e-07,1.2121262e-05,2.0062629e-07,1.3355935e-06,0.99996924,8.296436e-06
Dhaka/dhk1.wav,test,1.283442e-05,1.2646609e-08,0.0052873115,1.5319694e-07,3.661294e-09,0.00029575723,0.9943685,3.4066245e-05,1.3911855e-06
Dhaka/dhk10.wav,test,9.1447845e-08,2.9731825e-07,0.99702495,1.3383552e-06,1.4967517e-11,8.357657e-06,0.0029596095,5.1853694e-06,1.6987438e-07
Dhaka/dhk100.wav,test,5.979326e-06,2.5846456e-10,5.5223547e-05,2.3620414e-08,1.06304645e-08,2.1964042e-05,0.99984837,6.3875406e-05,4.5810684e-06
Dhaka/dhk108.wav,test,2.9443834e-05,0.22167976,0.24544781,0.4965297,2.5388537e-05,2.3838249e-05,0.00011763918,0.036111794,3.4605488e-05
Dhaka/dhk109.wav,test,0.0013437524,0.86562204,0.06556163,0.0026059283,0.00096211035,0.011389122,0.003943883,0.046045125,0.0025263764
Dhaka/dhk11.wav,test,4.2716458e-08,1.1630074e-06,0.9996909,1.1674367e-06,8.840467e-12,5.992158e-06,0.00029922827,1.4624055e-06,5.590202e-08
Dhaka/dhk111.wav,val,1.26178605e-08,0.00046501777,0.9995136,4.961182e-06,1.0626611e-10,9.254542e-06,3.0223273e-06,4.1257085e-06,2.3956142e-08
Dhaka/dhk115.wav,test,0.99992025,1.3571334e-07,6.3404066e-08,8.8230545e-06,3.6695623e-05,6.291648e-06,2.3670995e-05,5.4005017e-10,4.054642e-06
Dhaka/dhk118.wav,val,5.8635763e-09,2.1161788e-05,0.9999713,4.2061224e-06,6.1576256e-12,9.735684e-07,2.0010723e-06,3.7864342e-07,1.1164741e-08
Dhaka/dhk12.wav,test,2.7414156e-08,7.272506e-07,0.9995142,1.4853042e-06,8.8179065e-12,3.6881938e-06,0.00047561206,4.0938703e-06,7.872935e-08
Dhaka/dhk120.wav,val,9.067737e-09,9.048858e-06,0.99997735,9.393992e-06,4.665154e-12,5.2894416e-07,3.4172203e-06,2.5626122e-07,1.844129e-08
Dhaka/dhk121.wav,val,4.6748863e-09,2.1886028e-05,0.9999579,1.7988814e-05,5.5366146e-12,3.9977084e-07,1.5370698e-06,2.8811385e-07,1.0175894e-08
Dhaka/dhk123.wav,val,1.2341834e-08,9.186051e-06,0.99996066,2.7364942e-05,3.9470896e-12,2.641774e-07,2.3805076e-06,1.201226e-07,1.719518e-08
Dhaka/dhk124.wav,val,6.8310504e-09,6.67037e-06,0.9999839,3.7904656e-06,4.008147e-12,8.014156e-07,4.5098054e-06,3.0416913e-07,1.3934413e-08
Dhaka/dhk126.wav,val,5.5253415e-09,1.45397935e-05,0.9999763,4.5306183e-06,6.448911e-12,9.3212367e-07,3.0844992e-06,5.917135e-07,1.8543378e-08
Dhaka/dhk128.wav,test,3.9461217e-08,1.1053487e-06,0.9999347,3.3445936e-06,2.9704674e-12,1.2415236e-06,5.9429938e-05,1.9553423e-07,1.825172e-08
Dhaka/dhk13.wav,test,1.228997e-06,2.3969399e-06,0.9144297,1.6745805e-06,1.8671293e-09,0.00025530846,0.08386529,0.0014414891,2.9004495e-06
Dhaka/dhk132.wav,val,2.8992586e-09,1.0521861e-05,0.99997985,6.7607534e-06,3.230178e-12,4.5234265e-07,2.0674895e-06,3.6269535e-07,1.2507579e-08
Dhaka/dhk133.wav,val,2.5735074e-09,1.28647835e-05,0.9999809,1.941364e-06,4.3801074e-12,1.3023227e-06,2.4093156e-06,5.736308e-07,1.1300228e-08
Dhaka/dhk134.wav,test,3.5626138e-09,1.1302292e-05,0.99997604,9.898665e-06,3.7172665e-12,3.5430938e-07,1.985716e-06,3.7020425e-07,1.8081716e-08
Dhaka/dhk14.wav,test,1.6928919e-06,7.9320944e-07,0.859177,5.76275e-06,1.0608783e-09,6.813937e-05,0.13978612,0.0009563586,4.1173207e-06
Dhaka/dhk140.wav,val,7.085869e-09,7.471017e-06,0.999985,2.5680936e-06,2.853694e-12,1.1961438e-06,3.5608846e-06,1.5762083e-07,8.40709e-09
Dhaka/dhk141.wav,val,7.1024586e-09,1.9121626e-05,0.99997354,4.4152666e-06,4.0800783e-12,1.1549105e-06,1.6828066e-06,1.3925613e-07,9.390314e-09
Dhaka/dhk143.wav,val,5.3143343e-09,1.0977988e-05,0.9999813,4.5506035e-06,3.008192e-12,9.1397646e-07,2.2020374e-06,1.3569574e-07,9.2547e-09
Dhaka/dhk144.wav,val,3.4536225e-09,2.4294566e-05,0.9999683,4.951676e-06,4.5134473e-12,8.6868783e-07,1.2590177e-06,2.7019345e-07,1.0787842e-08
Dhaka/dhk145.wav,val,3.843368e-09,2.2168108e-05,0.9999696,6.1706723e-06,3.8222927e-12,6.8756646e-07,1.1570293e-06,1.872665e-07,8.010617e-09
Dhaka/dhk147.wav,val,1.18082255e-08,1.7301093e-06,0.99997854,3.869915e-06,2.1664738e-12,7.554317e-07,1.4955973e-05,1.5352488e-07,1.7594372e-08
Dhaka/dhk148.wav,val,6.0741687e-09,1.0308873e-05,0.99996316,2.418586e-05,3.9249827e-12,2.1933886e-07,1.9261338e-06,2.625215e-07,2.0154392e-08
Dhaka/dhk149.wav,val,4.8310698e-09,1.2085823e-05,0.99998033,4.8139227e-06,3.1609123e-12,7.8003325e-07,1.7844397e-06,1.5799063e-07,8.6764675e-09
Dhaka/dhk15.wav,test,1.9628531e-05,4.588713e-08,0.25520188,2.5957356e-06,4.0964743e-10,9.308953e-05,0.74467385,5.589747e-06,3.3193758e-06
Dhaka/dhk150.wav,val,7.588795e-09,6.62527e-06,0.99998415,5.798178e-06,2.621658e-12,6.233241e-07,2.790467e-06,1.1417326e-07,1.056822e-08
Dhaka/dhk152.wav,test,1.24761055e-08,1.4670768e-06,0.9999609,1.0693481e-05,3.9459534e-12,3.6669647e-07,2.5725556e-05,7.5217986e-07,5.2827886e-08
Dhaka/dhk153.wav,val,4.636062e-09,3.942093e-06,0.99998415,5.5833534e-06,2.54617e-12,4.5685073e-07,5.434794e-06,3.8905094e-07,1.2171049e-08
Dhaka/dhk154.wav,val,2.3636029e-09,0.00021868483,0.9997677,4.6931655e-06,2.554701e-11,3.4612594e-06,1.8249161e-06,3.6688043e-06,6.495072e-09
Dhaka/dhk155.wav,test,4.8371813e-09,1.9484913e-05,0.99997044,1.4734989e-06,7.585076e-12,3.3980652e-06,4.561512e-06,6.868953e-07,7.89105e-09
Dhaka/dhk158.wav,val,2.867669e-09,7.282641e-06,0.9999802,7.548508e-06,3.6666802e-12,4.2148878e-07,3.8725057e-06,7.5658005e-07,1.2330734e-08
Dhaka/dhk159.wav,val,3.6658236e-09,4.171875e-05,0.9999511,3.771958e-06,6.623092e-12,1.6017219e-06,1.434693e-06,3.8709584e-07,8.706767e-09
Dhaka/dhk16.wav,test,5.999153e-09,9.1429945e-07,0.99995697,1.2574797e-06,2.0598432e-12,1.20081e-06,3.8924936e-05,7.271357e-07,2.320304e-08
Dhaka/dhk17.wav,test,1.6606615e-08,4.8580824e-07,0.9998388,1.323519e-06,3.064256e-12,2.0560658e-06,0.00015637414,8.550596e-07,3.2367776e-08
Dhaka/dhk170.wav,val,8.80902e-09,3.0182314e-06,0.9999807,4.013789e-06,3.674733e-12,6.2777656e-07,1.1108488e-05,5.368383e-07,2.3322235e-08
Dhaka/dhk18.wav,test,1.6674726e-06,5.1664165e-07,0.976845,3.6319982e-06,1.3654612e-10,3.139097e-05,0.02310296,1.3322509e-05,1.349193e-06
Dhaka/dhk182.wav,val,6.822233e-09,2.5405356e-05,0.99996257,9.862706e-06,5.4414225e-12,6.6542896e-07,1.3655617e-06,1.7281417e-07,1.08306635e-08
Dhaka/dhk19.wav,test,2.3781307e-05,1.7333664e-06,0.03828737,6.435596e-06,1.6321319e-07,0.0002634389,0.8938705,0.06749228,5.440544e-05
Dhaka/dhk2.wav,test,1.4608961e-06,3.3058896e-07,0.902858,1.7723297e-06,1.7474568e-10,0.00012328982,0.09698383,3.0790754e-05,5.364464e-07
Dhaka/dhk20.wav,test,1.7976479e-08,1.3037583e-06,0.99987435,2.0973787e-06,7.472033e-12,1.614761e-06,0.000117357115,3.0856236e-06,6.995177e-08
Dhaka/dhk21.wav,test,9.91631e-08,8.680293e-05,0.9998354,1.9344665e-05,2.3107057e-10,4.2579736e-06,3.4275887e-05,1.8906227e-05,8.0817523e-07
Dhaka/dhk22.wav,test,7.052667e-09,1.3814854e-06,0.99990976,1.4892869e-06,4.4133135e-12,1.8783543e-06,8.286854e-05,2.6439902e-06,2.9415276e-08
Dhaka/dhk223.wav,val,8.076032e-09,7.2381467e-06,0.99998486,3.2425744e-06,2.8031403e-12,1.3319599e-06,3.214381e-06,9.666304e-08,7.1761526e-09
Dhaka/dhk224.wav,val,7.971923e-09,4.351819e-06,0.99998546,4.920532e-06,2.2003625e-12,8.7481413e-07,4.3016885e-06,9.914924e-08,8.629525e-09
Dhaka/dhk225.wav,val,0.002991142,0.0006044927,0.9941109,0.0019633141,1.41349545e-08,0.00015758416,0.00017140903,5.634362e-08,1.2072732e-06
Dhaka/dhk226.wav,val,8.520091e-09,4.470662e-05,0.9999471,3.3815056e-06,7.4076405e-12,3.2577016e-06,1.4697355e-06,1.3586255e-07,6.008702e-09
Dhaka/dhk23.wav,test,9.246855e-07,7.1055165e-06,0.4878671,7.2599373e-06,3.9238333e-08,0.00020718397,0.16038123,0.3515047,2.442418e-05
Dhaka/dhk24.wav,test,1.2353676e-08,5.239146e-06,0.99997365,1.5038402e-06,5.638381e-12,2.3579148e-06,1.6659487e-05,5.7465496e-07,2.1419627e-08
Dhaka/dhk25.wav,test,6.916248e-06,9.909031e-10,0.0005330228,8.0438795e-08,3.716917e-09,2.550661e-05,0.9993923,3.830632e-05,3.8887206e-06
Dhaka/dhk254.wav,val,3.2524214e-09,1.6658198e-05,0.9999764,4.365355e-06,3.895225e-12,9.744093e-07,1.4783171e-06,2.2349603e-07,6.3044006e-09
Dhaka/dhk255.wav,val,5.4253393e-09,2.4468934e-06,0.999984,1.9761196e-06,2.040986e-12,1.1416602e-06,1.0191773e-05,2.411002e-07,9.893275e-09
Dhaka/dhk256.wav,val,5.9201968e-09,5.516197e-06,0.99998534,4.5615366e-06,2.1637134e-12,6.7544715e-07,3.85964e-06,1.3035827e-07,9.275378e-09
Dhaka/dhk257.wav,val,4.7001847e-09,3.238157e-05,0.9999609,1.8515847e-06,5.8676796e-12,2.9762143e-06,1.6630739e-06,2.3526904e-07,4.018863e-09
Dhaka/dhk258.wav,val,3.8391645e-09,1.1237194e-05,0.99998176,3.8038054e-06,3.2083678e-12,7.8188737e-07,2.10803e-06,2.3922408e-07,7.864903e-09
Dhaka/dhk259.wav,test,8.207187e-09,6.101203e-06,0.99997354,7.044385e-07,4.221051e-12,6.540512e-06,1.2848013e-05,2.8217835e-07,7.405249e-09
Dhaka/dhk26.wav,test,7.2619e-07,3.2945109e-06,0.001034334,1.2983038e-06,6.5547954e-07,2.7752765e-05,0.008158189,0.99075717,1.6545151e-05
Dhaka/dhk27.wav,test,4.396242e-08,1.2830286e-05,0.9934558,4.537533e-06,7.590514e-10,1.9032444e-05,0.0022225343,0.004284392,7.5040964e-07
Dhaka/dhk28.wav,test,5.567598e-07,5.1161246e-06,0.95873994,2.0145013e-05,1.9738913e-09,2.798486e-05,0.036614012,0.0045860494,6.1898854e-06
Dhaka/dhk283.wav,test,6.3292913e-09,1.5194067e-05,0.99997616,1.6742772e-06,5.5322183e-12,2.6600137e-06,4.038594e-06,3.0229486e-07,6.5199743e-09
Dhaka/dhk29.wav,test,2.1564817e-06,2.9048168e-05,0.900714,0.00011311367,1.512142e-08,9.4081326e-05,0.08711372,0.011918093,1.5707266e-05
Dhaka/dhk292.wav,val,4.5400457e-09,1.0682141e-05,0.9999794,5.285255e-06,5.099423e-12,5.887225e-07,3.4947498e-06,6.2696085e-07,3.4602426e-08
Dhaka/dhk3.wav,test,5.0916948e-05,4.6334367e-09,0.009140057,5.8086346e-07,1.2038219e-09,5.1374565e-05,0.9907516,3.6415204e-06,1.7566672e-06
Dhaka/dhk30.wav,test,4.6012598e-08,2.9625355e-06,0.99843675,4.012005e-06,6.2745614e-11,6.6008515e-06,0.0014498427,9.9383484e-05,4.013989e-07
Dhaka/dhk301.wav,test,6.782575e-09,4.7420936e-06,0.99998426,3.9572205e-06,3.8489277e-12,6.567268e-07,6.012001e-06,4.2316998e-07,2.1971058e-08
Dhaka/dhk302.wav,test,5.514075e-09,7.5561748e-06,0.99998355,4.619644e-06,4.0267815e-12,6.445881e-07,3.3523286e-06,3.3292537e-07,1.7980875e-08
Dhaka/dhk303.wav,test,9.9304266e-08,1.7346584e-06,0.9999361,3.7966406e-06,6.227923e-12,2.4696542e-06,5.5608336e-05,1.303827e-07,2.5565296e-08
Dhaka/dhk31.wav,test,4.5441377e-07,0.00011988798,0.98016834,0.00011461195,8.60191e-09,1.9162715e-05,0.004971056,0.014601316,5.15696e-06
Dhaka/dhk318.wav,val,2.561526e-08,1.9074444e-06,0.9999697,6.214055e-06,3.2425835e-12,6.826448e-07,2.1356384e-05,1.9261142e-07,1.4924302e-08
Dhaka/dhk319.wav,val,8.6988035e-09,1.5987402e-05,0.99995923,2.1196372e-05,5.5416613e-12,3.730517e-07,2.8612076e-06,2.9381363e-07,9.442318e-09
Dhaka/dhk324.wav,val,2.2312589e-08,2.4615485e-06,0.99997497,3.396587e-06,3.2028308e-12,1.1581294e-06,1.7937931e-05,1.6786261e-07,1.3714254e-08
Dhaka/dhk325.wav,val,9.656273e-06,0.68897605,0.23777957,0.07321707,2.1479327e-07,1.549966e-05,5.629111e-07,1.1699673e-06,1.6812947e-07
Dhaka/dhk327.wav,val,3.333104e-08,0.007908033,0.9920203,3.845652e-05,1.2077914e-09,1.9520998e-05,1.8491197e-06,1.1775818e-05,1.5147835e-08
Dhaka/dhk328.wav,val,4.6142722e-07,0.00015151507,0.9997608,4.8922142e-05,2.1870518e-10,7.345459e-06,2.929759e-05,1.4867223e-06,8.436095e-08
Dhaka/dhk358.wav,test,1.8324421e-08,4.826827e-07,0.9997539,6.8269526e-07,3.6320187e-12,4.866988e-06,0.00023916698,8.8371354e-07,4.0371532e-08
Dhaka/dhk364.wav,val,1.6103131e-05,7.761861e-06,0.55630386,5.580224e-06,1.13171215e-08,0.0040846453,0.43935272,0.00022510887,4.2754587e-06
Dhaka/dhk37.wav,test,2.0013436e-05,3.288074e-06,0.01133272,1.6046975e-05,1.358972e-06,7.831304e-05,0.23517978,0.75285065,0.0005178119
Dhaka/dhk384.wav,val,2.5544726e-09,2.2660488e-05,0.9999652,7.79862e-06,5.204808e-12,5.006072e-07,2.602694e-06,1.1823631e-06,3.6395974e-08
Dhaka/dhk4.wav,test,6.4246946e-09,0.0001405361,0.9998461,9.8582295e-06,2.1708451e-11,1.6126072e-06,1.2327764e-06,7.105354e-07,1.0332679e-08
Dhaka/dhk41.wav,test,1.1268312e-06,0.00014245421,0.9068181,0.00022118745,4.446061e-08,5.7997997e-05,0.0151015725,0.077631675,2.572318e-05
Dhaka/dhk428.wav,val,8.2901925e-09,9.93261e-07,0.9999275,8.1314676e-07,2.5428906e-12,2.9686882e-06,6.695643e-05,7.1197434e-07,2.7735652e-08
Dhaka/dhk429.wav,val,7.587965e-09,1.9310949e-06,0.99994147,2.3509594e-06,3.2340547e-12,1.608681e-06,5.1267052e-05,1.3405203e-06,5.0882615e-08
Dhaka/dhk43.wav,test,7.397722e-07,8.8184795e-05,0.69111913,4.2164498e-05,5.443313e-08,0.000106839645,0.027418159,0.28115728,6.738864e-05
Dhaka/dhk430.wav,val,5.4702594e-09,1.8746515e-06,0.9999517,2.5722388e-06,3.0618093e-12,1.078862e-06,4.1189272e-05,1.5193253e-06,3.8978644e-08
Dhaka/dhk433.wav,val,2.487069e-09,6.779327e-06,0.9999825,5.061464e-06,2.2819329e-12,7.1441315e-07,4.5569145e-06,4.2085148e-07,1.5723467e-08
Dhaka/dhk436.wav,val,4.057859e-09,9.389481e-06,0.9999529,3.4527464e-05,2.7219138e-12,2.41084e-07,2.5960628e-06,2.5924393e-07,1.2221497e-08
Dhaka/dhk439.wav,val,2.3952735e-09,4.48271e-06,0.9999707,2.416786e-06,3.9196402e-12,1.866748e-06,1.8242677e-05,2.3588007e-06,1.6181199e-08
Dhaka/dhk44.wav,test,1.1569874e-07,8.808043e-06,0.007198452,3.592239e-06,1.5862689e-07,1.0588366e-05,0.0019659626,0.99079555,1.6818472e-05
Dhaka/dhk440.wav,val,4.453638e-09,1.8316623e-05,0.9999095,5.6331915e-05,1.469504e-11,3.2045023e-07,7.5254197e-06,7.960542e-06,4.3899902e-08
Dhaka/dhk455.wav,test,5.3655183e-09,5.3330505e-06,0.9999858,4.5609904e-06,2.6848062e-12,6.070289e-07,3.4202913e-06,1.8636696e-07,1.4490022e-08
Dhaka/dhk46.wav,test,7.736369e-09,5.827165e-06,0.9999052,2.983164e-06,1.7119297e-11,2.108542e-06,6.747563e-05,1.62109e-05,6.4513195e-08
Dhaka/dhk462.wav,test,6.7697603e-09,2.7920298e-06,0.9999852,3.512439e-06,2.438749e-12,7.6759517e-07,7.5252715e-06,2.1651967e-07,1.9159021e-08
Dhaka/dhk463.wav,test,6.5691443e-09,2.378303e-06,0.9999839,2.7473066e-06,2.4345536e-12,8.802139e-07,9.728387e-06,2.7775056e-07,1.7028668e-08
Dhaka/dhk47.wav,test,1.7823305e-08,5.0598646e-06,0.99743146,5.417618e-06,1.8571503e-10,6.4466194e-06,0.0011575283,0.0013933665,6.595913e-07
Dhaka/dhk470.wav,test,1.8888946e-08,1.4254374e-06,0.9999715,1.8551782e-06,2.7759628e-12,1.564838e-06,2.344567e-05,1.8467169e-07,1.878515e-08
Dhaka/dhk478.wav,val,3.1243687e-08,8.865423e-07,0.99993134,1.7482434e-06,3.4274443e-12,2.0308953e-06,6.365467e-05,2.2260618e-07,3.427771e-08
Dhaka/dhk48.wav,test,1.9872135e-07,1.8138732e-06,0.96636283,1.1423662e-05,9.0099245e-10,2.0083655e-05,0.029158438,0.0044414056,3.794426e-06
Dhaka/dhk488.wav,val,0.05997521,0.012605338,0.38867277,0.0045217252,0.00019037465,0.023734318,0.47017792,0.011959018,0.028163312
Dhaka/dhk49.wav,test,2.8160501e-08,1.9568404e-06,0.00031853205,4.023273e-07,1.9038718e-07,3.5776447e-06,0.0004973246,0.99917066,7.4338727e-06
Dhaka/dhk492.wav,val,1.1435873e-08,8.4165777e-07,0.99979395,2.2213337e-06,5.1852407e-12,1.4291026e-06,0.00019715448,4.312303e-06,8.928706e-08
Dhaka/dhk493.wav,test,1.7969493e-08,0.00070403394,0.9992724,1.0400835e-05,1.1476536e-10,5.875407e-06,3.4409934e-06,3.7136565e-06,6.86047e-08
Dhaka/dhk5.wav,test,2.6048294e-08,5.4375896e-06,0.9998252,2.8323088e-06,2.4783228e-11,3.2826515e-06,0.00015388927,9.359568e-06,1.1957867e-07
Dhaka/dhk50.wav,test,1.3144665e-08,7.1715783e-07,0.99978966,1.5637703e-06,4.8373697e-12,2.3503624e-06,0.00020289313,2.749999e-06,4.967126e-08
Dhaka/dhk51.wav,test,4.4206626e-08,1.6448254e-05,0.93339413,5.793538e-06,3.1798462e-09,3.526415e-05,0.0038676558,0.06267644,4.257839e-06
Dhaka/dhk515.wav,test,1.1625495e-08,1.9222778e-06,0.999962,1.4458357e-06,4.661551e-12,1.7257057e-06,3.1874526e-05,9.3672014e-07,4.9810094e-08
Dhaka/dhk516.wav,val,2.2415204e-06,4.1792068e-09,1.370025e-07,5.8779887e-07,7.843236e-07,1.028917e-08,9.46774e-06,2.2906874e-05,0.99996376
Dhaka/dhk52.wav,test,2.1439446e-08,4.1803204e-07,0.999554,1.2764262e-06,5.2180916e-12,3.7754903e-06,0.0004382075,2.15107e-06,6.048373e-08
Dhaka/dhk53.wav,test,8.027464e-09,6.7334116e-07,0.9999496,1.1268504e-06,1.8127368e-12,1.9290985e-06,4.6221383e-05,4.0170855e-07,1.773987e-08
Dhaka/dhk54.wav,test,9.4131195e-07,1.639059e-05,0.52117926,1.1920293e-05,4.4640945e-08,0.0001499686,0.06215507,0.4164522,3.431796e-05
Dhaka/dhk549.wav,test,1.1933766e-08,5.1589996e-06,0.9999778,1.0975532e-05,3.849446e-12,4.5828307e-07,5.3775725e-06,2.091596e-07,2.1343782e-08
Dhaka/dhk55.wav,test,9.065166e-09,4.7862077e-06,0.99997425,8.639631e-07,5.296913e-12,4.777497e-06,1.47958835e-05,5.1050057e-07,2.3540045e-08
Dhaka/dhk556.wav,val,1.0262756e-08,2.1573965e-06,0.9999815,3.4365034e-06,2.822219e-12,6.655539e-07,1.1922681e-05,3.1802907e-07,3.113395e-08
Dhaka/dhk558.wav,test,3.1131862e-09,2.845737e-05,0.99996257,5.1564716e-06,6.85257e-12,7.804487e-07,2.1028634e-06,9.170124e-07,1.5513558e-08
Dhaka/dhk56.wav,test,5.899523e-07,4.969946e-06,0.86859095,7.1216455e-06,7.515104e-09,0.00012844874,0.08269909,0.048558876,9.943481e-06
Dhaka/dhk568.wav,test,2.7641988e-08,6.664938e-06,0.99953365,9.049425e-06,7.666428e-11,3.0911153e-06,0.0002850639,0.00016224771,3.4661812e-07
Dhaka/dhk57.wav,test,3.490604e-06,6.8623676e-06,0.42133915,1.5607904e-05,6.89891e-08,0.00037636815,0.37043774,0.20779444,2.6284428e-05
Dhaka/dhk58.wav,test,1.5359899e-07,2.3751134e-05,0.319907,7.4735476e-06,3.7794642e-08,8.100612e-05,0.013589715,0.66637516,1.5659321e-05
Dhaka/dhk580.wav,val,3.994798e-09,1.3994978e-05,0.9999535,5.1791003e-06,1.3817202e-11,1.1485159e-06,1.5598818e-05,1.055016e-05,4.1326288e-08
Dhaka/dhk585.wav,val,3.248704e-09,7.1120717e-06,0.99936694,3.0529218e-06,5.5014902e-11,3.4969855e-06,0.00012656453,0.00049271213,1.9101626e-07
Dhaka/dhk59.wav,test,5.9522773e-09,8.569539e-07,0.9999517,1.127856e-06,2.2682112e-12,1.5184822e-06,4.3930468e-05,7.660805e-07,2.2970418e-08
Dhaka/dhk590.wav,val,8.625585e-09,1.8586665e-06,0.9999732,1.643551e-06,3.3073125e-12,1.4351338e-06,2.1277947e-05,6.127805e-07,4.2119865e-08
Dhaka/dhk591.wav,val,3.177801e-09,4.579463e-06,0.99998605,3.5327191e-06,2.8941118e-12,5.597271e-07,4.7057415e-06,6.496875e-07,2.6830973e-08
Dhaka/dhk592.wav,val,2.6541473e-09,2.4096811e-05,0.99996614,4.9826554e-06,6.2057703e-12,9.703821e-07,2.74461e-06,1.0067953e-06,2.3175343e-08
Dhaka/dhk6.wav,test,0.00013843385,0.00015841714,0.93509823,3.30184e-05,6.278289e-08,0.0014066322,0.06247876,0.00026942242,0.00041710975
Dhaka/dhk60.wav,test,3.3134114e-08,3.8509975e-07,0.99953055,9.553706e-07,4.8509343e-12,5.0153412e-06,0.00046154673,1.3490951e-06,5.7062447e-08
Dhaka/dhk602.wav,val,0.0047983103,3.4125853e-05,2.7783706e-05,0.0010137821,0.0005621792,7.5843514e-06,0.0016921839,0.0020509323,0.98981315
Dhaka/dhk603.wav,val,0.00055501267,0.00010006023,8.656562e-06,0.64683276,0.000113081696,1.5033944e-08,5.1148886e-06,3.987434e-05,0.3523454
Dhaka/dhk604.wav,val,0.000494428,0.945651,0.001969625,0.0033842023,0.0031015836,0.0005795872,3.140007e-05,0.044742484,4.5646728e-05
Dhaka/dhk605.wav,val,1.5468653e-05,1.0620246e-08,2.1053422e-07,2.0648695e-05,1.2130611e-06,4.1984807e-09,1.1220121e-05,9.717274e-06,0.99994147
Dhaka/dhk606.wav,val,0.99747986,1.547913e-06,7.062573e-07,0.00033868526,0.0009791866,1.41478895e-05,0.00057720527,7.9732865e-07,0.000607903
Dhaka/dhk607.wav,val,0.059823047,0.20175385,7.166406e-05,0.7176133,0.019961065,3.7651855e-05,6.468639e-06,1.797367e-05,0.000714933
Dhaka/dhk61.wav,test,6.372673e-09,1.3229633e-06,0.9999443,8.47586e-07,3.762458e-12,2.7130848e-06,4.9325943e-05,1.3859076e-06,2.4900938e-08
Dhaka/dhk613.wav,val,4.629143e-09,7.003974e-06,0.999982,7.043266e-06,2.9852624e-12,4.787005e-07,3.2713365e-06,2.4557096e-07,1.1036891e-08
Dhaka/dhk614.wav,val,3.9750923e-09,0.00047296553,0.99951375,9.073795e-06,4.3539884e-11,2.7147603e-06,4.8360374e-07,9.855811e-07,4.8059183e-09
Dhaka/dhk62.wav,test,5.17831e-09,4.2196416e-06,0.99997115,1.1583857e-06,4.6283793e-12,2.2895563e-06,1.9962223e-05,1.218598e-06,1.9372797e-08
Dhaka/dhk63.wav,val,1.4428284e-08,1.5653467e-06,6.659846e-05,3.6567917e-07,3.5395414e-07,1.344046e-06,0.0001297582,0.99979204,8.007282e-06
Dhaka/dhk64.wav,test,7.8005e-06,1.9104684e-06,0.067039646,1.4634134e-06,3.239175e-08,0.0018320192,0.92968357,0.0014191481,1.4476814e-05
Dhaka/dhk644.wav,test,1.3989026e-08,3.5921865e-05,0.999915,4.4491244e-05,1.7544268e-11,5.0280784e-07,3.5766377e-06,5.335544e-07,1.6937832e-08
Dhaka/dhk65.wav,test,0.00019997107,1.528732e-05,0.038410228,1.9797437e-05,6.537009e-07,0.0017352252,0.95086735,0.008656077,9.550176e-05
Dhaka/dhk66.wav,test,2.0231337e-08,1.1857053e-05,0.9998006,1.2822818e-05,5.338043e-11,2.8288623e-06,0.000116368865,5.539429e-05,1.4367888e-07
Dhaka/dhk67.wav,test,1.7177449e-07,5.893759e-05,0.00034296437,6.80615e-10,4.4522122e-07,0.99943596,0.00014422569,1.730011e-05,2.682771e-09
Dhaka/dhk68.wav,test,6.643214e-07,8.823848e-05,0.9400288,1.7881895e-07,4.8775846e-09,0.055564135,0.004269122,4.8805916e-05,6.4031944e-08
Dhaka/dhk69.wav,test,1.8104696e-08,2.4802064e-06,0.999726,1.4528815e-06,1.6362538e-11,5.1018383e-06,0.00025221682,1.2624918e-05,5.2730822e-08
Dhaka/dhk7.wav,test,3.7506304e-08,2.9745975e-06,0.9996339,2.7576011e-06,2.5031482e-11,3.8760368e-06,0.00034268847,1.3669883e-05,1.1153489e-07
Dhaka/dhk70.wav,test,1.3638143e-05,1.4762566e-06,0.01282969,1.1445641e-07,1.3814929e-07,0.10785765,0.8791223,0.00017434331,6.8876386e-07
Dhaka/dhk71.wav,test,6.4426127e-09,9.198185e-06,0.99995124,2.2724241e-06,1.2790426e-11,2.7751712e-06,2.690508e-05,7.520941e-06,3.8574143e-08
Dhaka/dhk72.wav,test,0.0031177609,0.0007782948,0.0023139552,1.8572214e-06,4.2237803e-05,0.9081232,0.085494705,0.00012210019,5.923157e-06
Dhaka/dhk73.wav,test,8.448299e-06,8.151977e-06,0.9872191,3.6514232e-06,4.4370962e-10,0.00022058471,0.012536151,3.4755772e-06,5.0658815e-07
Dhaka/dhk733.wav,val,4.3795375e-05,0.035249524,0.0012212053,2.3273426e-06,0.00016795594,0.9623694,0.0006139842,0.00032826836,3.5651103e-06
Dhaka/dhk74.wav,test,0.019661272,0.0009197406,0.14347143,0.6941769,1.7808154e-05,3.621213e-05,0.030528734,0.0002688333,0.11091902
Dhaka/dhk75.wav,test,6.5077934e-06,2.8542084e-07,0.82681483,3.6444158e-06,3.0777214e-10,8.541742e-05,0.173066,2.1732814e-05,1.529381e-06
Dhaka/dhk756.wav,val,1.0631583e-06,0.0065873144,2.4193447e-05,7.6674995e-09,4.16622e-05,0.99332595,5.5497017e-06,1.4174417e-05,8.562364e-09
Dhaka/dhk758.wav,val,2.7340796e-09,0.99991345,1.8288229e-05,5.631291e-07,1.0486879e-06,6.493876e-05,3.5436373e-10,1.666971e-06,2.0261713e-10
Dhaka/dhk76.wav,test,2.5096876e-06,4.800876e-07,0.9862248,2.4921113e-05,7.0164985e-11,8.615061e-06,0.013735054,2.922644e-06,7.6477596e-07
Dhaka/dhk79.wav,test,2.486139e-07,5.896935e-07,0.9960951,5.468729e-06,4.016745e-11,5.317988e-06,0.0038796633,1.32527975e-05,3.589842e-07
Dhaka/dhk8.wav,test,6.74863e-07,5.9463204e-05,0.99889565,8.817033e-06,6.3526806e-10,3.663146e-05,0.0009511169,4.7000343e-05,6.5033214e-07
Dhaka/dhk81.wav,test,1.4639527e-06,4.224112e-07,0.78517824,3.9049687e-06,6.123898e-10,9.643736e-05,0.21454138,0.00017457722,3.500645e-06
Dhaka/dhk82.wav,test,1.957339e-06,3.0291062e-08,0.021613546,2.344931e-07,3.363411e-09,0.00020337815,0.97774565,0.00043211653,3.077098e-06
Dhaka/dhk83.wav,test,2.9870726e-08,9.706118e-07,0.9995602,1.573088e-06,9.399156e-12,3.9974275e-06,0.00043029978,2.8635318e-06,9.343942e-08
Dhaka/dhk84.wav,test,3.3786832e-06,3.0490529e-07,0.010008013,9.3242573e-07,1.0712782e-07,0.0002663004,0.94076407,0.048924487,3.2415086e-05
Dhaka/dhk85.wav,test,2.840122e-08,4.8663185e-07,0.99922895,1.0128495e-06,8.35851e-12,5.3122335e-06,0.00076064235,3.402489e-06,8.4985e-08
Dhaka/dhk86.wav,test,4.1165698e-09,2.437692e-05,0.9998771,2.2659367e-06,4.6104315e-11,4.7614644e-06,3.5841284e-05,5.5582044e-05,5.199975e-08
Dhaka/dhk87.wav,test,2.3862465e-06,0.023888906,0.96950835,8.754175e-05,2.5250665e-07,0.00059776026,0.00061092374,0.005263517,4.0371546e-05
Dhaka/dhk88.wav,test,3.477717e-08,1.2523562e-05,0.99986684,2.20351e-06,4.3122284e-11,5.9162703e-06,0.000106336025,6.0248917e-06,1.2437637e-07
Dhaka/dhk89.wav,test,0.0036916463,0.002874476,0.92619926,0.0003586792,1.9519402e-06,0.0068994556,0.059499733,0.00018114097,0.00029367785
Dhaka/dhk90.wav,val,4.1339152e-07,4.847892e-05,3.5146877e-05,1.2502959e-07,3.3502987e-05,0.0008423056,0.00091722235,0.99812025,2.5335887e-06
Dhaka/dhk91.wav,val,1.5952142e-07,0.0005485323,0.010264996,1.5697087e-05,1.0717779e-06,3.315299e-05,0.00032293977,0.98880625,7.1779377e-06
Dhaka/dhk92.wav,test,2.363575e-07,1.5033857e-05,0.026169233,4.3256405e-06,1.4053313e-07,3.506769e-05,0.008164295,0.9655917,1.9974852e-05
Dhaka/dhk93.wav,val,1.7964098e-07,2.634736e-05,0.029088818,7.3499596e-06,1.5167736e-07,2.4381621e-05,0.0024522515,0.96838725,1.3346819e-05
Dhaka/dhk96.wav,test,3.7474527e-07,7.1395897e-07,0.8863268,2.9245557e-06,9.881724e-10,6.401303e-05,0.110464364,0.0031364851,4.3935115e-06
Dhaka/dhk97.wav,test,5.0628365e-08,3.893544e-07,0.9960671,1.654077e-06,2.9284755e-11,7.783851e-06,0.0038823301,4.0506227e-05,2.1430397e-07
Dhaka/dhk98.wav,test,6.4451933e-06,3.700358e-10,6.94714e-05,2.956117e-08,1.1391739e-08,2.6348916e-05,0.9998258,6.851467e-05,3.459385e-06
Dhaka/dhk99.wav,test,6.595065e-06,1.670618e-10,4.257268e-05,2.380483e-08,9.07829e-09,1.702653e-05,0.99989307,3.625048e-05,4.4789185e-06
Noakhali/nkhl1.wav,val,5.6280624e-05,3.0552746e-10,2.0479669e-05,1.9319343e-07,3.5804188e-08,7.396646e-06,0.9998759,1.0878185e-05,2.8750264e-05
Noakhali/nkhl1000.wav,val,7.6093224e-06,2.419976e-10,1.0893264e-05,3.364525e-09,3.4355157e-08,0.00032807255,0.9996418,1.0255881e-05,1.4209018e-06
Noakhali/nkhl1001.wav,val,2.2215885e-05,4.3767174e-11,9.057272e-06,2.6429522e-08,1.0528771e-08,9.3102835e-06,0.99994826,2.8657857e-06,8.345859e-06
Noakhali/nkhl1006.wav,test,9.252512e-06,8.059105e-11,1.2451115e-05,1.4959564e-08,1.3284544e-08,2.7337974e-05,0.9999398,6.731134e-06,4.4530107e-06
Noakhali/nkhl1010.wav,val,1.074773e-05,7.6245545e-11,1.2914212e-05,2.5787172e-08,1.8018595e-08,1.0609818e-05,0.99993515,2.1442256e-05,9.089463e-06
Noakhali/nkhl1012.wav,val,1.2487395e-05,1.0281792e-10,1.62979e-05,2.6080366e-08,1.45294e-08,1.4712358e-05,0.9999398,1.1590783e-05,4.971712e-06
Noakhali/nkhl1014.wav,test,1.0399328e-05,1.1913175e-10,1.2284725e-05,2.7926566e-08,2.8359745e-08,1.6893384e-05,0.99992836,2.377197e-05,8.25531e-06
Noakhali/nkhl1017.wav,val,1.8428356e-05,5.8703466e-11,1.572311e-05,2.9242965e-08,8.194665e-09,1.0389704e-05,0.99994755,3.4573884e-06,4.4721623e-06
Noakhali/nkhl1024.wav,test,1.6284384e-05,4.523093e-10,1.466398e-05,2.3130116e-08,8.798786e-08,9.73644e-05,0.9998247,4.156707e-05,5.290211e-06
Noakhali/nkhl1025.wav,test,1.2088561e-05,4.885428e-11,7.019138e-06,8.990298e-09,1.5282222e-08,2.4825176e-05,0.9999455,6.66647e-06,3.909508e-06
Noakhali/nkhl1026.wav,test,0.0003704159,1.4355829e-11,1.3773509e-06,1.2082477e-08,2.5737556e-08,1.3253152e-05,0.99961156,3.0514926e-07,3.0282124e-06
Noakhali/nkhl1027.wav,test,0.99990654,2.2922725e-08,1.4702282e-08,1.6137861e-06,3.819748e-05,6.8810273e-06,4.2629767e-05,4.6033113e-10,4.1187077e-06
Noakhali/nkhl1028.wav,test,0.00039645177,1.5385212e-11,1.828548e-06,2.5961707e-08,2.132369e-08,7.362481e-06,0.99958736,2.8739856e-07,6.754118e-06
Noakhali/nkhl1029.wav,test,0.00041803755,1.3369367e-11,1.5556978e-06,1.5482929e-08,2.0292156e-08,9.80413e-06,0.99956566,2.1602486e-07,4.6571636e-06
Noakhali/nkhl1030.wav,test,0.19923706,1.5014556e-10,7.2672094e-07,7.922185e-08,9.819545e-07,0.00017061608,0.80058193,2.1315197e-08,8.534059e-06
Noakhali/nkhl1031.wav,test,0.764572,1.907224e-10,3.7130857e-07,3.9731492e-07,2.1930025e-06,2.5756986e-05,0.23537327,1.2884178e-08,2.6109483e-05
Noakhali/nkhl1032.wav,test,0.9998989,1.4358472e-08,1.5989889e-08,1.4227047e-06,2.5806128e-05,6.3285584e-06,6.356252e-05,3.8964654e-10,4.0100977e-06
Noakhali/nkhl1034.wav,test,9.841643e-05,1.501545e-11,1.8504397e-06,6.638048e-09,1.6098133e-08,2.031639e-05,0.9998764,5.0961347e-07,2.4300873e-06
Noakhali/nkhl1035.wav,test,0.00012350027,1.9158015e-10,2.434901e-06,1.0818948e-09,9.89767e-08,0.0022330373,0.99764,6.891974e-07,2.8295477e-07
Noakhali/nkhl1036.wav,test,8.88401e-05,1.3257605e-11,2.0794314e-06,9.731469e-09,1.5495951e-08,9.097476e-06,0.9998951,9.803792e-07,3.9224637e-06
Noakhali/nkhl1037.wav,test,4.3121463e-06,3.342115e-07,2.8499207e-06,1.0725307e-10,3.2888058e-06,0.99553126,0.004455387,2.61235e-06,6.4152603e-09
Noakhali/nkhl1038.wav,test,2.6820657e-05,2.910244e-11,3.5615783e-06,4.9553712e-09,1.5159864e-08,3.6927675e-05,0.99992895,1.7420781e-06,1.9834893e-06
Noakhali/nkhl1040.wav,test,0.9997986,3.8481742e-09,1.7224561e-08,7.9798417e-07,1.2062325e-05,5.4108045e-06,0.00017916247,3.749735e-10,4.0163777e-06
Noakhali/nkhl1044.wav,test,2.1253421e-05,2.9144437e-11,5.393761e-06,8.912008e-09,1.1415886e-08,1.8965102e-05,0.99994814,2.1481742e-06,4.076184e-06
Noakhali/nkhl1045.wav,test,2.2423417e-05,3.239471e-11,5.7158636e-06,1.1550419e-08,1.2531861e-08,1.7403025e-05,0.9999472,2.2535958e-06,4.9467058e-06
Noakhali/nkhl1046.wav,test,1.50975475e-05,4.0076435e-11,7.028455e-06,1.4583955e-08,1.3822146e-08,1.1722635e-05,0.99995303,6.362573e-06,6.7259157e-06
Noakhali/nkhl1049.wav,val,1.8201106e-05,1.3652358e-09,9.284369e-06,2.753332e-09,1.9563115e-07,0.0037437195,0.99621826,9.828344e-06,5.1090876e-07
Noakhali/nkhl1051.wav,val,1.615996e-05,5.3761006e-11,4.897193e-06,7.343824e-09,2.2699405e-08,3.264632e-05,0.9999374,6.317664e-06,2.5028114e-06
Noakhali/nkhl1055.wav,test,6.498872e-06,1.4056925e-10,1.51463255e-05,1.5909803e-08,1.9540675e-08,3.5921323e-05,0.9999229,1.5691818e-05,3.8730445e-06
Noakhali/nkhl1060.wav,test,8.662916e-06,1.0201759e-10,1.0079604e-05,1.5918298e-08,2.4385963e-08,2.1840653e-05,0.99993396,1.8938734e-05,6.4324795e-06
Noakhali/nkhl1073.wav,test,1.8745171e-05,5.219794e-11,5.4009734e-06,1.0473809e-08,1.9596111e-08,2.3402748e-05,0.99994445,4.127306e-06,3.8391704e-06
Noakhali/nkhl1074.wav,test,1.3663449e-05,5.025229e-11,8.814915e-06,1.8498486e-08,1.3660731e-08,1.2419327e-05,0.99995184,6.283727e-06,6.9545563e-06
Noakhali/nkhl1077.wav,test,1.4696054e-05,5.371395e-11,8.526133e-06,2.0094259e-08,1.7845634e-08,9.935268e-06,0.9999448,1.2402007e-05,9.502095e-06
Noakhali/nkhl108.wav,val,7.6598626e-05,3.5342066e-05,2.0872765e-11,6.0771605e-08,0.99986196,2.5396477e-05,5.01938e-09,5.005106e-07,1.274584e-07
Noakhali/nkhl1083.wav,val,1.4599432e-05,4.8604704e-11,7.817069e-06,1.7614298e-08,1.683887e-08,1.0305139e-05,0.99994886,1.1131614e-05,7.2442945e-06
Noakhali/nkhl1086.wav,test,8.575251e-06,8.8181046e-11,9.6346575e-06,1.191758e-08,2.3017655e-08,2.4055757e-05,0.99992895,2.3882214e-05,4.903615e-06
Noakhali/nkhl109.wav,val,0.9108601,8.576831e-06,1.4646397e-08,2.6823823e-06,0.087364204,0.0017046334,5.16793e-05,1.1824088e-07,7.97347e-06
Noakhali/nkhl1098.wav,test,0.003179821,3.192812e-10,1.5262834e-06,2.2117241e-09,4.2358508e-07,0.0059125945,0.990905,1.0851583e-07,5.2804666e-07
Noakhali/nkhl1099.wav,val,1.4722137e-05,3.999354e-09,2.2103202e-05,1.633456e-08,2.4092077e-07,0.0023290298,0.9976173,1.4996207e-05,1.6223096e-06
Noakhali/nkhl11.wav,test,0.0003017967,3.087116e-11,3.1411143e-06,4.966996e-08,2.886941e-08,6.510552e-06,0.9996815,6.43902e-07,6.491054e-06
Noakhali/nkhl110.wav,val,0.9998733,7.893204e-09,1.7511338e-08,2.1397063e-06,1.9963467e-05,2.6772386e-06,9.584575e-05,4.873658e-10,6.2273725e-06
Noakhali/nkhl1100.wav,val,8.844342e-06,2.5632652e-10,2.804811e-05,8.353506e-08,2.2216433e-08,1.9875608e-05,0.99991524,1.5201794e-05,1.2676851e-05
Noakhali/nkhl1101.wav,val,7.13675e-06,1.6182863e-10,2.0882882e-05,3.592103e-08,1.9380824e-08,1.5571633e-05,0.9999105,3.828903e-05,7.626648e-06
Noakhali/nkhl1102.wav,val,1.4937255e-05,1.520044e-10,1.1124323e-05,1.2489966e-08,2.1363832e-08,9.318244e-05,0.9998754,3.3006377e-06,2.0130594e-06
Noakhali/nkhl1105.wav,test,2.0194708e-05,2.359858e-10,7.924375e-06,3.8921604e-09,4.0009958e-08,0.0005194427,0.9994492,2.2907066e-06,9.0315683e-07
Noakhali/nkhl1107.wav,test,1.4052951e-05,5.5302533e-11,1.0285045e-05,1.9940199e-08,1.31406095e-08,1.2708126e-05,0.9999503,6.4424808e-06,6.1861324e-06
Noakhali/nkhl1108.wav,val,1.7533315e-05,9.59269e-11,9.208672e-06,3.058029e-08,2.4831884e-08,1.7468223e-05,0.99994063,8.6852515e-06,6.4493524e-06
Noakhali/nkhl1110.wav,test,9.6101785e-06,7.760336e-11,1.628676e-05,2.4563734e-08,1.1088397e-08,1.5057549e-05,0.99994373,8.045847e-06,7.179387e-06
Noakhali/nkhl1111.wav,test,7.865912e-06,1.1790391e-10,1.9472738e-05,3.4271626e-08,1.4253359e-08,1.6469201e-05,0.9999348,1.3757476e-05,7.641614e-06
Noakhali/nkhl1112.wav,test,1.1691622e-05,7.4920445e-11,1.6785323e-05,3.1198073e-08,1.1067404e-08,1.0981272e-05,0.9999447,8.201096e-06,7.5515873e-06
Noakhali/nkhl1113.wav,test,2.7608656e-05,5.930223e-11,9.78621e-06,4.4577575e-08,1.5671588e-08,6.728504e-06,0.9999391,5.8401088e-06,1.0903478e-05
Noakhali/nkhl1114.wav,test,2.5502572e-05,4.5532446e-11,6.8543536e-06,2.9551817e-08,1.768535e-08,8.059068e-06,0.9999423,5.1722013e-06,1.20789455e-05
Noakhali/nkhl1117.wav,test,1.5381447e-05,5.3019016e-11,8.76004e-06,1.84969e-08,1.4027349e-08,1.6475922e-05,0.999948,4.4363505e-06,6.912186e-06
Noakhali/nkhl1120.wav,val,1.6247726e-05,6.5386786e-11,9.228005e-06,3.2712265e-08,1.9702515e-08,8.79136e-06,0.99993885,1.0455504e-05,1.6349957e-05
Noakhali/nkhl1130.wav,test,4.286853e-05,4.2646126e-11,5.3388335e-06,2.4893387e-08,2.0258032e-08,1.1023133e-05,0.9999291,2.432984e-06,9.200296e-06
Noakhali/nkhl1131.wav,val,1.8393805e-05,7.329515e-11,9.396679e-06,3.4287076e-08,2.2528813e-08,8.154631e-06,0.9999373,1.5313983e-05,1.13740825e-05
Noakhali/nkhl1133.wav,val,1.1094355e-05,1.5241643e-10,1.5651427e-05,3.992897e-08,2.5269447e-08,1.1236378e-05,0.99991775,3.4198154e-05,9.949403e-06
Noakhali/nkhl1135.wav,val,9.426429e-06,1.11309635e-10,1.8127132e-05,3.8327464e-08,1.6354157e-08,1.0472207e-05,0.9999311,2.0496782e-05,1.0325515e-05
Noakhali/nkhl1136.wav,val,1.2098652e-05,9.215528e-11,1.7449445e-05,4.2988468e-08,1.343705e-08,9.139033e-06,0.99994075,1.1945378e-05,8.643862e-06
Noakhali/nkhl1138.wav,val,1.056998e-05,8.972262e-11,1.42478175e-05,3.8820268e-08,1.9846675e-08,9.22514e-06,0.99992967,2.2633509e-05,1.3528961e-05
Noakhali/nkhl1139.wav,val,8.465923e-06,9.6371106e-11,1.7076864e-05,2.772492e-08,1.5021397e-08,1.2168082e-05,0.99993336,2.0796351e-05,8.097392e-06
Noakhali/nkhl1140.wav,val,1.0100732e-05,1.0615322e-10,2.5723895e-05,4.0788308e-08,1.0233561e-08,9.8304845e-06,0.99993265,1.48406725e-05,6.8146724e-06
Noakhali/nkhl1141.wav,test,8.809908e-06,1.0642581e-10,2.350586e-05,2.3271953e-08,8.79543e-09,2.209926e-05,0.99993575,6.386074e-06,3.5008886e-06
Noakhali/nkhl1142.wav,test,1.680137e-05,6.318935e-11,1.5240332e-05,3.222935e-08,9.540544e-09,1.0663846e-05,0.99994755,3.983781e-06,5.6930385e-06
Noakhali/nkhl1143.wav,test,6.47979e-05,9.190107e-11,8.278539e-06,8.2723425e-08,2.7421393e-08,7.056646e-06,0.9999058,3.5096386e-06,1.0496249e-05
Noakhali/nkhl1155.wav,test,1.462353e-05,5.0770374e-11,1.0907809e-05,2.6815862e-08,1.242495e-08,1.0753878e-05,0.999951,5.86028e-06,6.672753e-06
Noakhali/nkhl1165.wav,val,0.99984324,9.770994e-08,2.5206768e-08,2.4199787e-06,9.995694e-05,1.7343047e-05,3.160014e-05,1.0844846e-09,5.2160945e-06
Noakhali/nkhl1169.wav,test,0.41713032,7.4381568e-09,5.276318e-06,1.1296234e-05,1.24907165e-05,5.0494717e-05,0.5820466,5.922399e-07,0.0007429254
Noakhali/nkhl1170.wav,test,0.95288014,1.1252623e-08,6.878401e-07,6.930832e-06,7.479126e-05,3.906235e-05,0.044977784,2.6918767e-07,0.00202039
Noakhali/nkhl1171.wav,test,0.6115167,7.835093e-09,3.8113428e-06,1.0351268e-05,1.7144805e-05,6.165279e-05,0.38787454,2.97864e-07,0.0005155616
Noakhali/nkhl1172.wav,test,0.7697293,4.639263e-08,7.83331e-06,1.0528463e-05,2.6678486e-05,0.00015297896,0.2287258,4.2947295e-07,0.0013463328
Noakhali/nkhl1173.wav,val,6.8634085e-09,1.7400613e-05,0.99996984,1.9276406e-06,9.154126e-12,3.04369e-06,6.9914627e-06,7.144123e-07,6.474873e-09
Noakhali/nkhl1174.wav,test,0.0062954505,1.8534296e-10,1.5983112e-06,1.618212e-07,6.042197e-07,1.6020844e-05,0.99363494,2.3607724e-06,4.8853944e-05
Noakhali/nkhl1175.wav,val,0.85886705,5.442709e-06,0.00014807812,0.00022630134,8.0621154e-05,0.0010327079,0.13723058,2.2764207e-06,0.0024069252
Noakhali/nkhl1177.wav,val,0.9691402,0.0010083619,4.7233192e-05,0.005716438,0.010345956,0.0017582102,0.009679503,1.7880911e-05,0.0022862053
Noakhali/nkhl1179.wav,val,0.0020196391,1.8583805e-08,2.3992756e-05,1.4018325e-06,2.862079e-06,0.00025815167,0.99698013,1.8441588e-05,0.0006953971
Noakhali/nkhl1181.wav,test,0.87557286,0.030630182,0.000187602,0.0045750374,0.0580942,0.011907436,0.0056259055,0.00029328137,0.013113409
Noakhali/nkhl1182.wav,test,0.0050299815,4.2255635e-10,2.2326951e-06,1.9994701e-07,9.2240197e-07,4.090461e-05,0.9948325,2.9585656e-06,9.016544e-05
Noakhali/nkhl1192.wav,test,0.008263182,4.974262e-10,4.166641e-06,3.727354e-07,6.46197e-07,2.1221242e-05,0.99140805,1.9771535e-06,0.0003004974
Noakhali/nkhl1194.wav,val,0.00019632773,1.3712231e-07,0.00010554787,1.6779944e-06,1.0607304e-05,0.00013881219,0.94090545,0.057469975,0.0011714697
Noakhali/nkhl1198.wav,val,0.007950689,6.2841394e-09,1.406719e-05,1.7044017e-06,2.504835e-06,5.4811087e-05,0.9918148,2.8060731e-05,0.0001333318
Noakhali/nkhl1199.wav,val,0.0063300803,6.2753993e-09,1.08143295e-05,8.227747e-07,4.4058925e-06,6.9682435e-05,0.99304587,0.00019412485,0.00034429313
Noakhali/nkhl1200.wav,val,0.0021617808,1.4020686e-09,8.612921e-06,6.3490535e-07,6.7449e-07,2.1754635e-05,0.9976851,1.8461651e-05,0.00010308204
Noakhali/nkhl1201.wav,test,0.014126043,4.1122865e-07,0.00015342575,8.91884e-06,7.716441e-06,0.00065475475,0.98474574,0.00014305871,0.00015987856
Noakhali/nkhl1206.wav,val,0.0017175713,9.759047e-09,2.7081425e-05,7.1250633e-07,2.1952078e-06,7.822592e-05,0.99732494,0.0007318637,0.0001173194
Noakhali/nkhl1207.wav,test,0.6301477,1.2355474e-07,1.3729491e-05,5.1655857e-06,5.894726e-05,0.0006656761,0.36728033,3.937761e-06,0.0018244525
Noakhali/nkhl1208.wav,test,0.26431072,8.604615e-06,1.319751e-05,0.00018651513,0.003422159,0.00020636666,0.0113847,5.80231e-05,0.7204097
Noakhali/nkhl1209.wav,test,0.9919681,3.3348024e-09,9.1568296e-08,1.5747694e-06,4.0806288e-05,1.4984375e-05,0.007893581,2.3244613e-08,8.088812e-05
Noakhali/nkhl1210.wav,test,0.0045054094,1.7895974e-10,2.6118823e-06,1.8861608e-07,2.5424018e-07,2.1697182e-05,0.99543554,5.433711e-07,3.37709e-05
Noakhali/nkhl1213.wav,test,0.014854501,1.0584335e-09,5.278576e-06,9.537164e-07,1.404526e-06,3.3460146e-05,0.9845578,9.270954e-07,0.0005456232
Noakhali/nkhl129.wav,val,9.460856e-06,6.738211e-11,1.4006863e-05,1.35246205e-08,1.03471045e-08,1.8197865e-05,0.9999441,1.0668712e-05,3.5117619e-06
Noakhali/nkhl134.wav,val,3.980355e-05,3.3370747e-11,7.550624e-06,3.6620115e-08,1.2791913e-08,4.1127228e-06,0.99993443,5.081122e-06,9.043182e-06
Noakhali/nkhl153.wav,test,0.0008416323,1.4090331e-11,2.056024e-06,3.3895198e-08,1.998804e-08,5.80839e-06,0.99914455,1.6269026e-07,5.815534e-06
Noakhali/nkhl157.wav,val,2.7592343e-05,5.099888e-11,1.8273795e-05,1.9560144e-08,4.307642e-09,2.3373095e-05,0.99992883,6.524928e-07,1.2952963e-06
Noakhali/nkhl161.wav,val,1.2585192e-05,5.484109e-11,1.8461511e-05,2.7871037e-08,7.521159e-09,1.0611821e-05,0.9999484,4.9112036e-06,5.106702e-06
Noakhali/nkhl163.wav,val,1.69006e-05,4.7802776e-11,9.492591e-06,2.2726162e-08,1.3705127e-08,1.0045257e-05,0.99995005,6.6269845e-06,6.8116397e-06
Noakhali/nkhl187.wav,val,0.000115968476,1.014007e-10,1.0546143e-05,9.969216e-08,1.926015e-08,1.31955085e-05,0.9998559,8.007179e-07,3.5029198e-06
Noakhali/nkhl196.wav,val,0.0007401496,2.3400228e-09,5.767609e-05,4.0529338e-07,1.07738884e-07,1.4717315e-05,0.9990859,5.7982008e-05,4.310715e-05
Noakhali/nkhl197.wav,val,0.7093325,5.793618e-10,7.7737485e-07,7.6865683e-07,3.709695e-06,3.5635887e-05,0.2905661,6.513089e-08,6.050952e-05
Noakhali/nkhl198.wav,val,9.671453e-06,7.5426325e-11,1.2904972e-05,2.4926571e-08,1.5339982e-08,1.4152416e-05,0.99994135,1.2065636e-05,9.815094e-06
Noakhali/nkhl199.wav,val,1.18770195e-05,6.273087e-11,1.3564021e-05,3.7792503e-08,1.4335938e-08,8.229482e-06,0.99994004,1.1413013e-05,1.4867089e-05
Noakhali/nkhl2.wav,val,0.00084828556,3.4729963e-10,1.8064615e-05,3.0425616e-07,4.5885063e-08,1.1463388e-05,0.99910504,1.2302414e-06,1.555845e-05
Noakhali/nkhl20.wav,test,2.787487e-05,8.1327736e-11,1.5362377e-05,4.7673225e-08,1.1158148e-08,1.0750206e-05,0.99993944,3.4701409e-06,2.993726e-06
Noakhali/nkhl200.wav,val,1.6238264e-05,5.0544006e-11,1.0071506e-05,3.4222285e-08,1.4406656e-08,6.1317846e-06,0.9999418,1.1327305e-05,1.44240275e-05
Noakhali/nkhl204.wav,test,2.174262e-05,5.823094e-11,1.980466e-05,4.4907e-08,5.8240333e-09,9.656652e-06,0.99994326,1.86228e-06,3.658686e-06
Noakhali/nkhl206.wav,val,2.4532314e-05,2.7632388e-11,7.143744e-06,1.1532013e-08,8.33691e-09,1.470932e-05,0.99994874,1.8278332e-06,2.9818775e-06
Noakhali/nkhl212.wav,val,0.00027153926,2.2351625e-07,0.0005132424,6.842837e-06,9.953862e-07,0.00019649549,0.9986192,0.0002066418,0.00018483227
Noakhali/nkhl213.wav,test,0.0008815264,0.9655033,2.2682963e-05,0.026820425,0.006650231,4.887717e-05,9.030024e-07,1.787337e-05,5.4208696e-05
Noakhali/nkhl214.wav,test,2.114419e-05,5.4384046e-11,1.1368099e-05,3.9888885e-08,1.3978033e-08,6.7147116e-06,0.99994516,7.335178e-06,8.286874e-06
Noakhali/nkhl215.wav,test,8.302693e-05,3.6824807e-11,6.668802e-06,3.958885e-08,1.3863187e-08,7.017885e-06,0.99989665,1.3166248e-06,5.324769e-06
Noakhali/nkhl217.wav,val,4.7990692e-05,2.2482979e-11,8.352187e-06,3.0810572e-08,7.0413027e-09,4.5236893e-06,0.9999317,1.5671159e-06,5.9391937e-06
Noakhali/nkhl219.wav,test,2.7975102e-05,4.578616e-11,1.2560709e-05,3.0737546e-08,9.399094e-09,7.754208e-06,0.9999429,4.068438e-06,4.842359e-06
Noakhali/nkhl220.wav,test,2.0435642e-05,4.700356e-11,9.382335e-06,3.3223678e-08,1.4768446e-08,7.323385e-06,0.99994683,6.6013467e-06,9.397683e-06
Noakhali/nkhl227.wav,val,1.7133629e-05,3.8135117e-11,8.481955e-06,1.9972973e-08,1.0161271e-08,7.1127424e-06,0.9999541,6.5408403e-06,6.5396553e-06
Noakhali/nkhl234.wav,val,3.4240024e-05,9.2070684e-11,1.405465e-05,4.8688396e-08,1.1567839e-08,1.269474e-05,0.99993396,2.5569168e-06,2.4980313e-06
Noakhali/nkhl235.wav,val,1.0371174e-05,9.753985e-11,1.5980693e-05,2.1265222e-08,1.1494505e-08,2.8376706e-05,0.9999373,4.969656e-06,2.989879e-06
Noakhali/nkhl237.wav,test,1.7278471e-05,3.9370097e-11,1.4469756e-05,2.9614602e-08,7.0205206e-09,6.654415e-06,0.99995136,4.5748825e-06,5.6827053e-06
Noakhali/nkhl239.wav,val,1.2744081e-05,1.0566084e-10,4.190831e-05,4.9332442e-08,5.2112474e-09,1.5112208e-05,0.99992406,3.6645135e-06,2.4057715e-06
Noakhali/nkhl242.wav,val,8.418294e-06,1.10042364e-10,1.8506025e-05,3.4558e-08,1.5391045e-08,1.4769494e-05,0.9999362,1.4430717e-05,7.672747e-06
Noakhali/nkhl243.wav,val,0.28078824,4.249622e-05,2.7957789e-05,0.6800334,0.00072012626,2.2679926e-06,0.00079128426,7.831189e-07,0.03759351
Noakhali/nkhl244.wav,val,2.089596e-05,1.3187205e-10,1.0157203e-05,5.5639205e-08,3.2321555e-08,1.49352345e-05,0.9999318,9.725005e-06,1.2410849e-05
Noakhali/nkhl249.wav,test,3.2595057e-05,4.4983614e-11,8.95151e-06,3.273066e-08,1.0524371e-08,9.192604e-06,0.9999423,1.7962209e-06,5.184092e-06
Noakhali/nkhl25.wav,test,2.7875107e-05,4.3449265e-11,9.646775e-06,4.3285883e-08,1.3447376e-08,5.8717296e-06,0.9999422,4.744635e-06,9.689778e-06
Noakhali/nkhl254.wav,val,1.2823861e-05,6.250788e-11,1.5376441e-05,3.301839e-08,9.844727e-09,9.237236e-06,0.9999496,6.2211757e-06,6.763431e-06
Noakhali/nkhl255.wav,val,0.12962465,4.5013931e-10,4.7661824e-06,1.6206441e-06,4.8660235e-07,2.7938082e-05,0.87032235,3.9111434e-08,1.8145238e-05
Noakhali/nkhl256.wav,test,2.2217011e-05,7.805157e-11,1.50962105e-05,4.1955737e-08,1.0482704e-08,1.2255295e-05,0.99994266,2.8822149e-06,4.869616e-06
Noakhali/nkhl257.wav,test,5.0605067e-05,1.3443903e-10,1.08317745e-05,4.0580975e-08,2.0830608e-08,4.2809505e-05,0.99989104,9.158317e-07,3.6922488e-06
Noakhali/nkhl268.wav,val,5.458582e-05,5.0866224e-11,7.107464e-06,2.997631e-08,1.4732577e-08,1.48643285e-05,0.99991846,1.1264448e-06,3.764827e-06
Noakhali/nkhl275.wav,val,3.550874e-05,6.157804e-11,8.012246e-06,1.8613624e-08,1.4645937e-08,3.0651023e-05,0.99992156,1.3156069e-06,2.9520843e-06
Noakhali/nkhl277.wav,val,0.42222154,2.8655936e-08,5.888992e-06,7.0913443e-06,2.9631217e-05,0.00036827073,0.5773485,3.0942923e-07,1.8662031e-05
Noakhali/nkhl278.wav,val,2.7489783e-05,3.8454368e-11,6.0543543e-06,1.9851623e-08,1.5043355e-08,1.0272907e-05,0.99994624,3.4128768e-06,6.426543e-06
Noakhali/nkhl279.wav,val,8.7973065e-05,5.028056e-11,5.3644267e-06,3.569575e-08,2.0530937e-08,1.47612445e-05,0.99988675,8.8747043e-07,4.1514472e-06
Noakhali/nkhl291.wav,test,1.36367435e-05,7.54165e-11,1.1790447e-05,3.2561125e-08,1.5923723e-08,8.675162e-06,0.9999428,1.41636565e-05,8.880184e-06
Noakhali/nkhl298.wav,test,1.427593e-05,4.567251e-11,9.1460015e-06,1.1282074e-08,1.0329561e-08,2.532223e-05,0.9999448,2.7659137e-06,3.641454e-06
Noakhali/nkhl3.wav,val,0.001283853,1.6148773e-10,1.1037738e-05,2.3440722e-07,3.6010714e-08,9.396802e-06,0.9986895,5.26805e-07,5.3963354e-06
Noakhali/nkhl303.wav,test,1.458388e-05,5.306977e-11,1.3904362e-05,3.1939944e-08,9.860077e-09,9.130181e-06,0.9999492,5.6099243e-06,7.4641616e-06
Noakhali/nkhl309.wav,test,1.720939e-05,3.9474958e-11,1.1217849e-05,2.4147402e-08,8.600354e-09,9.1264765e-06,0.99995255,3.7855386e-06,6.02087e-06
Noakhali/nkhl310.wav,test,9.252195e-06,7.6120804e-11,1.4812247e-05,2.476768e-08,1.3610322e-08,1.32522355e-05,0.9999418,1.33234025e-05,7.5363137e-06
Noakhali/nkhl320.wav,val,0.00074181915,3.583513e-08,7.679039e-06,4.5224025e-09,5.9418862e-06,0.19377318,0.80546796,3.0410183e-06,2.85779e-07
Noakhali/nkhl354.wav,val,0.00012252932,1.524786e-11,4.000262e-06,2.796732e-08,1.014334e-08,4.1367725e-06,0.9998627,8.130863e-07,5.6664976e-06
Noakhali/nkhl355.wav,val,0.00017348763,1.3200486e-11,3.1552875e-06,2.8308557e-08,1.23372885e-08,3.6721372e-06,0.9998117,7.1412967e-07,7.255974e-06
Noakhali/nkhl356.wav,val,5.3369626e-05,1.7190725e-11,4.8211787e-06,1.9887722e-08,9.663022e-09,4.8079046e-06,0.9999281,1.7281735e-06,7.1919594e-06
Noakhali/nkhl357.wav,val,0.2323584,9.6345404e-11,1.3596512e-06,4.4954325e-07,5.303647e-07,1.679742e-05,0.7675946,3.2571883e-08,2.7841446e-05
Noakhali/nkhl358.wav,val,0.0003504686,1.20021736e-11,2.6677749e-06,3.2439313e-08,1.3793349e-08,3.506747e-06,0.9996357,4.2202518e-07,7.2427442e-06
Noakhali/nkhl36.wav,test,0.047051493,2.7832875e-10,2.225694e-06,6.7116144e-07,8.5524175e-07,1.6244276e-05,0.9528938,3.2995658e-07,3.4301946e-05
Noakhali/nkhl365.wav,test,0.99984217,4.566247e-09,1.9719895e-08,1.2563081e-06,1.07249325e-05,3.433034e-06,0.0001378418,3.3514516e-10,4.5423435e-06
Noakhali/nkhl366.wav,test,0.9999243,1.985918e-08,1.8810828e-08,2.8747254e-06,2.5131556e-05,3.4380703e-06,3.9380866e-05,3.649302e-10,4.7568283e-06
Noakhali/nkhl367.wav,test,0.9975535,6.5580263e-10,4.80218e-08,4.864933e-07,3.1530585e-06,6.472797e-06,0.0024304609,6.5030586e-10,5.662859e-06
Noakhali/nkhl368.wav,test,0.99984694,4.8471214e-09,2.1790392e-08,1.7144139e-06,1.0353842e-05,2.7025148e-06,0.00013297786,3.530577e-10,5.2523787e-06
Noakhali/nkhl369.wav,test,0.998814,9.216639e-10,3.444404e-08,7.9827936e-07,4.8211873e-06,3.609746e-06,0.0011697285,6.610269e-10,7.164707e-06
Noakhali/nkhl370.wav,test,0.9954283,5.0288546e-10,6.465231e-08,5.9622306e-07,2.8804875e-06,5.807385e-06,0.004555269,9.917548e-10,7.076527e-06
Noakhali/nkhl371.wav,val,9.399362e-05,1.7796811e-11,5.214047e-06,3.011794e-08,8.691853e-09,4.617518e-06,0.9998903,8.560673e-07,4.874895e-06
Noakhali/nkhl373.wav,val,0.00017868669,1.3257916e-11,2.7140293e-06,2.2159796e-08,1.3363474e-08,4.8649445e-06,0.9998079,6.152503e-07,5.208653e-06
Noakhali/nkhl379.wav,test,0.032413207,2.9401155e-11,9.834756e-07,1.12393e-07,1.6687123e-07,1.25989245e-05,0.96755934,4.6643592e-08,1.344168e-05
Noakhali/nkhl380.wav,test,5.38535e-05,1.5188987e-11,3.032481e-06,9.446986e-09,1.1637959e-08,1.0922455e-05,0.99992716,1.0548589e-06,3.927437e-06
Noakhali/nkhl383.wav,val,3.295118e-05,1.3409446e-10,1.0394151e-05,1.291486e-07,4.3958032e-08,3.9221445e-06,0.9998653,3.6001973e-05,5.132468e-05
Noakhali/nkhl385.wav,test,0.00021067486,4.0586583e-11,4.3098007e-06,6.594235e-08,2.2165706e-08,4.961184e-06,0.9997694,1.3201094e-06,9.3277595e-06
Noakhali/nkhl386.wav,test,1.7523073e-05,4.8441657e-11,9.666331e-06,3.2466275e-08,1.4020789e-08,6.429328e-06,0.99994373,9.3774215e-06,1.3203668e-05
Noakhali/nkhl389.wav,val,0.42664605,1.3618948e-10,1.0936124e-06,4.2934718e-07,8.8249953e-07,2.5029945e-05,0.5733009,2.45006e-08,2.5628548e-05
Noakhali/nkhl393.wav,val,1.3695309e-06,0.0001662028,6.36755e-07,3.9353007e-10,0.0001384672,0.99967694,8.343842e-06,7.937732e-06,1.9745303e-09
Noakhali/nkhl394.wav,test,3.206332e-05,2.434261e-11,5.2582277e-06,1.9499485e-08,1.18274865e-08,6.401536e-06,0.99994516,3.022854e-06,8.108407e-06
Noakhali/nkhl395.wav,test,0.0003281271,1.2151964e-11,1.9765534e-06,2.6774025e-08,1.8869741e-08,4.103247e-06,0.9996562,4.8728634e-07,8.994733e-06
Noakhali/nkhl396.wav,test,3.318745e-05,2.1277775e-11,4.346314e-06,1.4402723e-08,1.2821706e-08,7.1889694e-06,0.9999453,3.0598376e-06,6.947398e-06
Noakhali/nkhl397.wav,test,4.850359e-05,2.0335868e-11,4.691247e-06,2.3755042e-08,1.2153317e-08,4.7247954e-06,0.9999299,2.263879e-06,9.849244e-06
Noakhali/nkhl4.wav,val,3.8388967e-05,1.3166006e-10,1.3837952e-05,8.217728e-08,2.017501e-08,1.14404775e-05,0.99992514,3.7266013e-06,7.352211e-06
Noakhali/nkhl405.wav,test,1.8103954e-05,3.3152665e-11,7.3182664e-06,1.5881472e-08,1.1316795e-08,1.0141016e-05,0.99995434,4.379996e-06,5.740477e-06
Noakhali/nkhl41.wav,test,1.8733212e-05,6.199609e-11,9.337392e-06,3.164203e-08,1.8736488e-08,6.7796223e-06,0.9999393,1.3708189e-05,1.2136446e-05
Noakhali/nkhl414.wav,test,0.00037398693,1.1414202e-11,2.5645872e-06,2.8369854e-08,1.2293716e-08,4.681116e-06,0.99961346,2.4193176e-07,4.9048267e-06
Noakhali/nkhl444.wav,val,2.1737262e-05,3.5299003e-11,6.9929342e-06,1.6449123e-08,1.2612508e-08,1.29864975e-05,0.99994946,2.7819447e-06,6.062613e-06
Noakhali/nkhl445.wav,test,9.702851e-05,1.9536509e-10,4.7988983e-06,1.0678704e-08,6.488626e-08,0.00029134148,0.9996039,7.882083e-07,2.0502262e-06
Noakhali/nkhl446.wav,val,4.685476e-05,4.441397e-11,5.6297526e-06,2.5999293e-08,1.700538e-08,1.2532664e-05,0.99992776,1.8107055e-06,5.390155e-06
Noakhali/nkhl456.wav,test,7.274322e-05,3.9982156e-11,4.4938474e-06,1.369856e-08,1.6872479e-08,2.8576962e-05,0.99989045,6.4010914e-07,2.9968955e-06
Noakhali/nkhl458.wav,test,6.719998e-05,1.14515133e-10,8.20716e-06,5.1603596e-08,2.4024233e-08,1.4228915e-05,0.99990284,2.5832464e-06,4.9210034e-06
Noakhali/nkhl460.wav,test,7.513539e-05,1.8094412e-10,1.651672e-05,1.7093413e-07,2.4994446e-08,8.790188e-06,0.99988925,3.5295016e-06,6.4371316e-06
Noakhali/nkhl461.wav,val,1.03345565e-05,9.9765106e-11,1.1279642e-05,2.8993945e-08,2.2620425e-08,1.39054455e-05,0.9999385,1.8999186e-05,6.893194e-06
Noakhali/nkhl462.wav,test,1.2786992e-05,7.1680266e-11,1.0459565e-05,2.787272e-08,1.8296712e-08,1.0574243e-05,0.99994385,1.2840994e-05,9.353406e-06
Noakhali/nkhl464.wav,test,5.2797703e-05,4.4820658e-11,6.6645525e-06,3.7184986e-08,1.6075514e-08,8.456635e-06,0.9999238,1.8209362e-06,6.2702143e-06
Noakhali/nkhl465.wav,test,4.662923e-05,9.979332e-11,1.0267818e-05,5.623333e-08,1.9581396e-08,1.6360347e-05,0.9999199,1.7898624e-06,5.009067e-06
Noakhali/nkhl466.wav,test,3.5548295e-05,3.7707056e-11,6.2694376e-06,2.4523107e-08,1.3882525e-08,1.0116945e-05,0.99994016,2.030135e-06,5.7849434e-06
Noakhali/nkhl467.wav,test,5.199703e-05,5.066943e-11,6.4888986e-06,4.7453106e-08,1.9779625e-08,8.913297e-06,0.99992156,1.8692555e-06,9.14776e-06
Noakhali/nkhl468.wav,test,0.00015163152,5.7730216e-11,4.8057136e-06,7.084701e-08,2.9842255e-08,1.0113285e-05,0.9998253,8.642167e-07,7.203142e-06
Noakhali/nkhl469.wav,val,2.2260945e-05,4.5242695e-11,7.5426433e-06,3.0649066e-08,1.6554315e-08,7.524481e-06,0.999946,5.856357e-06,1.0786897e-05
Noakhali/nkhl470.wav,val,7.227944e-05,3.717533e-11,4.4462704e-06,3.35504e-08,2.064545e-08,8.329907e-06,0.99990606,1.687416e-06,7.2396815e-06
Noakhali/nkhl473.wav,val,0.0013657688,3.0152988e-10,6.231957e-06,3.1219838e-07,1.2470507e-07,2.0350331e-05,0.99858356,5.1192643e-07,2.3137707e-05
Noakhali/nkhl474.wav,val,0.0035442065,7.3922277e-09,1.3438787e-05,2.8163347e-06,1.5976321e-06,7.377931e-05,0.9957546,6.1102437e-06,0.00060352084
Noakhali/nkhl477.wav,val,0.0006882857,2.943359e-11,2.34412e-06,2.3542487e-08,2.4550825e-08,2.2209002e-05,0.9992848,1.1316182e-07,2.0892187e-06
Noakhali/nkhl478.wav,test,1.2944409e-05,1.3350816e-10,1.3696816e-05,6.812662e-08,2.98641e-08,8.571608e-06,0.999918,3.171264e-05,1.4969208e-05
Noakhali/nkhl513.wav,val,2.5680833e-05,3.5011532e-11,1.1981952e-05,4.1096655e-08,7.6918605e-09,4.880014e-06,0.99994516,3.057378e-06,9.076855e-06
Noakhali/nkhl516.wav,test,9.976567e-06,6.530494e-11,1.4455862e-05,1.8545919e-08,9.294824e-09,1.592453e-05,0.9999491,6.065265e-06,4.438196e-06
Noakhali/nkhl534.wav,test,5.4228353e-06,2.5553415e-10,1.804508e-05,2.589147e-08,4.056507e-08,2.9718527e-05,0.9998461,9.2045666e-05,8.569946e-06
Noakhali/nkhl546.wav,test,1.28511665e-05,7.921878e-11,2.2726346e-05,5.9001334e-08,9.64814e-09,9.783581e-06,0.9999356,6.557621e-06,1.2338025e-05
Noakhali/nkhl547.wav,test,1.7852377e-05,6.3134456e-11,1.6813305e-05,6.6072005e-08,1.1614629e-08,7.410052e-06,0.9999348,5.5277983e-06,1.758405e-05
Noakhali/nkhl549.wav,test,8.8764486e-05,7.505075e-11,1.427408e-05,1.4036199e-07,1.3922818e-08,1.3573365e-05,0.99987435,6.6951145e-07,8.091766e-06
Noakhali/nkhl554.wav,test,1.7888366e-05,9.4490096e-11,1.0065756e-05,4.8171205e-09,1.41504755e-08,0.00016480783,0.9998048,1.4755326e-06,1.0394726e-06
Noakhali/nkhl555.wav,test,3.184188e-05,3.282045e-11,8.045085e-06,2.7801796e-08,1.0311642e-08,1.0754749e-05,0.9999405,1.5281695e-06,7.403638e-06
Noakhali/nkhl558.wav,test,6.528889e-05,1.0976592e-10,8.0191185e-06,6.345977e-09,1.9094834e-08,0.00026331807,0.99966216,4.539428e-07,8.436715e-07
Noakhali/nkhl559.wav,test,4.9342252e-05,4.7170406e-10,7.666106e-06,2.062552e-09,7.365591e-08,0.0030177117,0.9969236,1.1651435e-06,4.266064e-07
Noakhali/nkhl560.wav,test,4.7913665e-05,6.1859023e-10,7.957156e-06,3.48836e-09,1.0227923e-07,0.0022473482,0.99769384,1.914002e-06,8.900274e-07
Noakhali/nkhl563.wav,test,7.619663e-05,2.4019493e-11,7.501134e-06,4.959956e-08,8.320044e-09,5.101415e-06,0.99990153,7.557511e-07,8.800268e-06
Noakhali/nkhl567.wav,test,3.721213e-05,3.7674044e-11,5.5231353e-06,1.03980415e-08,1.2803356e-08,3.1022322e-05,0.9999225,9.711888e-07,2.88346e-06
Noakhali/nkhl57.wav,val,3.8232258e-05,6.8947195e-11,1.0749987e-05,3.8481673e-08,1.9789445e-08,6.005822e-06,0.9999201,1.5508218e-05,9.35793e-06
Noakhali/nkhl571.wav,test,1.2871014e-05,6.6543326e-11,2.0655214e-05,3.3106666e-08,8.042297e-09,1.3710587e-05,0.9999435,4.401954e-06,4.8338948e-06
Noakhali/nkhl572.wav,test,3.3514694e-05,3.3395457e-11,1.0750111e-05,4.5217572e-08,9.038409e-09,6.8613967e-06,0.99993837,2.1457618e-06,8.290794e-06
Noakhali/nkhl573.wav,test,4.3386506e-05,4.0623498e-11,1.3761213e-05,5.2695878e-08,7.70232e-09,8.585577e-06,0.99992704,1.4395952e-06,5.6605804e-06
Noakhali/nkhl576.wav,test,9.902434e-06,7.202287e-11,1.9118432e-05,2.3460126e-08,9.223355e-09,1.7492019e-05,0.9999418,5.955833e-06,5.6560984e-06
Noakhali/nkhl584.wav,test,8.86836e-06,8.1251554e-11,2.1448512e-05,1.723503e-08,7.809647e-09,2.5894431e-05,0.99993503,5.2722994e-06,3.42106e-06
Noakhali/nkhl585.wav,test,1.9711304e-05,5.667423e-11,2.2392675e-05,6.5127935e-08,7.3210606e-09,6.334252e-06,0.999938,5.1253696e-06,8.253295e-06
Noakhali/nkhl586.wav,test,3.4237233e-05,4.326699e-09,0.025586553,6.731813e-07,4.585698e-10,0.00011436892,0.9742619,1.113596e-06,1.1282183e-06
Noakhali/nkhl591.wav,val,0.10233296,9.152936e-06,7.916844e-05,1.1293764e-06,0.00021856005,0.45903432,0.4382438,9.5131745e-06,7.140129e-05
Noakhali/nkhl597.wav,val,1.1376107e-05,1.14268345e-10,1.9789317e-05,2.2544366e-08,9.985662e-09,3.5230634e-05,0.9999274,3.287022e-06,2.882707e-06
Noakhali/nkhl598.wav,val,2.4205181e-05,1.6808854e-10,1.6664559e-05,4.5458894e-08,1.8185473e-08,3.5772326e-05,0.9999167,2.2872168e-06,4.29275e-06
Noakhali/nkhl600.wav,val,3.677295e-05,4.4687743e-11,1.140597e-05,8.117593e-08,1.0932477e-08,4.3276045e-06,0.9999331,2.7690141e-06,1.1494519e-05
Noakhali/nkhl601.wav,test,0.99948525,1.6816455e-09,3.623488e-08,1.5723491e-06,4.4159274e-06,2.3431733e-06,0.0005005823,3.3423023e-10,5.7002326e-06
Noakhali/nkhl602.wav,test,0.006930628,2.4256434e-11,2.3966127e-06,1.623394e-07,4.8246104e-08,4.5370593e-06,0.9930508,8.690885e-08,1.1395804e-05
Noakhali/nkhl605.wav,test,1.5805732e-05,3.8930748e-11,8.725175e-06,2.1242633e-08,1.2645808e-08,7.663866e-06,0.9999521,7.716141e-06,8.0597765e-06
Noakhali/nkhl616.wav,test,4.3030046e-05,2.4211555e-11,6.007607e-06,2.7974519e-08,1.1187231e-08,5.3695994e-06,0.99993694,2.4216924e-06,6.191231e-06
Noakhali/nkhl617.wav,test,1.7993001e-05,3.949506e-11,1.1566911e-05,2.6067115e-08,8.501128e-09,8.341693e-06,0.9999523,4.0134564e-06,5.665811e-06
Noakhali/nkhl618.wav,test,9.009031e-05,1.4939787e-11,4.7220014e-06,2.0933083e-08,7.281916e-09,6.6474213e-06,0.9998945,4.6670976e-07,3.5192418e-06
Noakhali/nkhl63.wav,test,1.404661e-05,5.5581904e-11,1.4665399e-05,2.2686232e-08,8.029842e-09,1.3561415e-05,0.99995005,3.6005865e-06,4.0073287e-06
Noakhali/nkhl642.wav,test,1.2477368e-05,6.721332e-11,1.41639475e-05,3.3789814e-08,1.1488118e-08,1.0246849e-05,0.99994993,7.3455385e-06,5.7891775e-06
Noakhali/nkhl643.wav,test,4.4291828e-05,4.1708952e-11,8.13098e-06,5.538673e-08,1.22237225e-08,6.252815e-06,0.99993277,1.8247526e-06,6.757412e-06
Noakhali/nkhl648.wav,val,5.2159274e-05,2.964171e-10,4.7588674e-05,5.0428105e-07,1.3780117e-08,1.248401e-05,0.99987936,1.8355477e-06,6.1323835e-06
Noakhali/nkhl655.wav,test,1.0063507e-05,6.927098e-11,1.9437657e-05,3.1179894e-08,9.4723305e-09,1.2529648e-05,0.9999436,7.096292e-06,7.174465e-06
Noakhali/nkhl669.wav,test,2.520891e-05,1.0805709e-10,1.05988365e-05,5.2777736e-08,2.3115009e-08,7.938427e-06,0.9999343,1.2571076e-05,9.221919e-06
Noakhali/nkhl670.wav,test,7.180287e-06,3.1977881e-10,2.3568144e-05,5.2986998e-08,4.0311765e-08,1.3202664e-05,0.99974865,0.00019367972,1.36938825e-05
Noakhali/nkhl674.wav,test,2.4999084e-05,3.0141077e-11,8.307776e-06,2.497767e-08,8.9593915e-09,6.9191924e-06,0.9999503,3.2198168e-06,6.205827e-06
Noakhali/nkhl676.wav,test,1.7188913e-05,5.1975507e-11,9.878202e-06,2.5478474e-08,1.2504156e-08,8.5618685e-06,0.9999503,6.977285e-06,6.979641e-06
Noakhali/nkhl695.wav,test,0.99177307,4.894594e-10,5.9273805e-08,2.5564427e-07,3.914436e-06,1.8334025e-05,0.008198096,1.1385177e-09,6.300194e-06
Noakhali/nkhl705.wav,val,1.6630778e-05,3.6180607e-11,1.0866966e-05,2.1572836e-08,8.9791685e-09,7.828324e-06,0.9999522,5.112301e-06,7.2715625e-06
Noakhali/nkhl719.wav,val,1.4805256e-05,4.366971e-11,1.3658244e-05,2.3870486e-08,8.389596e-09,9.9536e-06,0.9999504,5.014568e-06,6.085175e-06
Noakhali/nkhl724.wav,test,3.1999993e-05,2.4553241e-11,8.291191e-06,2.4211097e-08,7.286147e-09,7.879147e-06,0.99994516,1.5670414e-06,5.042822e-06
Noakhali/nkhl725.wav,val,2.07048e-05,3.0787158e-11,9.5824835e-06,1.975514e-08,8.045643e-09,8.958192e-06,0.99995315,3.0761e-06,4.531274e-06
Noakhali/nkhl728.wav,test,0.96084356,8.2925616e-10,4.0830386e-07,1.0420837e-06,2.7953936e-06,2.6188503e-05,0.03911351,3.7026924e-09,1.24665985e-05
Noakhali/nkhl729.wav,test,4.7253776e-05,2.2530281e-11,7.825317e-06,3.5850938e-08,7.589075e-09,5.9136405e-06,0.99993145,1.2233749e-06,6.3166444e-06
Noakhali/nkhl731.wav,test,2.1088019e-05,3.7545658e-11,1.0590179e-05,3.4041836e-08,1.0050471e-08,6.0434204e-06,0.9999497,4.8243132e-06,7.719045e-06
Noakhali/nkhl732.wav,test,2.0366337e-05,5.1350497e-11,2.095298e-05,6.507164e-08,6.9109602e-09,6.371191e-06,0.999941,3.658221e-06,7.4818468e-06
Noakhali/nkhl737.wav,val,8.342463e-05,1.534385e-11,3.3661738e-06,1.7145101e-08,1.0769294e-08,5.812395e-06,0.9999012,1.0219255e-06,5.2813702e-06
Noakhali/nkhl739.wav,test,9.533318e-05,1.5395326e-11,3.1539992e-06,2.0412571e-08,1.1271601e-08,6.1336996e-06,0.99988973,9.4072743e-07,4.6071254e-06
Noakhali/nkhl76.wav,val,0.0010061191,5.070749e-08,0.000103805425,1.0980025e-06,1.9143388e-06,0.00010550229,0.9964258,0.0022719325,8.372272e-05
Noakhali/nkhl765.wav,test,1.0789257e-05,7.471144e-11,1.5370424e-05,2.9072446e-08,1.3657621e-08,7.934822e-06,0.99993396,2.268259e-05,9.186507e-06
Noakhali/nkhl766.wav,test,1.6025595e-05,6.427279e-11,1.4617098e-05,3.94646e-08,1.2408592e-08,6.895836e-06,0.9999422,1.1268245e-05,8.9147825e-06
Noakhali/nkhl767.wav,test,1.743491e-05,4.0125434e-11,1.3386255e-05,2.5166566e-08,7.1058577e-09,8.406875e-06,0.9999523,3.7513314e-06,4.6937103e-06
Noakhali/nkhl768.wav,test,1.4890174e-05,4.877529e-11,1.4158771e-05,3.2479566e-08,9.000363e-09,8.280331e-06,0.9999505,5.4283432e-06,6.6223756e-06
Noakhali/nkhl783.wav,test,0.00033311048,9.341221e-11,2.9744806e-06,9.3567486e-08,1.1718466e-07,7.1090335e-06,0.9996252,6.354315e-06,2.4978734e-05
Noakhali/nkhl788.wav,test,1.2912634e-05,6.227195e-11,1.16563615e-05,2.1901611e-08,1.3198987e-08,1.1994303e-05,0.9999484,8.463613e-06,6.5291238e-06
Noakhali/nkhl798.wav,test,1.25862625e-05,4.8838638e-11,1.2362885e-05,1.4480186e-08,8.100987e-09,1.872631e-05,0.9999496,3.2036146e-06,3.453316e-06
Noakhali/nkhl799.wav,val,0.001599064,6.5401528e-06,0.90308154,0.0022218172,7.583935e-09,6.786504e-05,0.09301812,7.1778817e-07,4.369584e-06
Noakhali/nkhl800.wav,val,1.5784672e-05,5.2635438e-11,8.191612e-06,7.8090805e-09,1.03907345e-08,3.688478e-05,0.9999349,2.1543353e-06,2.005673e-06
Noakhali/nkhl801.wav,val,1.4180231e-05,5.5853308e-11,8.682945e-06,1.1853988e-08,1.3588927e-08,2.454886e-05,0.9999441,4.579668e-06,3.95292e-06
Noakhali/nkhl804.wav,val,0.16854398,1.6718808e-06,0.00036835406,0.007475303,8.3861974e-05,6.0687948e-05,0.74193525,3.4407796e-05,0.0814964
Noakhali/nkhl805.wav,test,0.0016058427,5.4196976e-09,8.1289545e-06,2.8930828e-08,8.799379e-07,0.0053367703,0.9930456,7.7428115e-07,1.915045e-06
Noakhali/nkhl81.wav,test,7.679773e-06,8.222546e-11,1.6778757e-05,1.961006e-08,1.1496407e-08,1.8770164e-05,0.99994063,9.869792e-06,6.2191625e-06
Noakhali/nkhl82.wav,val,8.839939e-06,1.02331275e-10,1.5097839e-05,3.126521e-08,2.0003588e-08,1.1869873e-05,0.9999256,2.883308e-05,9.572913e-06
Noakhali/nkhl820.wav,val,1.6388887e-05,8.120939e-11,7.6617025e-06,1.709552e-08,2.1718197e-08,1.8537952e-05,0.9999424,9.063846e-06,5.92286e-06
Noakhali/nkhl834.wav,val,1.4637772e-05,5.48349e-11,1.5616579e-05,2.5603859e-08,8.280486e-09,9.667018e-06,0.99994993,4.9866057e-06,5.1328316e-06
Noakhali/nkhl838.wav,val,6.118159e-05,4.122953e-11,9.850873e-06,3.451194e-08,8.661053e-09,8.643516e-06,0.999915,8.74313e-07,4.4184917e-06
Noakhali/nkhl842.wav,val,2.9821595e-05,1.1917919e-09,1.5596894e-05,7.304873e-09,8.614885e-08,0.0013160497,0.9986333,4.1315993e-06,9.723964e-07
Noakhali/nkhl852.wav,test,1.7267968e-05,8.823664e-11,1.36728195e-05,6.620677e-08,1.8445197e-08,6.429956e-06,0.9999317,1.1533351e-05,1.928184e-05
Noakhali/nkhl853.wav,val,0.00029929203,1.0910239e-09,3.7914626e-05,9.814199e-07,4.9178887e-08,1.0404381e-05,0.9996351,2.700487e-06,1.3591137e-05
Noakhali/nkhl859.wav,test,3.213613e-05,1.07195315e-10,1.1153383e-05,4.008583e-08,1.6051231e-08,1.9172054e-05,0.9999304,2.3480316e-06,4.640478e-06
Noakhali/nkhl860.wav,test,0.00050449884,1.9943039e-10,5.000715e-06,2.6957593e-08,5.6193883e-08,8.741641e-05,0.99939764,4.013073e-07,5.010616e-06
Noakhali/nkhl861.wav,test,3.093834e-05,1.3676393e-10,9.137439e-06,4.556823e-09,2.1425954e-08,0.00029521526,0.9996625,1.1170335e-06,9.534987e-07
Noakhali/nkhl862.wav,val,6.6308545e-05,3.0064744e-08,2.8657752e-05,8.609439e-09,8.811203e-07,0.036157627,0.96373373,1.208051e-05,6.889733e-07
Noakhali/nkhl863.wav,test,6.99914e-05,1.7733501e-10,1.2734923e-05,4.1903103e-08,2.453224e-08,1.6887916e-05,0.999889,6.01729e-06,5.2389623e-06
Noakhali/nkhl865.wav,test,0.00017298413,2.3413127e-11,3.4432096e-06,1.408282e-08,1.6350384e-08,1.1414241e-05,0.9998073,7.449908e-07,4.1631856e-06
Noakhali/nkhl869.wav,test,9.320005e-06,8.730861e-10,2.944256e-05,3.7971766e-08,4.98744e-08,5.8884194e-05,0.9998084,8.957223e-05,4.3449736e-06
Noakhali/nkhl87.wav,test,1.0018575e-05,6.906042e-11,1.2581578e-05,2.4049509e-08,1.53069e-08,9.888427e-06,0.9999378,1.8761753e-05,1.08739305e-05
Noakhali/nkhl874.wav,val,0.13437633,0.104430765,0.012704681,0.030556982,0.050248068,0.07371755,0.48347014,0.05746534,0.053030115
Noakhali/nkhl878.wav,val,2.0199617e-05,5.932237e-11,6.232304e-06,8.649409e-09,1.780144e-08,4.4072458e-05,0.9999238,2.572189e-06,3.0908743e-06
Noakhali/nkhl886.wav,val,2.0769286e-05,4.940974e-11,6.514767e-06,2.5662924e-08,2.1481924e-08,7.2921302e-06,0.9999424,1.1594727e-05,1.1274482e-05
Noakhali/nkhl887.wav,val,9.489108e-06,9.6510896e-11,1.743107e-05,3.093227e-08,1.3903946e-08,1.048402e-05,0.99993706,1.9239715e-05,6.2837003e-06
Noakhali/nkhl890.wav,test,7.8029425e-06,2.1221147e-10,1.4972317e-05,2.0392207e-08,2.7300334e-08,4.6440742e-05,0.9999082,1.672152e-05,5.703564e-06
Noakhali/nkhl891.wav,test,1.4351229e-05,9.6846815e-11,7.788235e-06,1.1077513e-08,2.1553001e-08,4.8049995e-05,0.9999212,5.252519e-06,3.3461788e-06
Noakhali/nkhl894.wav,test,9.6194135e-06,8.741897e-11,1.1536715e-05,1.1687792e-08,1.3202918e-08,3.4410554e-05,0.99993527,5.665018e-06,3.512307e-06
Noakhali/nkhl895.wav,test,7.3916785e-06,3.7039172e-10,1.7287988e-05,1.8682513e-08,3.5094317e-08,7.416091e-05,0.9998716,2.429479e-05,5.221917e-06
Noakhali/nkhl899.wav,test,2.7235907e-05,1.40870755e-08,9.088477e-05,2.3157686e-07,2.6587003e-07,5.6865665e-05,0.9975394,0.0020669198,0.00021823528
Noakhali/nkhl900.wav,test,0.0009842406,7.0477074e-07,0.00050531887,1.6009835e-05,1.7794509e-06,0.0003149654,0.99784195,0.0002299092,0.00010511404
Noakhali/nkhl905.wav,test,1.2539959e-05,7.377122e-10,2.1522146e-05,4.8981132e-08,5.5113844e-08,2.8713699e-05,0.9998288,0.000100256984,7.997008e-06
Noakhali/nkhl914.wav,test,0.0009378367,1.4245907e-07,8.5567364e-05,9.462668e-07,5.5648875e-06,0.00037316344,0.99331784,0.005232904,4.5948917e-05
Noakhali/nkhl915.wav,test,2.5329977e-05,0.99061054,0.004148441,0.0007392543,4.8060057e-05,0.00056367024,3.69953e-05,0.0038236768,4.1447606e-06
Noakhali/nkhl917.wav,val,1.506867e-05,8.4226084e-11,1.046597e-05,2.8593139e-08,1.9732964e-08,1.3212511e-05,0.99994385,8.493662e-06,8.908245e-06
Noakhali/nkhl918.wav,val,1.3202176e-05,1.581635e-10,1.1734747e-05,3.3937564e-08,3.1699667e-08,1.8535318e-05,0.9999281,1.9101928e-05,9.258476e-06
Noakhali/nkhl923.wav,val,3.7996157e-05,4.4262104e-11,5.2188366e-06,2.3510871e-08,2.1830395e-08,1.391366e-05,0.99993396,2.3333116e-06,6.5594672e-06
Noakhali/nkhl924.wav,val,1.7994174e-05,5.7050434e-11,7.918618e-06,2.0424332e-08,1.6496207e-08,1.6779328e-05,0.99994695,3.920648e-06,6.4642704e-06
Noakhali/nkhl925.wav,val,2.9143688e-05,4.4185967e-11,7.5442995e-06,2.9148145e-08,1.463521e-08,1.0369772e-05,0.9999423,2.6126388e-06,8.014033e-06
Noakhali/nkhl926.wav,val,3.14415e-05,4.9429096e-11,5.04035e-06,1.2244663e-08,2.1162329e-08,3.2306874e-05,0.999926,1.918125e-06,3.2948008e-06
Noakhali/nkhl927.wav,val,1.501355e-05,6.350727e-11,1.0589414e-05,3.1739503e-08,1.718834e-08,1.08895665e-05,0.9999442,7.3299966e-06,1.193006e-05
Noakhali/nkhl928.wav,val,1.9127712e-05,4.2673646e-11,6.6409557e-06,1.715049e-08,1.6248912e-08,1.4825164e-05,0.9999485,3.7099367e-06,7.0639976e-06
Noakhali/nkhl930.wav,val,8.524268e-06,8.737243e-11,1.2140317e-05,1.8045831e-08,1.7309908e-08,1.8834879e-05,0.99994063,1.3730515e-05,6.111688e-06
Noakhali/nkhl933.wav,val,2.2327928e-05,2.9768167e-11,8.314385e-06,1.8897877e-08,8.807526e-09,1.0256649e-05,0.9999521,2.2315635e-06,4.716562e-06
Noakhali/nkhl934.wav,test,7.207011e-06,1.486356e-10,1.3871265e-05,1.9707795e-08,2.4200302e-08,2.7333333e-05,0.99992454,2.1200529e-05,5.8435835e-06
Noakhali/nkhl935.wav,val,7.1904074e-06,3.8490627e-10,1.8587958e-05,3.1049108e-08,4.774096e-08,2.7540553e-05,0.99982005,0.0001188752,7.699232e-06
Noakhali/nkhl966.wav,val,9.9209765e-06,5.168309e-11,9.650908e-06,1.2372062e-08,1.2589829e-08,1.6975957e-05,0.9999502,8.5461315e-06,4.7006342e-06
Noakhali/nkhl967.wav,val,1.7622648e-05,4.148158e-11,7.788349e-06,1.3181323e-08,1.14594085e-08,2.023497e-05,0.99994814,2.3769799e-06,3.7799518e-06
Noakhali/nkhl968.wav,val,1.2646303e-05,1.0604878e-10,1.3749364e-05,2.5689605e-08,1.5527272e-08,1.8389e-05,0.99994206,8.510438e-06,4.5665442e-06
Noakhali/nkhl969.wav,test,1.8290759e-05,7.880547e-11,1.1201473e-05,4.0135728e-08,1.7333294e-08,9.940474e-06,0.999946,7.761357e-06,6.693676e-06
Noakhali/nkhl971.wav,val,8.566294e-06,1.4550322e-10,2.4344039e-05,2.3222121e-08,1.3638828e-08,2.0166353e-05,0.9999188,2.4956875e-05,3.1019888e-06
Noakhali/nkhl975.wav,test,1.5562015e-05,2.6806418e-10,4.4461067e-05,5.007139e-08,8.815833e-09,2.931875e-05,0.999905,4.1243534e-06,1.4624438e-06
Noakhali/nkhl976.wav,test,3.8762366e-05,4.4151532e-10,0.00022909624,4.3643794e-07,4.605858e-09,1.1860214e-05,0.99971527,2.3267555e-06,2.2480763e-06
Noakhali/nkhl980.wav,test,0.00016891224,1.13904886e-10,2.4080175e-05,1.3794914e-07,1.0563948e-08,8.879848e-06,0.99979335,7.8500483e-07,3.876752e-06
Noakhali/nkhl983.wav,val,9.727011e-06,8.6812384e-11,9.294645e-06,1.6923334e-08,2.5427136e-08,1.8199455e-05,0.99993217,2.4928711e-05,5.6217827e-06
Noakhali/nkhl997.wav,val,1.2500788e-05,4.618836e-11,1.3095043e-05,1.2968394e-08,7.3591258e-09,2.0470901e-05,0.9999474,2.835412e-06,3.6135284e-06
Noakhali/nkhl999.wav,val,3.3809145e-05,6.668364e-08,2.3320581e-05,9.490978e-10,2.4462317e-06,0.6528941,0.34703326,1.2774444e-05,1.4668407e-07
Chottogram/ctg100.wav,test,8.307824e-10,0.9999734,1.3552041e-06,2.6845726e-07,7.030408e-06,1.6685144e-05,1.9592836e-11,1.3353889e-06,5.152857e-11
Chottogram/ctg101.wav,test,6.3236794e-10,0.99998987,1.8636958e-06,6.0601263e-07,2.2746237e-06,4.6678438e-06,1.1977469e-11,6.962741e-07,6.31082e-11
Chottogram/ctg102.wav,test,1.3215302e-09,0.9997689,2.730786e-06,1.0469039e-07,2.1670066e-05,0.00020166859,9.548586e-11,4.950316e-06,6.627662e-11
Chottogram/ctg103.wav,test,6.6098627e-10,0.999982,5.018085e-06,4.7592832e-07,1.363263e-06,1.0446904e-05,1.9856885e-11,5.396982e-07,4.126014e-11
Chottogram/ctg104.wav,test,6.630919e-10,0.9999715,4.057662e-06,2.7429226e-07,2.5622344e-06,2.0244186e-05,3.0030044e-11,1.3328405e-06,4.634514e-11
Chottogram/ctg105.wav,test,5.3739463e-10,0.99998045,4.611293e-06,4.0948402e-07,1.6942643e-06,1.1576825e-05,2.7252735e-11,1.2508124e-06,5.251339e-11
Chottogram/ctg110.wav,val,1.2275055e-09,0.999985,1.1764196e-06,1.0778104e-05,2.477177e-06,5.103298e-07,3.9856018e-12,1.2449705e-07,6.3884426e-11
Chottogram/ctg130.wav,val,1.2543998e-09,0.9999907,7.489382e-07,3.9614674e-06,3.555859e-06,9.71836e-07,3.798151e-12,1.2592784e-07,6.870329e-11
Chottogram/ctg131.wav,val,1.5433713e-09,0.9999871,5.7347137e-07,7.3723822e-06,4.1428902e-06,6.4181296e-07,3.2864373e-12,9.783292e-08,8.1342155e-11
Chottogram/ctg132.wav,val,7.283795e-10,0.99998903,1.3574087e-06,7.23145e-06,1.6525894e-06,5.432273e-07,3.6608143e-12,1.4007145e-07,5.8459744e-11
Chottogram/ctg14.wav,test,2.777621e-06,3.0479587e-08,1.6220605e-07,1.0842889e-05,1.3740612e-06,4.8911217e-09,1.518091e-06,5.1507086e-06,0.9999782
Chottogram/ctg140.wav,test,8.4013524e-10,0.9999875,4.88971e-06,5.743728e-06,5.709608e-07,1.1656857e-06,7.0974277e-12,9.778203e-08,4.9399717e-11
Chottogram/ctg141.wav,test,1.7194733e-09,0.99998856,8.3804076e-07,6.3768134e-06,3.1054908e-06,1.0273836e-06,4.5242265e-12,8.384881e-08,7.4515984e-11
Chottogram/ctg142.wav,test,1.4332446e-09,0.9999907,1.5452938e-06,4.852775e-06,1.629855e-06,1.127558e-06,5.8613886e-12,9.87779e-08,7.340455e-11
Chottogram/ctg143.wav,test,1.7929903e-09,0.9999852,1.170011e-06,1.0427509e-05,2.23231e-06,7.840914e-07,4.8885366e-12,7.4353856e-08,7.863108e-11
Chottogram/ctg144.wav,test,1.0344843e-09,0.9999912,2.7360595e-06,3.3065273e-06,1.0233791e-06,1.5256928e-06,7.499581e-12,1.2989267e-07,6.11685e-11
Chottogram/ctg145.wav,test,1.4853537e-09,0.9999895,2.296671e-06,5.606573e-06,1.2441886e-06,1.1697426e-06,6.6699484e-12,8.68884e-08,6.655032e-11
Chottogram/ctg146.wav,test,2.2640982e-09,0.99998915,1.5209697e-06,5.3561166e-06,2.4760704e-06,1.3248673e-06,6.155246e-12,7.356139e-08,6.5684826e-11
Chottogram/ctg147.wav,test,1.1668781e-09,0.99999213,1.7818589e-06,2.6092532e-06,1.7278276e-06,1.643764e-06,6.371437e-12,1.2969451e-07,5.998248e-11
Chottogram/ctg148.wav,test,3.9678922e-09,0.9999418,1.5216557e-07,1.9467016e-06,5.3182524e-05,2.606386e-06,5.049234e-12,2.6978128e-07,1.2986924e-10
Chottogram/ctg149.wav,test,2.2650748e-09,0.9999893,8.3631767e-07,4.252765e-06,4.3258915e-06,1.2465732e-06,5.4504387e-12,1.1167993e-07,9.353289e-11
Chottogram/ctg15.wav,test,6.023012e-05,8.035919e-07,2.2448612e-06,0.47768566,3.2800729e-06,3.0688907e-10,7.924479e-07,5.34468e-07,0.5222465
Chottogram/ctg150.wav,test,7.405795e-10,0.9999906,7.4769923e-07,1.9433e-06,4.278876e-06,1.5110654e-06,8.465599e-12,9.4466486e-07,1.4899795e-10
Chottogram/ctg151.wav,test,7.38124e-10,0.999992,2.3826037e-06,1.5116728e-06,1.5176341e-06,2.2111287e-06,7.544393e-12,2.435597e-07,5.086832e-11
Chottogram/ctg152.wav,test,2.0477273e-09,0.99998796,5.6436727e-07,3.5555304e-06,6.251163e-06,1.5794492e-06,5.1624325e-12,1.2627659e-07,8.4252945e-11
Chottogram/ctg16.wav,test,4.7429708e-07,0.009453399,1.4645363e-05,0.99052656,7.818174e-07,9.782632e-10,6.1520034e-10,7.838865e-08,4.10373e-06
Chottogram/ctg17.wav,test,4.8265483e-05,1.5958605e-06,2.5591385e-06,0.576544,3.694449e-06,3.188667e-10,4.6363948e-07,5.570846e-07,0.4233989
Chottogram/ctg18.wav,test,4.6041746e-06,7.393631e-08,3.8919273e-07,5.699172e-05,1.4252435e-06,3.9586188e-09,1.5557811e-06,4.0970262e-06,0.99993086
Chottogram/ctg19.wav,test,2.322741e-09,0.99998677,3.179803e-06,3.447577e-06,1.8816366e-06,3.0738279e-06,7.749132e-11,1.6650976e-06,9.621448e-10
Chottogram/ctg199.wav,test,1.7170629e-09,0.9999895,5.1096913e-07,4.3814994e-06,4.505485e-06,7.487245e-07,6.823695e-12,4.321416e-07,1.8586983e-10
Chottogram/ctg200.wav,val,2.5999727e-09,0.999985,3.698289e-07,3.415047e-06,9.1613665e-06,1.1846155e-06,1.1024158e-11,9.336059e-07,3.7819403e-10
Chottogram/ctg208.wav,test,2.58906e-06,0.651398,4.3871614e-06,0.34829965,0.0002466482,5.4423545e-08,9.2189995e-10,4.7526996e-06,4.3881635e-05
Chottogram/ctg211.wav,val,4.9843716e-09,0.9999831,4.0053305e-07,1.0483128e-06,1.0285598e-05,4.7347585e-06,1.4041793e-11,3.9526537e-07,1.4882016e-10
Chottogram/ctg219.wav,test,1.0351683e-09,0.99999225,7.969894e-07,1.5272973e-06,3.105366e-06,1.9244746e-06,7.0828694e-12,3.8431432e-07,7.4943864e-11
Chottogram/ctg220.wav,val,3.8942372e-07,0.00034718946,1.5851008e-06,0.9996488,4.1593452e-07,1.1179943e-10,3.7678838e-10,1.1127408e-08,1.6062972e-06
Chottogram/ctg221.wav,val,6.772614e-07,7.268006e-05,1.275048e-06,0.99992025,3.0126554e-07,6.842149e-11,8.2957435e-10,6.749041e-09,4.7935773e-06
Chottogram/ctg222.wav,val,5.797436e-07,0.0027686073,2.0403918e-06,0.99722457,1.947323e-06,5.315392e-10,3.4805847e-10,2.8981509e-08,2.3728376e-06
Chottogram/ctg223.wav,val,7.496917e-07,9.580609e-06,1.4254857e-06,0.9999788,8.697385e-08,2.7557161e-11,1.9552084e-09,4.914653e-09,9.361318e-06
Chottogram/ctg224.wav,val,1.7708325e-06,1.3389737e-05,6.8787773e-07,0.9999521,2.9187555e-07,3.7190234e-11,1.81961e-09,6.1890133e-09,3.1776326e-05
Chottogram/ctg225.wav,val,5.410001e-06,1.773591e-06,1.1069917e-06,0.99954706,3.9134528e-07,5.2361736e-11,2.2157014e-08,1.5742632e-08,0.00044415833
Chottogram/ctg226.wav,val,1.4881367e-05,0.00043089502,1.2566414e-06,0.9995154,5.354253e-06,1.0696303e-09,4.2957624e-09,1.9202542e-08,3.2277498e-05
Chottogram/ctg227.wav,val,4.2438762e-07,0.5877023,1.9289344e-05,0.41225433,2.1614374e-05,3.4414875e-08,5.007224e-10,1.1621652e-06,8.4822454e-07
Chottogram/ctg228.wav,val,3.768876e-09,0.9999267,4.7889273e-07,6.4126274e-05,8.199807e-06,2.3837947e-07,5.7731194e-12,1.9253812e-07,4.213522e-10
Chottogram/ctg261.wav,val,1.0509995e-08,0.9998971,2.993833e-06,9.703374e-05,2.41792e-06,3.7484654e-07,1.0993248e-11,6.868609e-08,7.06418e-10
Chottogram/ctg262.wav,test,7.6603897e-07,1.5853716e-09,3.613551e-08,6.325339e-06,3.4825416e-07,3.611322e-10,7.357573e-07,2.79616e-06,0.99998903
Chottogram/ctg276.wav,test,7.9390094e-10,0.99999154,3.2075493e-06,1.9147947e-06,1.1352531e-06,2.0438124e-06,8.485669e-12,2.1658609e-07,4.788022e-11
Chottogram/ctg277.wav,test,4.709867e-10,0.99998605,8.657007e-06,1.9329957e-06,5.036326e-07,2.5629022e-06,1.35091304e-11,3.1426302e-07,3.3180982e-11
Chottogram/ctg278.wav,test,6.523431e-10,0.9999918,2.8358515e-06,1.887235e-06,1.1268712e-06,2.1200285e-06,8.098566e-12,2.2764453e-07,3.6571902e-11
Chottogram/ctg279.wav,test,7.464353e-10,0.99998915,4.829508e-06,1.382163e-06,8.603007e-07,3.6230965e-06,1.1959768e-11,2.265403e-07,3.8436806e-11
Chottogram/ctg301.wav,test,9.413695e-07,0.9986884,1.7602005e-07,0.00030638912,0.0010015462,1.8348429e-06,1.7411515e-10,7.550351e-07,1.9565451e-08
Chottogram/ctg302.wav,test,1.2574283e-09,0.9999683,2.1540569e-05,7.81398e-06,3.175606e-07,1.7343123e-06,3.421002e-11,2.4836183e-07,6.6651046e-11
Chottogram/ctg303.wav,test,1.0278598e-08,0.9999733,6.6901856e-07,1.5163451e-05,9.44778e-06,1.2047836e-06,1.8673696e-11,1.9583422e-07,3.094646e-10
Chottogram/ctg315.wav,test,3.0400386e-08,0.9993887,6.4240496e-08,2.134535e-06,0.0006013236,7.0720102e-06,1.4780406e-11,6.7429454e-07,4.0335504e-10
Chottogram/ctg325.wav,val,4.5796056e-09,0.9999863,8.413911e-07,4.155977e-06,6.3413886e-06,1.9848405e-06,2.0343767e-11,3.979358e-07,1.8103416e-10
Chottogram/ctg331.wav,test,1.3547701e-09,0.99999034,8.196212e-07,1.6916703e-06,3.859876e-06,2.4734939e-06,1.6704834e-11,8.0460495e-07,2.0455569e-10
Chottogram/ctg383.wav,val,8.927022e-09,0.9999777,4.732532e-07,2.8029713e-06,1.4230875e-05,4.0981363e-06,3.55715e-11,7.178018e-07,4.0687845e-10
Chottogram/ctg395.wav,val,6.691605e-09,0.9999509,2.0423352e-07,8.714387e-06,3.7932426e-05,1.4913167e-06,1.4899311e-11,6.694944e-07,5.156155e-10
Chottogram/ctg411.wav,val,1.4626788e-09,0.999987,7.513671e-07,1.1629191e-06,7.6049123e-06,2.9772204e-06,9.460971e-12,4.6595017e-07,7.523307e-11
Chottogram/ctg412.wav,val,1.4172234e-09,0.9999838,6.5837696e-07,8.3611934e-07,1.0303886e-05,3.8044732e-06,9.21107e-12,6.091198e-07,7.696831e-11
Chottogram/ctg413.wav,val,1.1541246e-09,0.99999046,2.229035e-06,9.852072e-07,2.5773033e-06,3.5113187e-06,1.1725174e-11,3.8272157e-07,6.954044e-11
Chottogram/ctg414.wav,val,2.9935323e-09,0.99992967,2.262619e-07,1.2368577e-06,6.3823056e-05,4.117071e-06,9.474569e-12,9.0838796e-07,1.3370671e-10
Chottogram/ctg415.wav,val,1.4094589e-09,0.9999869,4.9888636e-06,1.3423862e-06,2.1058509e-06,4.235791e-06,1.637327e-11,3.710573e-07,5.875383e-11
Chottogram/ctg435.wav,test,1.8748165e-09,0.999987,2.9150867e-06,6.4018286e-06,2.3584566e-06,1.064393e-06,1.287469e-11,2.5167117e-07,7.7148905e-11
Chottogram/ctg436.wav,test,1.5659751e-09,0.99996984,1.3735487e-05,1.4797215e-05,4.4520937e-07,1.0200267e-06,1.397929e-11,8.355795e-08,4.4854107e-11
Chottogram/ctg437.wav,val,8.3726753e-10,0.99997103,2.0014068e-05,7.0546776e-06,3.648921e-07,1.2734298e-06,1.4960266e-11,1.7271445e-07,3.9683597e-11
Chottogram/ctg438.wav,val,5.337683e-10,0.9999902,3.3626804e-06,3.7826244e-06,1.3045438e-06,1.0542547e-06,6.773129e-12,2.8188398e-07,2.7742007e-11
Chottogram/ctg439.wav,val,8.997847e-10,0.9999919,2.3190753e-06,1.2756211e-06,1.8674787e-06,2.2915394e-06,1.1281212e-11,4.2024178e-07,5.818359e-11
Chottogram/ctg446.wav,val,2.9778977e-09,0.99998426,6.598223e-07,1.4642401e-06,9.916396e-06,3.3558754e-06,1.1940861e-11,3.5099893e-07,8.02351e-11
Chottogram/ctg456.wav,test,1.9744073e-05,0.0057910867,3.3557913e-05,0.9941281,2.7538317e-06,1.4723647e-08,2.997163e-08,1.3131331e-07,2.4662046e-05
Chottogram/ctg467.wav,val,4.327157e-05,0.034034386,1.651348e-05,0.9653607,6.0784037e-05,5.7453448e-08,4.0722647e-08,1.1584668e-06,0.0004831026
Chottogram/ctg498.wav,val,6.2612264e-07,0.047263775,0.044084627,0.9086501,4.798435e-08,9.5008026e-08,4.2831232e-08,3.4665533e-07,3.7657261e-07
Chottogram/ctg503.wav,val,3.008482e-08,0.63696843,0.36277068,0.00019343366,2.4517357e-08,5.7056044e-05,1.2295395e-07,1.0204505e-05,4.275244e-09
Chottogram/ctg504.wav,val,5.7481984e-09,0.9998696,2.318458e-06,0.00012384652,3.7963737e-06,3.1199852e-07,1.064906e-11,1.2635235e-07,1.8394179e-10
Chottogram/ctg518.wav,val,6.926518e-07,0.45482615,5.8353948e-05,0.54511,4.4490253e-06,4.3608267e-08,7.352339e-10,1.7727852e-07,1.4627634e-07
Chottogram/ctg52.wav,val,1.7227337e-09,0.9999889,2.7846158e-06,4.6761756e-06,1.7061818e-06,1.7526145e-06,1.08121906e-11,1.3953425e-07,5.8972216e-11
Chottogram/ctg521.wav,val,0.14299512,8.762268e-06,0.0009505894,0.8004038,3.1093008e-05,5.2756004e-06,0.050746668,5.2821047e-06,0.0048534903
Chottogram/ctg522.wav,test,9.098821e-06,7.635126e-06,1.8517171e-06,0.9999733,1.7542752e-07,1.4438566e-10,1.1526116e-08,1.5940368e-09,7.916691e-06
Chottogram/ctg523.wav,val,8.490664e-06,8.4578886e-07,3.326451e-06,0.9999056,1.02257e-07,7.3853715e-11,7.254468e-08,6.2833547e-09,8.1632e-05
Chottogram/ctg524.wav,val,2.210264e-06,4.8558777e-06,2.4889816e-05,0.99996424,1.3046416e-08,1.2012538e-10,2.9700628e-08,2.7344793e-09,3.7790542e-06
Chottogram/ctg525.wav,test,1.1527999e-05,1.346068e-05,2.2381248e-05,0.9999502,5.5920573e-08,5.505029e-10,4.9479798e-08,3.2146419e-09,2.3727923e-06
Chottogram/ctg526.wav,val,5.7387488e-06,1.3069816e-06,6.482273e-06,0.9999604,4.1970726e-08,8.259302e-11,5.9463975e-08,4.5463375e-09,2.5964255e-05
Chottogram/ctg527.wav,val,3.6909182e-06,2.1990581e-06,3.4435145e-06,0.9999702,5.9663144e-08,6.016014e-11,1.9790134e-08,3.254325e-09,2.042102e-05
Chottogram/ctg528.wav,test,3.118683e-06,0.014837555,0.00012661814,0.9850317,7.073013e-07,1.3204301e-08,3.959171e-09,2.7094035e-08,2.1589378e-07
Chottogram/ctg53.wav,val,1.1398883e-09,0.99998593,6.267943e-06,5.468285e-06,7.121273e-07,1.3832545e-06,1.3175265e-11,1.7092768e-07,6.188899e-11
Chottogram/ctg530.wav,val,0.00010144469,0.00055309327,1.2979056e-06,0.9993217,1.9646042e-05,5.9142478e-09,1.2174637e-08,1.1078117e-08,2.8376808e-06
Chottogram/ctg531.wav,val,1.4342878e-08,0.999848,1.4555152e-06,0.00014006646,9.727797e-06,5.047112e-07,2.159369e-11,1.9320977e-07,6.5490713e-10
Chottogram/ctg532.wav,val,3.1596526e-05,0.94867337,3.8290164e-06,0.0495877,0.001699363,2.5898562e-06,5.4357305e-09,8.6426695e-07,7.252077e-07
Chottogram/ctg54.wav,val,1.6188579e-09,0.9999827,2.2545184e-06,1.2419628e-05,1.6080709e-06,9.0572684e-07,9.54975e-12,1.2870635e-07,7.405846e-11
Chottogram/ctg541.wav,test,1.0248514e-07,0.9998454,6.049574e-07,0.00010526323,4.63538e-05,1.6579493e-06,9.246428e-11,5.252809e-07,9.816024e-10
Chottogram/ctg543.wav,test,0.087493286,0.8555981,0.0001839672,0.00560012,0.043123517,0.006659646,0.00013939421,0.00024867838,0.0009532554
Chottogram/ctg547.wav,test,2.9235724e-07,0.9987122,1.601686e-07,0.00012444827,0.0011572613,3.0510873e-06,1.5977566e-10,2.6264092e-06,1.6796116e-08
Chottogram/ctg548.wav,test,4.9487583e-09,0.99991345,1.6031171e-07,2.7269073e-06,7.809912e-05,3.322834e-06,1.8030103e-11,2.1489109e-06,2.4100327e-10
Chottogram/ctg549.wav,test,2.8099894e-08,0.99990547,1.8833083e-07,6.556285e-06,8.202632e-05,5.2772493e-06,3.715454e-11,5.0200725e-07,3.7864825e-10
Chottogram/ctg55.wav,val,2.6257808e-07,0.95039725,4.7615163e-06,0.0495502,4.7109213e-05,9.899889e-08,8.8508104e-11,2.1795972e-07,5.2922005e-08
Chottogram/ctg550.wav,test,5.8206104e-05,0.97705203,8.7483266e-07,0.018235663,0.004648289,3.4685042e-06,3.1289622e-09,8.967813e-07,5.5323693e-07
Chottogram/ctg555.wav,test,7.1258396e-06,0.98142815,4.983698e-06,0.00014462286,0.0127738565,0.00014029443,2.106823e-07,0.005499571,1.1506896e-06
Chottogram/ctg556.wav,test,0.24458048,0.05312451,0.010850726,0.0045218854,0.023251435,0.05746325,0.27361196,0.31469548,0.017900368
Chottogram/ctg558.wav,val,0.07392645,6.4705214e-06,0.00085816346,0.0003027682,6.203004e-06,0.0007135214,0.9241433,7.0435126e-06,3.596632e-05
Chottogram/ctg559.wav,val,0.015425561,3.3842472e-05,0.0016771992,0.00031893412,6.260762e-05,0.0014105913,0.9324339,0.0008676956,0.0477697
Chottogram/ctg56.wav,val,3.211663e-09,0.9999825,5.5674957e-07,5.6314298e-06,9.331866e-06,1.5697474e-06,1.39261614e-11,4.1593253e-07,2.3528227e-10
Chottogram/ctg560.wav,val,3.7643604e-05,2.2768171e-08,9.9056415e-05,4.3749043e-07,1.6789451e-07,0.00012589461,0.9996244,8.631346e-05,2.6004487e-05
Chottogram/ctg564.wav,test,2.0312755e-05,0.99035525,7.648263e-06,0.0051834737,0.0038085363,6.0214584e-06,2.9995903e-08,8.7689485e-05,0.0005311344
Chottogram/ctg565.wav,test,1.7468803e-06,0.9997445,3.861832e-06,0.00016201919,7.864283e-05,8.133162e-06,1.868715e-09,1.0534449e-06,7.596841e-08
Chottogram/ctg566.wav,test,4.029146e-09,0.99996626,3.441959e-07,1.3408942e-05,1.8184113e-05,7.5442455e-07,1.752674e-11,1.1830083e-06,1.9698234e-09
Chottogram/ctg567.wav,test,4.3536264e-07,0.9705029,2.0682369e-06,0.029296502,0.0001951227,1.2723196e-07,2.0999151e-10,1.8247791e-06,1.0057869e-06
Chottogram/ctg568.wav,test,3.5200428e-06,0.9912013,6.069654e-06,0.008449961,0.00032691157,1.0322628e-06,2.6746492e-09,4.3263713e-06,6.8186228e-06
Chottogram/ctg569.wav,test,0.003250995,0.96013683,0.0022147512,0.02372041,0.0030171124,0.00073431403,6.939117e-05,0.0004346965,0.0064214794
Chottogram/ctg570.wav,test,0.00013310475,2.5260737e-05,1.2549467e-06,0.13281006,0.000105579194,3.638361e-09,5.6241385e-07,6.2455933e-06,0.8669178
Chottogram/ctg571.wav,test,0.00026294345,0.992941,6.3258994e-05,0.006448339,0.00024764088,3.4285214e-05,9.886099e-08,8.680296e-07,1.5189421e-06
Chottogram/ctg572.wav,test,1.374373e-06,0.9588654,2.1989351e-06,0.040646918,0.00047109963,1.6387001e-07,5.5659977e-10,4.6354935e-06,8.300831e-06
Chottogram/ctg573.wav,test,6.999156e-09,0.9999515,3.515157e-07,2.5258723e-05,2.1743876e-05,5.47316e-07,1.4164196e-11,6.2954365e-07,2.5233104e-09
Chottogram/ctg574.wav,test,1.3965712e-05,0.6617356,4.355967e-05,0.33656153,0.0005158021,4.280687e-07,1.3392125e-08,1.870777e-05,0.0011103739
Chottogram/ctg575.wav,test,2.5268412e-06,0.04019624,4.73087e-06,0.95971787,4.7710928e-05,7.61261e-09,1.0088835e-09,6.427681e-07,3.0299538e-05
Chottogram/ctg576.wav,test,3.903812e-09,0.9999912,1.6984887e-06,2.2061874e-06,2.2621982e-06,2.3475632e-06,1.9836549e-11,2.6572533e-07,1.5744354e-10
Chottogram/ctg577.wav,test,5.0057993e-09,0.9999565,1.9707383e-07,1.2075211e-05,3.009451e-05,7.379532e-07,8.777131e-12,4.8545365e-07,5.8119226e-10
Chottogram/ctg578.wav,test,2.3865028e-09,0.9999912,1.0056373e-06,3.0452763e-06,2.9819014e-06,1.5126594e-06,1.3128099e-11,3.1027798e-07,2.4194227e-10
Chottogram/ctg579.wav,test,1.4206205e-09,0.99998987,4.540011e-07,2.1506808e-06,5.80247e-06,1.4854357e-06,7.389584e-12,3.9298618e-07,1.3614365e-10
Chottogram/ctg580.wav,test,1.609223e-08,0.9998149,2.66845e-07,0.00012731775,5.6453395e-05,2.769665e-07,1.6039134e-11,8.204642e-07,8.497415e-09
Chottogram/ctg581.wav,test,3.607367e-07,0.99925154,7.319433e-07,0.00024486668,0.00049170735,1.6789091e-06,4.2030224e-10,8.037188e-06,1.0358511e-06
Chottogram/ctg582.wav,test,3.5799768e-09,0.9999608,2.4046543e-07,3.874344e-06,3.191363e-05,1.3857468e-06,1.6425144e-11,1.7774989e-06,1.4938286e-09
Chottogram/ctg583.wav,test,1.674898e-08,0.99989104,3.101546e-07,2.3093047e-05,8.127249e-05,1.1620039e-06,5.1122186e-11,2.9631435e-06,1.559263e-08
Chottogram/ctg584.wav,test,4.6699e-09,0.99995124,1.612905e-07,3.969873e-06,4.2101055e-05,1.6577943e-06,1.1345097e-11,7.846422e-07,6.7891814e-10
Chottogram/ctg585.wav,test,1.243389e-07,0.9983537,5.8002263e-07,0.0014602878,0.00018279467,2.2838604e-07,7.7477e-11,1.8943667e-06,3.7850245e-07
Chottogram/ctg586.wav,test,8.8198357e-07,0.9981737,7.3032317e-07,0.0014352673,0.0003868525,7.0295135e-07,2.7326238e-10,1.4739462e-06,3.9039298e-07
Chottogram/ctg587.wav,test,3.731929e-06,0.9611767,2.3823584e-06,0.037404113,0.0013460037,3.7319626e-07,1.5924193e-09,1.0643206e-05,5.6124252e-05
Chottogram/ctg588.wav,test,6.0132237e-09,0.99998987,1.4513427e-06,2.5521142e-06,3.0027695e-06,2.917103e-06,2.6587068e-11,2.618489e-07,2.3705565e-10
Chottogram/ctg589.wav,test,9.6527965e-06,0.9948442,8.259739e-05,0.0049819537,6.791924e-05,6.7594697e-06,2.4396828e-08,3.860086e-06,3.03633e-06
Chottogram/ctg590.wav,test,2.3030537e-09,0.99998546,3.569769e-07,3.671259e-06,8.951717e-06,1.2053362e-06,8.883662e-12,3.533928e-07,2.127791e-10
Chottogram/ctg591.wav,test,1.5406654e-09,0.99999094,1.0589773e-06,1.2953435e-06,3.3314368e-06,2.8292227e-06,1.4514747e-11,4.913602e-07,1.5593786e-10
Chottogram/ctg592.wav,test,3.4686504e-08,0.9997665,2.9649496e-07,0.00016368224,6.8283676e-05,3.5769986e-07,2.9132086e-11,7.494368e-07,1.2562691e-08
Chottogram/ctg593.wav,test,4.741752e-06,0.6762648,3.1171608e-06,0.32308185,0.00062527024,8.423537e-08,9.250526e-10,3.0139229e-06,1.7114948e-05
Chottogram/ctg594.wav,test,0.021757457,0.0012331096,2.3748069e-05,0.0010455515,0.009162034,9.137548e-05,0.00036111366,0.0003683096,0.9659574
Chottogram/ctg595.wav,test,4.7263624e-09,0.99998367,7.839616e-07,8.103872e-06,6.0571565e-06,1.0404056e-06,1.9013274e-11,4.1865027e-07,7.3755485e-10
Chottogram/ctg596.wav,test,5.811056e-09,0.99998224,6.3215634e-06,7.989689e-06,1.2681479e-06,1.8260494e-06,4.6620832e-11,4.1086363e-07,8.8497853e-10
Chottogram/ctg597.wav,test,0.00012561261,0.98212457,1.7296734e-05,0.011494874,0.0056601716,1.8904248e-05,1.9285818e-07,8.151436e-05,0.0004769375
Chottogram/ctg598.wav,test,0.0012392628,0.48800206,2.614596e-05,0.46741757,0.027225522,6.052383e-06,5.438046e-07,0.00011670888,0.01596609
Chottogram/ctg599.wav,test,1.5933567e-08,0.99985135,5.0429094e-07,0.0001256213,2.1772075e-05,3.158771e-07,1.6378923e-11,3.3216944e-07,2.8419218e-09
Chottogram/ctg600.wav,test,7.854976e-06,0.33308804,7.746437e-06,0.66631496,0.00049487164,8.7135234e-08,2.782051e-09,3.5420717e-06,8.285205e-05
Chottogram/ctg601.wav,test,4.630831e-06,0.9641239,1.797595e-05,0.035056017,0.0005278452,9.704787e-07,1.130195e-08,5.3391526e-05,0.0002153744
Chottogram/ctg602.wav,test,1.359989e-05,0.99640477,3.2776545e-06,0.0033393728,0.00023594692,2.1181997e-06,1.6328272e-09,5.064005e-07,4.706906e-07
Chottogram/ctg603.wav,test,3.4443692e-05,0.9166042,6.3987286e-06,0.08178396,0.0014938668,9.935543e-07,5.986224e-09,4.4853714e-06,7.16363e-05
Chottogram/ctg604.wav,test,0.027307522,0.0002771566,7.4509326e-06,0.9681686,0.00022142602,1.3118675e-07,1.8945226e-06,6.987864e-08,0.004015613
Chottogram/ctg605.wav,test,7.798096e-05,0.99873596,6.6029997e-06,0.00067569304,0.00047251413,2.9776547e-05,1.0499351e-08,6.0379875e-07,9.5306575e-07
Chottogram/ctg631.wav,test,1.1641624e-09,0.9999871,8.5127493e-07,1.2495723e-06,7.2236535e-06,1.9688216e-06,1.2684279e-11,1.4462817e-06,1.6640042e-10
Chottogram/ctg632.wav,test,6.416204e-10,0.99999094,2.6207115e-06,4.518383e-06,9.0764087e-07,6.6560335e-07,6.481437e-12,2.404674e-07,7.1954734e-11
Chottogram/ctg633.wav,test,7.1996403e-10,0.9999895,5.1877646e-06,1.896197e-06,1.1545853e-06,1.703427e-06,1.4997626e-11,6.263247e-07,7.497169e-11
Chottogram/ctg634.wav,test,1.0587257e-09,0.9999914,1.4852766e-06,2.3062184e-06,3.097921e-06,1.2994074e-06,8.996736e-12,4.8130556e-07,8.623215e-11
Chottogram/ctg635.wav,test,1.069454e-09,0.9999914,1.0528884e-06,1.707029e-06,3.5650428e-06,1.3918208e-06,1.082561e-11,7.377102e-07,1.4082768e-10
Chottogram/ctg650.wav,val,0.00015364011,1.0949489e-05,1.0172514e-06,0.0001330106,8.093478e-05,2.6707204e-07,3.8692583e-06,2.2046424e-05,0.9995944
Chottogram/ctg651.wav,val,0.00033273664,0.00016357796,1.2016648e-06,0.01769339,0.00045257292,6.751778e-08,5.978473e-07,1.1930794e-05,0.981344
Chottogram/ctg652.wav,val,0.9690778,0.00018012461,1.0533662e-06,0.011728235,0.011215139,1.143216e-05,2.0775431e-05,3.2576014e-07,0.00776516
Chottogram/ctg653.wav,val,2.2362413e-07,0.9994413,5.457731e-07,0.00042320578,0.00013304046,6.1621705e-07,9.931974e-11,8.879333e-07,7.970112e-08
Chottogram/ctg654.wav,val,1.5527082e-08,0.99997175,4.706354e-07,2.079678e-06,1.7076949e-05,7.825797e-06,6.166846e-11,8.070446e-07,8.072227e-10
Chottogram/ctg655.wav,val,0.0016384468,0.08575519,5.6434896e-05,0.7464577,0.003963639,3.6317058e-06,2.6020455e-06,0.00011443919,0.1620079
Chottogram/ctg686.wav,test,9.0430413e-10,0.99999154,1.4330553e-06,2.9765952e-06,2.59595e-06,1.2190039e-06,5.145484e-12,1.9229076e-07,4.079539e-11
Chottogram/ctg687.wav,test,1.1089952e-09,0.9999912,1.0104469e-06,2.1889875e-06,3.7179655e-06,1.7098342e-06,5.3094243e-12,1.9677172e-07,4.546585e-11
Chottogram/ctg718.wav,val,2.4435276e-09,0.99998426,4.5487403e-07,4.534532e-06,8.87963e-06,1.0905379e-06,1.1443619e-11,8.518239e-07,2.6158173e-10
Chottogram/ctg719.wav,val,2.6667432e-05,1.919983e-05,4.6342086e-07,0.999772,3.9346132e-06,2.5870817e-10,1.59061e-08,2.0897847e-08,0.00017775703
Chottogram/ctg722.wav,val,1.203417e-06,0.9831555,1.2881514e-05,0.016537165,0.000277283,3.5785754e-06,4.2969877e-09,1.1109114e-05,1.2947979e-06
Chottogram/ctg723.wav,val,3.0814808e-09,0.99996674,9.426032e-07,2.5096455e-05,5.8533233e-06,5.618833e-07,1.681687e-11,7.5424293e-07,7.9472817e-10
Chottogram/ctg729.wav,val,7.759485e-07,0.014889527,2.014666e-06,0.98509556,1.1020299e-05,1.8907247e-09,3.1825625e-10,8.6988464e-08,1.0058033e-06
Chottogram/ctg730.wav,val,1.3112724e-05,0.0009385145,3.9870812e-07,0.9989379,5.3934353e-05,1.2080824e-09,3.2224625e-09,1.71904e-07,5.6015662e-05
Chottogram/ctg738.wav,val,5.7724596e-06,0.00018387024,5.065399e-07,0.999796,4.247375e-06,3.560279e-10,1.8557115e-09,1.4926263e-08,9.568259e-06
Chottogram/ctg739.wav,val,1.4750264e-06,0.81370044,3.077111e-06,0.1861246,0.0001692659,7.812337e-08,3.8903705e-10,7.259146e-07,2.952414e-07
Chottogram/ctg74.wav,test,2.0288535e-09,0.99999034,1.0995298e-06,2.7995525e-06,3.496135e-06,1.983844e-06,7.376238e-12,1.3222919e-07,7.4830316e-11
Chottogram/ctg740.wav,val,7.0012627e-09,0.999974,4.9173957e-07,1.4132904e-05,1.0061193e-05,8.192397e-07,2.0013838e-11,4.638245e-07,5.172577e-10
Chottogram/ctg741.wav,val,1.8874218e-05,0.93341064,6.070774e-06,0.06621637,0.000344334,9.55029e-07,6.4058874e-09,1.7538002e-06,8.9731986e-07
Chottogram/ctg742.wav,val,4.578367e-09,0.9999695,2.3368473e-07,9.3869685e-06,1.9588897e-05,8.2395763e-07,1.1007347e-11,5.325784e-07,2.6333644e-10
Chottogram/ctg743.wav,val,6.428048e-08,0.9998105,1.3879144e-07,4.2623964e-05,0.00014513425,1.1973605e-06,3.17918e-11,4.3866075e-07,9.1713226e-10
Chottogram/ctg749.wav,val,2.3234435e-07,0.9975228,7.279728e-07,0.0024038793,7.178269e-05,2.9181226e-07,8.507699e-11,3.0917224e-07,1.1175941e-08
Chottogram/ctg750.wav,val,0.00028269447,0.015949627,3.5284042e-06,0.981751,0.0008800731,8.5866034e-08,7.00488e-08,2.5767993e-06,0.0011303143
Chottogram/ctg751.wav,test,1.6144291e-08,0.99985194,1.423416e-07,5.6876543e-06,0.00013875809,2.9064713e-06,2.0175965e-11,6.863097e-07,3.0797154e-10
Chottogram/ctg754.wav,val,1.0990181e-08,0.99995804,3.1609372e-07,2.2055832e-05,1.8561117e-05,8.2386094e-07,1.510982e-11,2.7190188e-07,3.6862718e-10
Chottogram/ctg756.wav,val,4.670366e-09,0.99998045,2.90384e-07,2.809584e-06,1.3864212e-05,2.1085662e-06,1.2536322e-11,3.8387356e-07,1.3622858e-10
Chottogram/ctg757.wav,test,5.653819e-09,0.99996746,1.7295598e-07,2.0826124e-06,2.7639393e-05,2.3609941e-06,8.419479e-12,2.9717512e-07,1.3903452e-10
Chottogram/ctg758.wav,val,1.0865835e-05,0.99104416,1.2209698e-06,0.0078453785,0.001094781,1.3816651e-06,1.8923063e-09,1.9718661e-06,2.0691098e-07
Chottogram/ctg759.wav,val,0.00030577104,8.461197e-06,9.856644e-07,0.9957694,1.3381845e-05,1.2217176e-09,3.3813973e-07,6.9026925e-08,0.0039016216
Chottogram/ctg760.wav,val,4.810671e-06,0.7906139,3.6126874e-06,0.20903917,0.0003370238,1.8588284e-07,9.798962e-10,7.6929774e-07,5.512471e-07
Chottogram/ctg761.wav,val,2.1743974e-05,0.9031989,4.208867e-06,0.09566999,0.001100294,1.0359589e-06,5.544062e-09,2.814149e-06,9.497657e-07
Chottogram/ctg762.wav,val,2.9994258e-08,0.999838,3.5008384e-07,0.0001228982,3.77326e-05,3.8605046e-07,3.0202545e-11,5.797018e-07,3.1465248e-09
Chottogram/ctg763.wav,val,5.9462293e-09,0.9999765,3.407466e-07,3.6236106e-06,1.6523803e-05,2.4078602e-06,2.081385e-11,5.6810575e-07,2.8975117e-10
Chottogram/ctg764.wav,val,4.669209e-09,0.99997866,3.0360212e-07,5.9859535e-06,1.342728e-05,1.1665282e-06,1.2885245e-11,4.6512582e-07,2.793002e-10
Chottogram/ctg765.wav,val,4.9454766e-06,0.82686645,4.1563667e-06,0.17283204,0.00029022954,2.0284168e-07,1.2200814e-09,1.1106399e-06,9.50373e-07
Chottogram/ctg766.wav,val,3.770983e-08,0.99993205,4.9899535e-07,3.651456e-05,2.8723103e-05,1.370726e-06,7.5399874e-11,8.5090346e-07,4.7757944e-09
Chottogram/ctg767.wav,val,8.100854e-09,0.9999714,2.817553e-07,8.077138e-06,1.8373095e-05,1.2930559e-06,1.77953e-11,5.086684e-07,3.9512185e-10
Chottogram/ctg768.wav,val,6.5458397e-07,0.99589765,1.2465373e-06,0.003998895,0.00010049574,4.2747604e-07,2.4838534e-10,5.586584e-07,4.7629463e-08
Chottogram/ctg769.wav,val,1.2701157e-06,0.93375933,3.9806223e-06,0.06614512,8.961258e-05,1.8853342e-07,3.536983e-10,3.4082944e-07,5.8926638e-08
Chottogram/ctg770.wav,val,9.409793e-09,0.99996674,5.176692e-07,2.2508035e-05,9.141833e-06,8.562487e-07,1.8694386e-11,2.1233839e-07,2.5011238e-10
Chottogram/ctg793.wav,val,6.526947e-10,0.999987,6.399149e-06,4.667318e-06,5.282042e-07,9.206162e-07,1.35077e-11,4.4600614e-07,9.475081e-11
Chottogram/ctg87.wav,test,3.238424e-09,0.9999815,3.9540237e-07,9.4361785e-06,7.871975e-06,7.304439e-07,3.9801786e-12,8.866852e-08,1.5483123e-10
Chottogram/ctg91.wav,test,8.898599e-10,0.9999783,3.136775e-06,4.0205506e-07,3.1159755e-06,1.43039915e-05,2.4526391e-11,7.9093303e-07,4.9701028e-11
Chottogram/ctg92.wav,test,1.0481804e-09,0.99997187,3.8143821e-06,3.0105303e-07,2.3700306e-06,2.108901e-05,2.4969646e-11,5.820746e-07,4.0254314e-11
Chottogram/ctg93.wav,test,1.2034165e-09,0.99997723,1.0419964e-06,4.6646625e-07,1.0621817e-05,9.605809e-06,1.5113888e-11,9.4798065e-07,6.3705916e-11
Chottogram/ctg94.wav,test,5.2022103e-10,0.9999894,3.8763546e-06,8.0076296e-07,1.0616087e-06,4.453019e-06,1.343061e-11,4.9115005e-07,5.6397418e-11
Chottogram/ctg95.wav,test,9.387389e-10,0.9999753,3.838802e-06,3.1694168e-07,2.0370758e-06,1.8028833e-05,2.2577084e-11,5.6761064e-07,4.1899224e-11
Chottogram/ctg96.wav,test,1.1955311e-09,0.99999106,1.1535152e-06,2.2288257e-06,3.2792252e-06,2.17188e-06,5.967041e-12,1.5059193e-07,5.7392164e-11
Chottogram/ctg97.wav,test,6.494082e-10,0.99998593,5.4539e-06,7.720337e-07,9.042564e-07,6.508294e-06,1.7567415e-11,3.8906387e-07,3.8262015e-11
Chottogram/ctg98.wav,test,7.935307e-10,0.9999695,1.0208273e-06,2.8284887e-07,1.0359981e-05,1.7318938e-05,1.8919527e-11,1.6348392e-06,5.0359876e-11
Chottogram/ctg99.wav,test,5.157752e-10,0.9999877,2.3296304e-06,5.7349746e-07,2.706011e-06,5.8049814e-06,1.29543615e-11,8.772874e-07,4.911993e-11
