relpath,split,Barishal,Chattogram,Dhaka,Formal,Khulna,Mymensingh,Noakhali,Rajshahi,Sylhet
Khulna/khl100.wav,val,1.0232072e-05,3.046159e-07,1.1540938e-11,7.1061436e-07,0.9999839,2.5671357e-06,3.8202108e-07,1.9309703e-06,4.8251778e-08
Khulna/khl101.wav,test,1.2982106e-05,4.4523694e-07,1.0607716e-11,1.0239195e-06,0.9999813,2.8513743e-06,3.2684483e-07,1.0549693e-06,3.6200007e-08
Khulna/khl106.wav,val,1.0191194e-05,3.939127e-07,1.1286873e-11,8.598193e-07,0.9999844,2.0876807e-06,2.73941e-07,1.8161435e-06,5.8587258e-08
Khulna/khl108.wav,test,7.1063623e-06,2.8715215e-07,1.0827849e-11,5.8358677e-07,0.9999865,2.5340328e-06,3.381834e-07,2.4976434e-06,4.1373873e-08
Khulna/khl11.wav,val,1.691119e-05,1.5900883e-07,2.3818546e-11,5.847096e-07,0.999969,1.6491398e-06,1.1508998e-06,1.0250417e-05,2.8077505e-07
Khulna/khl138.wav,test,1.3173703e-05,7.6428347e-07,1.0909495e-11,2.147095e-06,0.99997973,3.2654132e-06,1.8119822e-07,5.666531e-07,2.6644713e-08
Khulna/khl140.wav,val,8.488813e-06,5.842096e-07,9.8029414e-12,1.1645008e-06,0.9999852,3.4507789e-06,1.8172477e-07,8.95364e-07,2.3081249e-08
Khulna/khl142.wav,val,8.128552e-06,5.790869e-07,9.520828e-12,1.2710719e-06,0.99998605,2.7541091e-06,1.821712e-07,9.63842e-07,2.6914778e-08
Khulna/khl147.wav,test,9.282048e-06,5.1191773e-07,9.598405e-12,1.2619354e-06,0.99998367,4.26836e-06,2.2790205e-07,7.70799e-07,1.9597254e-08
Khulna/khl151.wav,val,7.7124905e-06,4.2127024e-07,9.601506e-12,1.0073686e-06,0.9999862,3.2549965e-06,2.5967768e-07,1.1169615e-06,2.6626138e-08
Khulna/khl152.wav,test,5.317328e-06,4.06552e-07,8.9470185e-12,7.679817e-07,0.9999889,2.684828e-06,2.2015533e-07,1.5652668e-06,2.8162336e-08
Khulna/khl156.wav,val,2.9835199e-05,0.00073905464,1.115916e-09,0.00016193288,0.999005,6.326101e-05,6.681378e-08,7.684189e-07,1.768499e-08
Khulna/khl157.wav,val,1.9802355e-05,8.1354824e-07,2.458058e-11,3.8390376e-06,0.9999709,3.3755061e-06,3.8869126e-07,9.469356e-07,4.1551477e-08
Khulna/khl159.wav,val,4.533183e-06,7.2583305e-07,9.865798e-12,6.8898265e-07,0.99998915,2.9305886e-06,1.408077e-07,1.8152084e-06,1.754379e-08
Khulna/khl16.wav,test,1.0024451e-05,2.2839001e-07,1.2443356e-11,6.549043e-07,0.9999833,2.336061e-06,4.867829e-07,2.827386e-06,6.614229e-08
Khulna/khl170.wav,test,6.2428016e-06,8.200989e-07,9.645793e-12,1.4200016e-06,0.9999875,2.9840812e-06,1.3248238e-07,8.346676e-07,1.7883027e-08
Khulna/khl171.wav,test,8.833401e-06,6.3839786e-07,1.3614496e-11,1.4089716e-06,0.99998486,2.593839e-06,2.2630093e-07,1.4395315e-06,2.8493645e-08
Khulna/khl175.wav,test,4.0074897e-06,1.28777e-06,6.962687e-12,8.568726e-07,0.9999894,3.5102469e-06,6.530481e-08,8.1856194e-07,1.1227728e-08
Khulna/khl177.wav,val,1.6055239e-05,6.2239206e-07,9.740695e-12,1.725826e-06,0.9999783,2.44068e-06,2.5040322e-07,6.257625e-07,3.5254857e-08
Khulna/khl18.wav,test,6.861975e-06,2.8769318e-07,1.1435701e-11,5.284599e-07,0.9999864,2.546669e-06,3.785152e-07,2.9913463e-06,4.4380144e-08
Khulna/khl182.wav,val,1.1966379e-05,1.1799461e-06,1.6888758e-11,3.3477795e-06,0.9999789,3.7746393e-06,1.7144022e-07,6.750673e-07,2.144807e-08
Khulna/khl183.wav,test,5.5523757e-05,1.7893075e-06,3.384789e-11,1.1394956e-05,0.9999255,4.977485e-06,3.9419652e-07,3.8485055e-07,4.375164e-08
Khulna/khl187.wav,test,8.629947e-06,4.3444885e-07,1.0553683e-11,1.2855144e-06,0.9999862,1.7331264e-06,2.4604483e-07,1.4855945e-06,5.4006883e-08
Khulna/khl195.wav,test,4.8535235e-06,1.1493164e-06,9.118433e-12,1.5371006e-06,0.99998844,2.9829628e-06,8.951948e-08,8.4227287e-07,1.550473e-08
Khulna/khl202.wav,test,4.457455e-06,1.43229745e-05,1.6702872e-11,3.876872e-06,0.9999703,6.676987e-06,2.6095243e-08,4.4992473e-07,7.2429605e-09
Khulna/khl203.wav,test,7.590319e-06,9.641545e-07,9.644528e-12,1.4648265e-06,0.99998605,2.999953e-06,1.3743217e-07,7.952155e-07,2.0130804e-08
Khulna/khl207.wav,test,2.9051553e-06,3.9067993e-07,1.0809297e-11,3.544939e-07,0.9999883,2.9478642e-06,2.1894165e-07,4.7746316e-06,2.4788681e-08
Khulna/khl210.wav,test,1.962333e-06,1.2910215e-06,8.29007e-12,5.589326e-07,0.99999046,3.7888713e-06,5.9592587e-08,1.9007052e-06,8.473898e-09
Khulna/khl212.wav,val,7.900505e-06,4.3467824e-07,1.1500746e-11,7.4723795e-07,0.9999857,3.0545525e-06,2.9673933e-07,1.8091896e-06,2.964727e-08
Khulna/khl213.wav,val,1.2829994e-05,2.8638414e-07,1.4830656e-11,9.873692e-07,0.99998057,2.5804602e-06,5.682408e-07,2.0712844e-06,5.6697925e-08
Khulna/khl216.wav,test,7.0512597e-06,2.7524277e-07,1.3862755e-11,5.504485e-07,0.9999852,2.2947345e-06,3.9191804e-07,4.15947e-06,5.924502e-08
Khulna/khl218.wav,val,7.554533e-06,3.0466148e-07,1.202095e-11,6.8479113e-07,0.9999857,3.1859554e-06,3.4297778e-07,2.1185829e-06,3.518069e-08
Khulna/khl221.wav,val,5.755689e-06,4.5275323e-07,9.62512e-12,6.499266e-07,0.99998784,3.6186716e-06,2.0380874e-07,1.5221939e-06,1.9472292e-08
Khulna/khl226.wav,test,7.749681e-06,3.1417983e-07,1.2875064e-11,7.323091e-07,0.99998546,2.9382397e-06,3.2432428e-07,2.4321537e-06,4.1060858e-08
Khulna/khl231.wav,test,6.895277e-06,3.3030796e-07,1.2162709e-11,6.747303e-07,0.9999869,1.8397534e-06,2.7046707e-07,3.1115244e-06,5.911137e-08
Khulna/khl232.wav,test,1.9851283e-05,1.6795042e-07,6.011674e-11,2.6791554e-07,0.99990857,2.3919781e-06,2.318513e-06,6.593799e-05,5.018145e-07
Khulna/khl234.wav,test,4.062357e-06,5.9555845e-07,8.946723e-12,6.442808e-07,0.9999902,2.5653483e-06,1.4032256e-07,1.7388318e-06,2.1022394e-08
Khulna/khl235.wav,test,6.7165306e-06,3.6940213e-07,1.2432016e-11,8.1597324e-07,0.9999871,2.4331066e-06,2.7467007e-07,2.2817458e-06,3.8256132e-08
Khulna/khl239.wav,val,1.4081299e-05,3.082142e-07,1.4153257e-11,1.2525187e-06,0.99998,2.2289883e-06,4.6824456e-07,1.5228774e-06,6.8663624e-08
Khulna/khl240.wav,test,1.0030607e-05,3.2325661e-07,1.4007807e-11,9.947504e-07,0.999984,2.1590836e-06,3.827742e-07,2.0422035e-06,6.466884e-08
Khulna/khl241.wav,test,1.3509457e-05,4.49563e-07,1.3663525e-11,1.8281127e-06,0.99998045,2.296405e-06,3.069015e-07,1.0497116e-06,5.6060134e-08
Khulna/khl243.wav,test,5.5487135e-06,5.993153e-07,1.1982612e-11,9.2013266e-07,0.9999881,2.7490346e-06,1.7131447e-07,1.9063064e-06,2.948746e-08
Khulna/khl248.wav,val,1.7071012e-05,4.130344e-07,1.6400596e-11,2.361719e-06,0.9999759,2.6622997e-06,3.6990423e-07,1.0868026e-06,5.7669883e-08
Khulna/khl249.wav,val,5.233103e-06,5.215602e-07,1.0657847e-11,8.127561e-07,0.9999887,2.954065e-06,1.6547169e-07,1.6713213e-06,2.4177817e-08
Khulna/khl257.wav,val,8.40073e-06,5.195575e-07,1.1098789e-11,1.2866018e-06,0.9999858,2.502236e-06,1.9104196e-07,1.1553423e-06,3.5536377e-08
Khulna/khl260.wav,val,1.9314978e-06,1.051129e-06,8.131504e-12,2.6722458e-07,0.99998796,6.550326e-06,6.660353e-08,2.123971e-06,6.2819434e-09
Khulna/khl268.wav,val,3.1210634e-06,8.643743e-07,8.101213e-12,5.0655916e-07,0.99998665,7.401728e-06,9.682892e-08,1.3103145e-06,7.135738e-09
Khulna/khl269.wav,test,2.8458026e-06,1.3911086e-06,8.513978e-12,5.0081206e-07,0.99998033,1.37310735e-05,8.196313e-08,1.0309193e-06,4.009615e-09
Khulna/khl272.wav,test,4.73937e-06,1.888105e-07,1.3154021e-11,3.2691517e-07,0.9999858,3.5435428e-06,5.752546e-07,4.8026e-06,4.207198e-08
Khulna/khl275.wav,test,3.5111702e-06,3.5239665e-07,8.562323e-12,3.644268e-07,0.9999893,3.885396e-06,2.5627475e-07,2.2947593e-06,1.7738747e-08
Khulna/khl279.wav,val,4.7971016e-06,5.162527e-07,8.866364e-12,7.2085896e-07,0.9999895,2.826654e-06,1.5002149e-07,1.5581055e-06,2.3113552e-08
Khulna/khl282.wav,val,2.2862721e-05,8.725555e-07,1.3919314e-11,3.1093343e-06,0.9999695,2.9144744e-06,2.2685775e-07,4.892339e-07,4.5745022e-08
Khulna/khl283.wav,test,0.0006240134,1.8390385e-05,1.7988998e-10,8.670818e-05,0.9992481,2.2098515e-05,5.179591e-07,1.6155566e-07,7.2447776e-08
Khulna/khl285.wav,val,9.480448e-06,3.32283e-07,1.0479886e-11,1.027441e-06,0.9999844,3.2091664e-06,3.1455423e-07,1.1796792e-06,3.4051453e-08
Khulna/khl29.wav,test,1.0209958e-05,2.924146e-07,1.2947684e-11,5.524896e-07,0.9999833,2.163563e-06,4.115115e-07,3.0836152e-06,6.6173456e-08
Khulna/khl290.wav,val,7.735753e-06,5.794754e-07,9.210829e-12,8.4550055e-07,0.99998426,5.356453e-06,1.9474999e-07,9.179555e-07,1.3969092e-08
Khulna/khl292.wav,test,1.0497704e-05,6.4959966e-07,1.0136774e-11,1.3793557e-06,0.99998343,3.0610076e-06,1.8052704e-07,8.0377805e-07,2.5182043e-08
Khulna/khl293.wav,test,7.3076353e-06,4.246578e-07,1.0625712e-11,8.6102887e-07,0.9999864,3.2451999e-06,2.4557488e-07,1.4458517e-06,2.8095256e-08
Khulna/khl3.wav,test,1.3328989e-05,1.8185409e-07,1.5447406e-11,5.7545407e-07,0.99997854,2.5049278e-06,8.147835e-07,3.9479855e-06,9.571119e-08
Khulna/khl300.wav,test,1.1170343e-05,2.6634984e-07,1.5638855e-11,1.37241e-06,0.9999821,2.4356505e-06,6.258962e-07,2.000869e-06,8.6108386e-08
Khulna/khl31.wav,test,0.0036361576,1.0810186e-06,1.7750323e-09,5.196164e-06,0.9961293,5.8600212e-06,4.770017e-05,0.0001399564,3.4731318e-05
Khulna/khl311.wav,test,1.0193229e-05,1.1229946e-06,1.0804497e-11,2.2026331e-06,0.99998283,2.7673143e-06,1.1770775e-07,6.5454805e-07,2.7000144e-08
Khulna/khl314.wav,val,9.912928e-06,6.97154e-07,1.3147067e-11,1.8547105e-06,0.99998343,2.8347624e-06,1.8407972e-07,1.0933727e-06,3.4872293e-08
Khulna/khl316.wav,val,1.054201e-05,6.3494537e-07,1.1798137e-11,1.7103775e-06,0.99998367,2.0604941e-06,1.9705081e-07,1.0649408e-06,4.656179e-08
Khulna/khl321.wav,test,2.131554e-05,1.710014e-06,1.8382396e-11,6.7524347e-06,0.99996555,4.1212024e-06,1.8819438e-07,3.4505348e-07,2.800073e-08
Khulna/khl329.wav,test,1.448006e-05,3.4443687e-07,1.4805625e-11,1.4679536e-06,0.9999794,2.1294795e-06,3.620907e-07,1.8356211e-06,6.9768824e-08
Khulna/khl33.wav,val,0.0013432401,5.1189846e-07,2.0507927e-10,1.0478368e-05,0.9986242,2.2531826e-06,7.934471e-06,5.4082852e-06,5.9033973e-06
Khulna/khl334.wav,test,6.5897216e-06,6.8570466e-07,9.3148145e-12,1.0749836e-06,0.9999876,2.8728955e-06,1.413021e-07,1.1170825e-06,2.1569608e-08
Khulna/khl336.wav,test,0.00024373524,9.68035e-06,1.1388885e-10,0.00013738511,0.99960107,7.5691123e-06,3.386093e-07,1.6645687e-07,1.1224637e-07
Khulna/khl337.wav,test,5.731903e-05,1.3166169e-06,2.5862652e-11,1.3086011e-05,0.99992406,3.506364e-06,3.292713e-07,3.4724428e-07,6.014116e-08
Khulna/khl341.wav,val,5.9529866e-06,1.4356798e-06,8.996896e-12,1.0811758e-06,0.9999864,4.2661295e-06,8.018354e-08,7.2668644e-07,1.0899995e-08
Khulna/khl348.wav,test,1.2721031e-05,5.1270786e-07,1.1215001e-11,1.4182724e-06,0.9999801,4.2138404e-06,2.606318e-07,7.5535576e-07,1.9657344e-08
Khulna/khl350.wav,val,8.713601e-06,1.6235979e-06,9.9328115e-12,1.3994647e-06,0.9999819,5.67066e-06,9.038187e-08,5.5693675e-07,1.0345363e-08
Khulna/khl351.wav,test,1.3107395e-05,9.650174e-07,1.03887255e-11,1.624793e-06,0.9999795,4.1251565e-06,1.726642e-07,5.8465383e-07,1.6976509e-08
Khulna/khl356.wav,val,1.0486268e-05,9.283291e-07,1.1364262e-11,1.5563751e-06,0.99997973,6.550347e-06,1.5221705e-07,6.0972536e-07,1.2506241e-08
Khulna/khl36.wav,test,1.2829015e-05,3.5239594e-07,1.1474865e-11,1.2110695e-06,0.9999815,2.2900126e-06,3.5518215e-07,1.3591614e-06,4.9836633e-08
Khulna/khl368.wav,test,9.0586245e-06,6.009234e-07,1.08767145e-11,1.145048e-06,0.99998415,3.8815356e-06,2.0299366e-07,9.486202e-07,2.1131614e-08
Khulna/khl370.wav,test,5.692543e-06,5.129175e-07,9.089363e-12,7.8300724e-07,0.9999882,3.2399673e-06,1.6221848e-07,1.374851e-06,2.1292848e-08
Khulna/khl379.wav,test,2.8257067e-05,1.7970871e-06,1.5396392e-11,5.6427966e-06,0.9999609,2.881701e-06,1.3649989e-07,3.5579492e-07,3.8456314e-08
Khulna/khl38.wav,test,9.648293e-06,5.336524e-07,9.895695e-12,1.0475765e-06,0.99998415,3.2709286e-06,2.2794259e-07,1.079878e-06,2.3743828e-08
Khulna/khl387.wav,val,4.213877e-06,7.2663215e-07,7.719707e-12,7.507862e-07,0.99998987,3.1281386e-06,9.619378e-08,1.2070496e-06,1.5239733e-08
Khulna/khl388.wav,test,4.7674594e-06,0.22455452,1.4019886e-08,0.00020701958,0.7747261,0.0004986496,8.049623e-09,8.936199e-06,1.8536136e-08
Khulna/khl39.wav,val,1.06240495e-05,5.6681887e-07,9.998079e-12,9.811383e-07,0.9999833,3.2133614e-06,2.2591202e-07,1.037783e-06,2.7075762e-08
Khulna/khl391.wav,val,1.7412178e-05,2.517054e-07,1.7859362e-11,1.7020353e-06,0.9999752,2.7096157e-06,6.264293e-07,1.954276e-06,8.156798e-08
Khulna/khl397.wav,val,6.6673524e-06,1.2255952e-06,9.241969e-12,1.6066022e-06,0.99998343,6.467195e-06,9.2891206e-08,5.202157e-07,8.7321945e-09
Khulna/khl398.wav,val,1.0425298e-05,5.3815535e-07,1.1287566e-11,1.6690706e-06,0.99998295,3.2143716e-06,2.1034748e-07,8.7745144e-07,2.8493865e-08
Khulna/khl405.wav,test,7.461895e-06,4.3971076e-07,1.0593046e-11,9.920229e-07,0.99998593,3.7088093e-06,2.5529332e-07,1.1688452e-06,2.0917394e-08
Khulna/khl406.wav,test,7.457747e-06,6.6669065e-07,9.238194e-12,1.1951106e-06,0.99998486,4.9643218e-06,1.4972106e-07,7.303098e-07,1.3978748e-08
Khulna/khl417.wav,val,1.5168101e-05,4.1174253e-06,1.737302e-11,7.677785e-06,0.9999671,5.5686346e-06,8.440846e-08,2.5711242e-07,1.6013962e-08
Khulna/khl422.wav,test,1.7995857e-05,5.2159317e-07,1.2757309e-11,2.676846e-06,0.99997556,2.2272359e-06,3.1668947e-07,6.5460387e-07,4.7455853e-08
Khulna/khl423.wav,test,7.673261e-06,7.9129154e-07,9.2290646e-12,1.7061069e-06,0.99998605,2.897158e-06,1.3335851e-07,6.618283e-07,2.2411449e-08
Khulna/khl426.wav,val,1.1470161e-05,2.407919e-07,1.3468071e-11,8.3641953e-07,0.99998236,1.6626672e-06,4.915135e-07,2.8096886e-06,9.9666174e-08
Khulna/khl428.wav,val,4.016486e-06,4.3893394e-07,9.491127e-12,5.451999e-07,0.9999896,2.4787957e-06,1.8053092e-07,2.5644442e-06,2.7950552e-08
Khulna/khl443.wav,val,4.9775094e-06,6.825659e-07,8.4406e-12,7.526449e-07,0.9999896,2.4183905e-06,1.2527406e-07,1.4449658e-06,2.2652193e-08
Khulna/khl445.wav,test,9.45713e-06,3.8819624e-07,9.805744e-12,8.9874476e-07,0.999985,2.65528e-06,2.7284668e-07,1.3313364e-06,3.6594876e-08
Khulna/khl448.wav,test,8.6236605e-06,5.242447e-07,9.428807e-12,9.991793e-07,0.99998605,2.2113475e-06,1.907753e-07,1.2509686e-06,3.182036e-08
Khulna/khl449.wav,test,5.6429585e-06,6.7679764e-07,8.421697e-12,7.501741e-07,0.9999887,2.6966466e-06,1.3363757e-07,1.3066422e-06,2.4242185e-08
Khulna/khl46.wav,val,7.301948e-06,4.6511775e-07,9.498535e-12,8.1199244e-07,0.99998605,3.920573e-06,2.336525e-07,1.1827418e-06,2.0203887e-08
Khulna/khl465.wav,test,1.0711384e-05,5.9402703e-07,9.933133e-12,1.1351901e-06,0.9999838,2.4866254e-06,1.8558319e-07,1.05592e-06,3.31267e-08
Khulna/khl471.wav,val,4.7016288e-06,1.1404971e-06,8.374446e-12,9.873804e-07,0.99998903,3.0015217e-06,8.362477e-08,9.894354e-07,1.5069872e-08
Khulna/khl474.wav,test,7.3460833e-06,4.5001713e-07,1.1509295e-11,1.1819749e-06,0.9999869,2.3964058e-06,2.563304e-07,1.4637008e-06,3.9070677e-08
Khulna/khl475.wav,test,7.544249e-06,5.5830054e-07,9.766092e-12,1.2912265e-06,0.9999862,3.3811893e-06,2.4065713e-07,8.522034e-07,2.45313e-08
Khulna/khl477.wav,val,1.1637986e-05,8.0881756e-07,1.1914072e-11,1.6861001e-06,0.9999814,3.3953977e-06,2.3284994e-07,7.5830593e-07,3.0020942e-08
Khulna/khl478.wav,test,5.7034285e-06,7.738478e-06,1.2086748e-11,1.7148266e-06,0.99997795,6.326313e-06,3.6663014e-08,5.5116465e-07,9.25986e-09
Khulna/khl480.wav,val,4.1618487e-06,1.2493623e-06,9.194238e-12,1.0475541e-06,0.9999896,2.633375e-06,7.2387536e-08,1.1735598e-06,1.6810162e-08
Khulna/khl482.wav,val,7.659178e-06,3.0953674e-07,9.361398e-12,6.29427e-07,0.9999865,2.5464751e-06,3.0190677e-07,1.8971139e-06,4.126905e-08
Khulna/khl488.wav,val,4.1695985e-06,5.721332e-07,9.34355e-12,6.4118245e-07,0.9999894,3.5044902e-06,1.5583096e-07,1.6376009e-06,1.6672024e-08
Khulna/khl490.wav,test,3.6046936e-06,5.6304197e-07,7.92258e-12,5.206264e-07,0.99999046,2.9025746e-06,1.2335866e-07,1.9046226e-06,1.7349546e-08
Khulna/khl494.wav,val,8.530053e-06,4.0415784e-07,1.0455025e-11,1.0125211e-06,0.9999858,2.540746e-06,2.3847747e-07,1.3609416e-06,3.3810753e-08
Khulna/khl495.wav,val,6.4163023e-06,5.502595e-07,9.890809e-12,7.012099e-07,0.99998796,2.3135174e-06,1.8503539e-07,1.7405004e-06,3.6312763e-08
Khulna/khl496.wav,test,6.6547714e-06,3.0352643e-07,1.0604294e-11,5.0711606e-07,0.99998677,3.1673185e-06,3.6233865e-07,2.245333e-06,3.3048856e-08
Khulna/khl498.wav,val,6.7172373e-06,4.345526e-07,9.65577e-12,6.133875e-07,0.9999875,2.4444178e-06,2.2311197e-07,1.9498434e-06,3.1902875e-08
Khulna/khl502.wav,val,2.2312797e-06,1.3036492e-06,7.454797e-12,4.799962e-07,0.99999094,3.0323736e-06,5.3309666e-08,1.921122e-06,1.2244735e-08
Khulna/khl504.wav,val,3.9910196e-06,5.865219e-07,8.8249815e-12,5.8517315e-07,0.99999,2.7361866e-06,1.3845289e-07,1.9251515e-06,2.1068955e-08
Khulna/khl511.wav,val,4.1004905e-06,6.6975e-07,7.990254e-12,5.327043e-07,0.9999894,3.5557557e-06,1.2998949e-07,1.5482154e-06,1.4941257e-08
Khulna/khl516.wav,val,5.226919e-06,1.0396144e-06,2.8417133e-11,3.192259e-07,0.9999716,3.5278604e-06,2.403871e-07,1.7985765e-05,5.5660735e-08
Khulna/khl519.wav,test,2.9174637e-06,0.638742,2.8277483e-08,8.05723e-05,0.3607967,0.00034953488,4.183286e-09,2.8183002e-05,4.4526878e-08
Khulna/khl523.wav,test,7.5028483e-06,6.1856014e-07,9.542325e-12,6.478357e-07,0.999987,2.2976424e-06,1.4836002e-07,1.8287925e-06,3.3958212e-08
Khulna/khl526.wav,val,1.3568264e-05,6.5089233e-07,1.1481931e-11,1.3924968e-06,0.99998105,1.9588795e-06,1.9374772e-07,1.1455077e-06,5.8163636e-08
Khulna/khl528.wav,test,3.412368e-06,5.2958217e-07,9.306647e-12,4.33184e-07,0.99998975,2.4697022e-06,1.4279975e-07,3.2933146e-06,2.3686603e-08
Khulna/khl538.wav,test,3.8720077e-06,9.450778e-07,8.497412e-12,5.9379386e-07,0.99998975,3.0991334e-06,9.5514565e-08,1.5707576e-06,1.5630528e-08
Khulna/khl549.wav,test,1.8754131e-06,5.64757e-07,1.0033293e-11,2.4573805e-07,0.99998784,4.87116e-06,1.3365275e-07,4.496935e-06,1.1136257e-08
Khulna/khl557.wav,test,6.934692e-06,5.154553e-07,9.631814e-12,9.3473903e-07,0.99998677,3.4772554e-06,2.115039e-07,1.1261318e-06,2.2734845e-08
Khulna/khl56.wav,test,1.18159205e-05,2.148391e-07,1.450125e-11,1.0767576e-06,0.9999819,2.0250025e-06,6.324416e-07,2.2416186e-06,8.584189e-08
Khulna/khl565.wav,test,6.92447e-06,7.2968e-07,9.382513e-12,9.498279e-07,0.9999851,5.308345e-06,1.639648e-07,8.211214e-07,1.366692e-08
Khulna/khl569.wav,test,5.996928e-06,1.8140292e-06,1.0335222e-11,1.2889956e-06,0.999985,5.1622305e-06,7.624511e-08,7.012226e-07,1.2077473e-08
Khulna/khl575.wav,test,7.359858e-06,9.4237987e-07,9.219223e-12,1.0836676e-06,0.99998534,4.336754e-06,1.1883494e-07,8.092474e-07,1.6214928e-08
Khulna/khl576.wav,val,9.624724e-06,8.8048483e-07,1.052463e-11,2.0649616e-06,0.99998367,2.9686455e-06,1.332227e-07,6.589837e-07,2.438862e-08
Khulna/khl58.wav,test,9.254974e-06,2.2427872e-07,1.4826066e-11,8.665963e-07,0.9999838,2.0530213e-06,5.9078184e-07,3.1927805e-06,8.741001e-08
Khulna/khl580.wav,test,7.0860247e-06,6.280747e-07,8.922497e-12,8.310115e-07,0.99998724,2.8021668e-06,1.5282636e-07,1.2623708e-06,2.414999e-08
Khulna/khl582.wav,val,5.0271774e-06,5.9237647e-07,9.021483e-12,7.274496e-07,0.99998796,4.400307e-06,1.505135e-07,1.2514039e-06,1.5239733e-08
Khulna/khl583.wav,val,6.068064e-06,1.2691461e-06,8.807468e-12,1.2531428e-06,0.9999851,5.5378273e-06,8.235623e-08,6.206033e-07,9.546363e-09
Khulna/khl584.wav,val,9.930439e-06,7.6025145e-07,9.400443e-12,1.3554485e-06,0.9999831,4.1002336e-06,1.489715e-07,7.059531e-07,1.8107485e-08
Khulna/khl586.wav,test,4.534933e-06,3.812768e-07,1.0395423e-11,4.432051e-07,0.9999869,5.4344873e-06,2.5099735e-07,2.0286561e-06,1.7595223e-08
Khulna/khl591.wav,test,6.4655483e-06,3.798278e-07,1.1744474e-11,8.7808723e-07,0.99998724,2.7706594e-06,3.14401e-07,1.801237e-06,3.5665987e-08
Khulna/khl592.wav,test,1.000708e-05,6.740528e-07,9.746956e-12,1.2850368e-06,0.99998367,3.3516e-06,2.1266038e-07,7.960847e-07,2.107493e-08
Khulna/khl593.wav,test,9.438535e-06,1.3321851e-06,1.0469536e-11,2.2572306e-06,0.99998236,4.077707e-06,1.1779258e-07,4.534655e-07,1.5984423e-08
Khulna/khl594.wav,test,6.267074e-06,9.372865e-07,8.699716e-12,8.9864756e-07,0.9999856,5.359061e-06,1.2221297e-07,7.744388e-07,1.1291016e-08
Khulna/khl597.wav,val,6.720567e-06,2.139905e-06,9.496752e-12,1.4364327e-06,0.9999833,5.7383163e-06,6.305939e-08,5.724725e-07,9.026893e-09
Khulna/khl6.wav,val,6.283877e-06,1.8870959e-07,1.9183271e-11,2.481087e-07,0.9999738,1.9206843e-06,6.5445096e-07,1.6886997e-05,1.6431437e-07
Khulna/khl604.wav,val,9.970937e-06,8.499676e-07,9.743601e-12,1.308606e-06,0.9999827,4.284669e-06,1.4536212e-07,6.7154855e-07,1.6388539e-08
Khulna/khl605.wav,test,8.016078e-06,1.1627712e-06,8.969511e-12,1.1074817e-06,0.9999839,5.0801036e-06,1.02875e-07,6.74078e-07,1.1980227e-08
Khulna/khl611.wav,test,9.928477e-06,7.693868e-07,9.324654e-12,8.774263e-07,0.99998295,4.5088723e-06,1.6258502e-07,8.3844463e-07,1.6106604e-08
Khulna/khl614.wav,val,7.922125e-06,6.3724076e-07,9.339521e-12,9.84926e-07,0.99998546,3.8586395e-06,1.8245868e-07,8.82472e-07,2.0702021e-08
Khulna/khl615.wav,val,7.782311e-06,1.6295616e-06,8.86346e-12,1.3555807e-06,0.99998236,6.2597783e-06,8.046051e-08,5.011642e-07,8.316796e-09
Khulna/khl616.wav,val,9.747644e-06,1.4908961e-06,9.478468e-12,1.4101621e-06,0.9999807,5.9912772e-06,1.08724464e-07,5.154591e-07,1.138464e-08
Khulna/khl632.wav,val,1.0743241e-05,8.4369185e-07,1.0933421e-11,2.0327554e-06,0.99998283,2.80348e-06,1.6427904e-07,6.2673826e-07,2.6977805e-08
Khulna/khl633.wav,val,9.381386e-06,5.276378e-07,9.898592e-12,9.997768e-07,0.999985,2.7583144e-06,2.3273934e-07,1.1074841e-06,2.8583953e-08
Khulna/khl636.wav,test,6.647295e-06,9.2986426e-07,9.492767e-12,7.774792e-07,0.999987,3.3032798e-06,1.1680714e-07,1.2298909e-06,1.8312619e-08
Khulna/khl637.wav,val,8.6059745e-06,6.608969e-07,9.627595e-12,1.2145823e-06,0.99998546,2.9241037e-06,1.8440286e-07,9.337862e-07,2.3857623e-08
Khulna/khl64.wav,test,9.389398e-06,5.051579e-07,9.608458e-12,1.1808045e-06,0.9999851,2.4912242e-06,2.1328908e-07,1.0419429e-06,3.2379056e-08
Khulna/khl641.wav,test,7.4169657e-06,8.9409775e-07,9.850388e-12,1.4493925e-06,0.9999862,3.3191166e-06,1.3846477e-07,7.083548e-07,1.8734756e-08
Khulna/khl643.wav,val,7.933548e-06,5.7355555e-07,9.938047e-12,8.5952075e-07,0.9999862,2.8161e-06,1.9296613e-07,1.3355486e-06,2.7562926e-08
Khulna/khl646.wav,test,7.461184e-06,7.1329845e-07,8.840302e-12,9.1205897e-07,0.9999869,2.8783645e-06,1.4081341e-07,1.0202202e-06,2.146846e-08
Khulna/khl648.wav,test,9.552265e-06,5.0107644e-07,8.941605e-12,1.2329118e-06,0.9999846,3.1200661e-06,2.2245844e-07,7.777421e-07,2.5960583e-08
Khulna/khl650.wav,test,8.607434e-06,8.0865567e-07,8.367279e-12,1.0679062e-06,0.99998534,3.2546989e-06,1.4388891e-07,7.834233e-07,2.0158954e-08
Khulna/khl661.wav,test,9.8457185e-06,0.0033354908,3.0128225e-10,3.26612e-05,0.99651575,0.0001053653,1.24305135e-08,8.1836697e-07,6.4206733e-09
Khulna/khl664.wav,val,8.593251e-06,1.4578303e-06,8.87046e-12,1.6621816e-06,0.999984,3.6382087e-06,9.727998e-08,5.316088e-07,1.606364e-08
Khulna/khl666.wav,test,1.1578506e-05,5.610141e-07,1.1315843e-11,1.6652588e-06,0.9999825,2.6434689e-06,2.4768462e-07,8.439684e-07,3.3073622e-08
Khulna/khl668.wav,val,1.428226e-05,7.1247837e-07,1.1178e-11,2.0473196e-06,0.999979,3.0782778e-06,1.9702583e-07,6.042575e-07,2.7222137e-08
Khulna/khl669.wav,val,8.314469e-06,1.7582951e-06,1.2117422e-11,1.6503325e-06,0.9999833,4.224311e-06,1.04365704e-07,6.1810374e-07,1.4412285e-08
Khulna/khl671.wav,test,1.6111038e-05,4.6384676e-07,1.1296667e-11,1.6205769e-06,0.9999782,2.2428121e-06,3.0923295e-07,8.863657e-07,4.695412e-08
Khulna/khl676.wav,test,8.1748885e-06,8.24062e-07,9.093431e-12,7.2544157e-07,0.9999856,3.450609e-06,1.5682372e-07,1.1298105e-06,2.130104e-08
Khulna/khl679.wav,test,4.23338e-06,5.326232e-07,8.286491e-12,4.7684927e-07,0.99998975,2.7034293e-06,1.5360321e-07,2.177539e-06,2.3232142e-08
Khulna/khl68.wav,test,1.6610386e-05,4.5177643e-07,1.17449436e-11,1.8207962e-06,0.9999776,2.2615743e-06,3.1024445e-07,8.879668e-07,5.000802e-08
Khulna/khl680.wav,test,5.2732985e-06,4.2860927e-07,8.8203386e-12,5.519651e-07,0.9999882,3.7675068e-06,2.1251131e-07,1.5127113e-06,2.0576774e-08
Khulna/khl686.wav,test,1.1026673e-05,4.5109522e-07,1.0862419e-11,1.1229339e-06,0.9999831,2.9729276e-06,2.8643345e-07,1.0242239e-06,3.058841e-08
Khulna/khl692.wav,test,2.6148373e-05,1.2983335e-06,1.4266712e-11,4.305774e-06,0.9999647,2.8253955e-06,1.9481121e-07,4.40767e-07,4.7027967e-08
Khulna/khl698.wav,test,6.4556657e-06,9.1561503e-07,8.615366e-12,9.254605e-07,0.99998724,3.3756226e-06,1.13587475e-07,9.775622e-07,1.6431619e-08
Khulna/khl699.wav,val,6.1942997e-06,7.292994e-07,9.023187e-12,9.014445e-07,0.99998796,2.9333112e-06,1.3102681e-07,1.1246489e-06,1.9773884e-08
Khulna/khl700.wav,test,1.1899717e-05,7.4562996e-07,1.0005715e-11,1.1911974e-06,0.999982,3.111429e-06,2.0404441e-07,8.241086e-07,2.4720533e-08
Khulna/khl708.wav,test,1.2203658e-05,5.815796e-07,1.0200573e-11,1.4733112e-06,0.99998224,2.386103e-06,2.1434924e-07,8.310564e-07,3.7180914e-08
Khulna/khl712.wav,val,8.055475e-06,1.5858237e-06,9.727891e-12,2.012851e-06,0.9999846,3.0336214e-06,9.2236846e-08,5.493642e-07,2.0541526e-08
Khulna/khl718.wav,val,6.3472294e-06,1.086347e-06,7.723725e-12,1.1785518e-06,0.9999876,2.9932335e-06,8.657045e-08,7.09966e-07,1.8215822e-08
Khulna/khl72.wav,val,8.413133e-06,2.8908718e-07,1.090332e-11,6.9163667e-07,0.9999858,2.362637e-06,3.616789e-07,2.0745413e-06,4.8130445e-08
Khulna/khl722.wav,test,1.3566563e-05,2.470637e-07,1.8235566e-11,1.1631711e-06,0.9999796,2.3256846e-06,6.369527e-07,2.2989097e-06,9.278019e-08
Khulna/khl723.wav,test,9.736466e-06,3.4795173e-07,1.2717551e-11,9.497066e-07,0.99998426,2.5836564e-06,3.6790863e-07,1.70766e-06,4.5217575e-08
Khulna/khl726.wav,test,1.0854341e-05,7.0836177e-07,1.0225552e-11,1.1571836e-06,0.99998283,3.4634709e-06,1.8548481e-07,8.024403e-07,2.2790632e-08
Khulna/khl729.wav,val,1.2279062e-05,7.7024816e-07,1.1023613e-11,1.7923244e-06,0.9999813,2.9016098e-06,1.8905558e-07,6.8543625e-07,2.8489902e-08
Khulna/khl731.wav,test,7.649089e-06,4.9212105e-07,9.466184e-12,8.158063e-07,0.9999865,3.1393772e-06,2.1864811e-07,1.1036362e-06,2.3481006e-08
Khulna/khl744.wav,test,4.4370468e-06,4.5496752e-05,2.5509072e-11,4.8416655e-06,0.99993134,1.3525242e-05,1.5709505e-08,4.1286827e-07,4.3283164e-09
Khulna/khl747.wav,val,1.269454e-05,4.82184e-07,1.00740406e-11,1.0147405e-06,0.999982,2.3434122e-06,2.6521096e-07,1.15849e-06,4.7283137e-08
Khulna/khl75.wav,val,9.009961e-06,3.1707197e-07,1.1454982e-11,6.0386003e-07,0.99998486,2.5178647e-06,3.27718e-07,2.2268296e-06,4.461466e-08
Khulna/khl76.wav,test,1.1788653e-05,3.0475343e-07,1.2358785e-11,7.5032676e-07,0.99998236,2.0793432e-06,4.181757e-07,2.183939e-06,6.4124855e-08
Khulna/khl8.wav,test,1.1613797e-05,2.8305638e-07,1.1136481e-11,7.847215e-07,0.9999827,2.1963735e-06,4.440786e-07,1.9203846e-06,6.64925e-08
Khulna/khl90.wav,val,5.8950627e-06,4.7126485e-07,8.586651e-12,6.2185075e-07,0.99998844,2.6775188e-06,1.6807553e-07,1.7437592e-06,2.6366536e-08
Khulna/khl98.wav,val,8.692733e-06,3.3957656e-07,1.02106865e-11,6.6231206e-07,0.99998534,2.9148819e-06,3.1098773e-07,1.7240105e-06,3.4116628e-08
Barishal/br100.wav,test,0.99989426,2.4364124e-06,3.6432547e-07,6.6928864e-05,1.9155863e-05,4.3091263e-06,9.249981e-06,9.359031e-09,3.1874965e-06
Barishal/br1004.wav,test,0.9999012,3.765232e-08,8.367916e-08,1.4123534e-05,6.6760676e-06,3.8211954e-07,7.029944e-05,4.166061e-09,7.2714274e-06
Barishal/br1007.wav,test,0.9999287,3.319893e-07,1.4167333e-07,3.537167e-05,1.1755667e-05,8.044856e-07,1.723337e-05,5.226711e-09,5.587172e-06
Barishal/br1008.wav,val,0.9997291,1.08152545e-08,1.17547316e-07,6.800626e-06,3.9315114e-06,4.5765643e-07,0.00025226062,5.3080917e-09,7.3233336e-06
Barishal/br101.wav,val,0.9999324,9.441637e-08,1.713569e-07,1.7471264e-05,5.232514e-06,9.345519e-07,3.967193e-05,4.4905546e-09,4.089401e-06
Barishal/br1012.wav,val,0.9999378,5.3545926e-07,3.1596346e-07,3.2506e-05,7.242536e-06,1.2618665e-06,1.5476979e-05,6.723911e-09,4.9108135e-06
Barishal/br1020.wav,test,0.99991655,1.0373238e-06,2.0308488e-07,4.66664e-05,1.7351664e-05,1.3617833e-06,1.0693313e-05,9.411278e-09,6.03033e-06
Barishal/br1023.wav,val,0.99989104,1.975642e-06,2.8373145e-07,7.449999e-05,1.6936046e-05,1.4873415e-06,7.4708637e-06,8.34572e-09,6.302207e-06
Barishal/br1024.wav,val,0.9999263,9.597176e-07,2.4918202e-07,4.217471e-05,1.2966324e-05,1.5295242e-06,1.0483809e-05,8.5248075e-09,5.2755227e-06
Barishal/br1027.wav,test,0.9998542,2.766386e-06,2.93228e-07,0.00010571435,2.2519887e-05,1.8440093e-06,6.6905664e-06,8.6582315e-09,5.8836063e-06
Barishal/br1032.wav,val,0.9999299,5.18864e-07,1.6301327e-07,3.5649682e-05,1.415436e-05,1.1982813e-06,1.3520529e-05,6.7858683e-09,4.811885e-06
Barishal/br1034.wav,test,0.9999006,1.4081919e-06,2.668885e-07,6.53031e-05,1.6294416e-05,1.5360233e-06,8.930672e-06,8.522946e-09,5.6534655e-06
Barishal/br1042.wav,val,0.99991524,1.1824201e-06,2.6966248e-07,5.477369e-05,1.2571711e-05,1.6387136e-06,9.4521965e-06,7.16828e-09,4.9352902e-06
Barishal/br1044.wav,test,0.99991655,6.9576934e-08,1.7079019e-07,1.86409e-05,4.2181678e-06,7.0954934e-07,5.398652e-05,3.8224535e-09,5.7601274e-06
Barishal/br1046.wav,val,0.889572,0.0022196157,5.1895863e-06,0.00024105387,0.0061019184,0.10152663,0.00033170113,1.4509685e-06,4.2215567e-07
Barishal/br1047.wav,val,0.995513,1.4998328e-08,2.859567e-07,3.6869837e-06,9.784804e-06,1.7792172e-05,0.004453615,1.4585871e-08,1.9567256e-06
Barishal/br1052.wav,val,0.99987924,2.1730707e-06,2.0732668e-07,7.920821e-05,2.4883499e-05,1.6617872e-06,7.198641e-06,7.5434805e-09,5.379094e-06
Barishal/br1053.wav,test,0.9999331,7.797399e-07,2.5340918e-07,3.459329e-05,1.18085745e-05,2.6406901e-06,1.3684175e-05,6.873781e-09,3.1383533e-06
Barishal/br1055.wav,val,0.9998387,3.1247382e-06,3.388242e-07,0.00012574448,1.8205441e-05,1.7678072e-06,6.2635545e-06,6.6427375e-09,5.8035293e-06
Barishal/br1062.wav,test,0.99990034,1.2460108e-06,1.939308e-07,6.385863e-05,1.8482238e-05,1.385322e-06,9.492525e-06,6.485151e-09,5.062303e-06
Barishal/br1072.wav,test,0.99992704,2.4225892e-07,9.2769824e-08,3.381817e-05,1.4129678e-05,8.122922e-07,1.9096045e-05,4.130571e-09,4.627157e-06
Barishal/br1074.wav,test,0.99988866,2.2288439e-06,2.082922e-07,4.1073476e-05,4.0753373e-05,1.1065492e-05,1.4351747e-05,1.019798e-08,1.6484208e-06
Barishal/br108.wav,test,0.9999385,5.065493e-07,3.3974106e-07,3.0817086e-05,6.7643623e-06,1.7275273e-06,1.694047e-05,6.6929386e-09,4.4520284e-06
Barishal/br1086.wav,test,0.9999126,8.699784e-07,1.8655389e-07,5.508502e-05,1.4653764e-05,1.2820958e-06,1.065277e-05,5.6220775e-09,4.686019e-06
Barishal/br1098.wav,val,0.9998209,1.8330918e-07,1.6023482e-07,9.816013e-05,1.3723321e-05,2.294598e-06,6.1223516e-05,2.6770763e-09,3.4938125e-06
Barishal/br110.wav,test,0.99993265,1.3365187e-07,1.13979716e-07,2.5115185e-05,7.3893175e-06,7.0907646e-07,2.9942523e-05,3.1385985e-09,3.978221e-06
Barishal/br1105.wav,val,0.99992967,2.6843423e-07,1.215033e-07,2.7243352e-05,1.3338445e-05,1.0600995e-06,2.2787066e-05,5.743984e-09,5.4677844e-06
Barishal/br1119.wav,val,0.99978465,1.1703683e-05,6.288428e-07,0.00015624508,2.8845627e-05,6.344198e-06,7.374377e-06,1.18763115e-08,4.296541e-06
Barishal/br1125.wav,val,0.99993384,2.0549976e-07,1.0503311e-07,2.9541974e-05,9.89536e-06,7.8742767e-07,2.1615226e-05,3.4072392e-09,4.058047e-06
Barishal/br1129.wav,val,0.99961984,1.3138755e-05,2.7090698e-07,0.000110176814,0.0002123254,7.411089e-06,2.0686748e-05,6.053249e-08,1.5931193e-05
Barishal/br1132.wav,val,0.99993634,2.4988722e-07,2.1236355e-07,2.738772e-05,6.653059e-06,7.722715e-07,2.180437e-05,5.4396176e-09,6.505278e-06
Barishal/br1135.wav,test,0.99968266,4.6020308e-08,8.161072e-08,2.1714639e-05,1.5169096e-05,1.947922e-06,0.00027509328,3.5241123e-09,3.3863646e-06
Barishal/br1143.wav,val,0.9999362,4.1813087e-07,1.3293018e-07,2.5523243e-05,1.3467953e-05,1.4647255e-06,1.891185e-05,5.389488e-09,3.7576876e-06
Barishal/br1147.wav,val,0.99989486,3.3185509e-06,3.582572e-07,6.566161e-05,2.0375655e-05,2.6407554e-06,7.4325308e-06,1.076048e-08,5.3608696e-06
Barishal/br1152.wav,test,0.9998758,4.105694e-06,3.6807086e-07,7.9502934e-05,2.4595669e-05,3.8258113e-06,7.5688245e-06,1.0483163e-08,4.1979747e-06
Barishal/br116.wav,test,0.99993575,2.0642747e-07,1.275724e-07,2.6925325e-05,8.890257e-06,7.843106e-07,2.274699e-05,4.0543537e-09,4.483259e-06
Barishal/br1160.wav,test,0.99993336,2.1310218e-07,1.0159107e-07,2.0442403e-05,1.483167e-05,9.1941126e-07,2.472307e-05,6.500176e-09,5.429167e-06
Barishal/br1170.wav,test,0.9999175,1.1842227e-06,2.2098287e-07,4.733561e-05,1.6715872e-05,1.7772643e-06,1.0836918e-05,7.4042967e-09,4.4171e-06
Barishal/br1175.wav,test,0.0025802,1.5582886e-05,5.587422e-07,0.9972664,3.2536534e-06,2.1743357e-08,4.075766e-07,1.6647107e-10,0.00013358903
Barishal/br1179.wav,test,0.12625283,0.86761385,4.5923225e-05,0.004435785,0.00091528957,0.00072581664,5.390342e-07,1.7995725e-06,8.113355e-06
Barishal/br118.wav,test,0.99990666,6.499724e-07,1.6614484e-07,6.3995656e-05,1.1818007e-05,1.064873e-06,1.1556073e-05,3.6524423e-09,4.2279044e-06
Barishal/br1180.wav,test,0.9999355,2.7198962e-07,2.9913153e-07,2.2416334e-05,6.239936e-06,2.1524575e-06,2.9978126e-05,5.6691123e-09,3.252793e-06
Barishal/br1181.wav,test,0.9999274,3.0720088e-07,2.1655629e-07,3.752732e-05,7.0552915e-06,1.4038262e-06,2.2760147e-05,3.5694119e-09,3.371817e-06
Barishal/br1182.wav,test,0.9998293,4.8654243e-08,1.8541759e-07,1.5292891e-05,5.0025933e-06,1.0767463e-06,0.00014402441,4.6799498e-09,4.9905516e-06
Barishal/br1183.wav,test,0.9993475,0.000115632836,9.5063825e-07,0.00042149395,9.0614914e-05,1.4027305e-05,4.058155e-06,2.3696282e-08,5.581326e-06
Barishal/br1187.wav,test,0.0014907935,2.1667457e-10,9.915867e-07,8.006333e-07,1.7874692e-06,5.9747663e-06,0.9984925,1.6940268e-07,7.1033483e-06
Barishal/br119.wav,val,0.9998772,1.407571e-06,2.3287922e-07,9.18479e-05,1.4253023e-05,1.6298239e-06,9.503438e-06,4.00086e-09,3.826795e-06
Barishal/br1191.wav,test,0.9999325,2.3002433e-07,1.15846746e-07,2.4526817e-05,1.2522497e-05,1.2804461e-06,2.530596e-05,4.9102375e-09,3.5476955e-06
Barishal/br1202.wav,test,0.9745141,1.3985322e-09,4.509367e-07,5.961582e-06,3.972732e-06,9.666443e-07,0.025450401,2.1267846e-08,2.4103274e-05
Barishal/br1207.wav,test,0.00059333857,1.9865469e-10,3.6625972e-06,7.01637e-07,7.349223e-07,1.0926171e-06,0.9993382,8.1904216e-07,6.137257e-05
Barishal/br121.wav,test,0.99992085,4.5475232e-07,1.409722e-07,4.2758795e-05,1.3033634e-05,1.0938038e-06,1.7139546e-05,4.213604e-09,4.5309544e-06
Barishal/br1210.wav,test,0.9999356,3.7496218e-07,2.6822318e-07,2.2820972e-05,9.837642e-06,2.8791258e-06,2.5371719e-05,7.506116e-09,2.7542565e-06
Barishal/br1211.wav,test,0.99990153,1.2163876e-07,1.6777778e-07,1.8570141e-05,9.347196e-06,2.7914873e-06,6.5408996e-05,4.9047872e-09,2.1244498e-06
Barishal/br1223.wav,val,0.99993443,3.7156366e-07,1.2681483e-07,2.4572915e-05,1.740521e-05,1.2192971e-06,1.6872491e-05,8.562422e-09,4.9334044e-06
Barishal/br1226.wav,val,0.9999262,8.890998e-07,2.2400097e-07,4.1602456e-05,1.3624883e-05,1.3319096e-06,1.0786324e-05,7.41745e-09,5.422841e-06
Barishal/br1232.wav,test,5.8984857e-05,2.6086538e-10,1.5839739e-06,3.3527243e-07,1.4614785e-06,9.141553e-06,0.9999237,8.2499e-07,3.9846855e-06
Barishal/br1236.wav,val,0.99984884,3.0333829e-06,3.4786646e-07,0.00011612913,1.8281118e-05,2.6355392e-06,6.8557138e-06,6.289305e-09,3.8984485e-06
Barishal/br1237.wav,val,0.9999373,5.1100284e-07,2.534407e-07,2.4962572e-05,9.992245e-06,2.1693372e-06,2.0597474e-05,7.781549e-09,4.1754934e-06
Barishal/br124.wav,test,0.0129386075,7.7480345e-06,1.7358705e-05,4.627679e-06,2.108976e-05,0.9809668,0.006043623,1.785604e-07,5.177935e-09
Barishal/br1240.wav,val,0.99993277,3.4426645e-07,1.2548011e-07,2.9619267e-05,1.4050614e-05,1.244518e-06,1.750459e-05,5.4832023e-09,4.2857428e-06
Barishal/br1246.wav,val,0.9998981,1.5261882e-06,1.4167468e-07,3.3256503e-05,4.61158e-05,3.8616627e-06,1.38209725e-05,1.2865048e-08,3.2276696e-06
Barishal/br1247.wav,val,0.99981374,1.0644447e-05,2.4333426e-07,7.827497e-05,8.084916e-05,4.5018323e-06,5.6364806e-06,2.4498783e-08,6.186432e-06
Barishal/br1248.wav,val,0.9999323,1.4560077e-07,1.1191281e-07,2.0751553e-05,1.0246073e-05,8.2011076e-07,3.0156323e-05,4.9849933e-09,5.427877e-06
Barishal/br1250.wav,val,0.99993074,1.3757051e-07,9.277477e-08,1.9859905e-05,1.2709138e-05,9.456657e-07,3.1145424e-05,5.1077875e-09,4.3421956e-06
Barishal/br1252.wav,test,0.99993694,4.877054e-07,2.3683312e-07,2.8256254e-05,1.0090338e-05,1.7239485e-06,1.7965789e-05,7.0066806e-09,4.2083852e-06
Barishal/br1254.wav,val,0.999925,9.789239e-07,2.5372805e-07,4.3234173e-05,1.2963178e-05,1.6796113e-06,1.1043838e-05,7.305872e-09,4.7295916e-06
Barishal/br1256.wav,val,0.99985874,3.166155e-06,4.1001366e-07,0.00010641693,1.6887647e-05,2.5448971e-06,7.014942e-06,7.753486e-09,4.7452572e-06
Barishal/br128.wav,val,0.9996464,1.8379758e-05,7.344173e-07,5.711821e-05,0.00013063184,0.00011923511,2.544518e-05,5.280422e-08,1.8657352e-06
Barishal/br132.wav,val,0.9999405,3.8781008e-07,2.3829139e-07,2.2061398e-05,9.43482e-06,1.7471311e-06,2.0859685e-05,8.321828e-09,4.735573e-06
Barishal/br134.wav,test,0.010582631,2.5518054e-06,5.506541e-06,4.569334e-06,6.577735e-05,0.966649,0.022689791,1.7564355e-07,5.514e-09
Barishal/br138.wav,val,0.04954737,3.0495212e-10,1.7362846e-06,1.9860636e-06,1.585622e-06,4.690603e-06,0.9504281,8.1320344e-08,1.4379399e-05
Barishal/br14.wav,val,0.9981548,4.0170938e-09,1.6474287e-07,1.0621506e-05,4.255957e-06,5.705768e-07,0.0018183009,5.996616e-09,1.1129491e-05
Barishal/br142.wav,val,0.9999304,6.272435e-07,2.0222377e-07,4.0002487e-05,1.0369926e-05,1.2861759e-06,1.2650293e-05,5.080939e-09,4.405117e-06
Barishal/br15.wav,val,0.9999294,2.9282805e-07,1.725981e-07,3.927807e-05,7.39494e-06,9.598953e-07,1.8448718e-05,3.477893e-09,4.022151e-06
Barishal/br153.wav,test,0.99991095,4.969271e-07,1.5207934e-07,5.7740624e-05,1.1552564e-05,8.5451967e-07,1.3118538e-05,3.765497e-09,5.1359707e-06
Barishal/br156.wav,test,0.9999229,2.9421736e-07,9.3169135e-08,4.097898e-05,1.3562352e-05,7.592674e-07,1.6777274e-05,3.3830412e-09,4.5845304e-06
Barishal/br160.wav,val,0.9999318,1.1164626e-07,1.200699e-07,1.9727147e-05,7.523054e-06,6.564844e-07,3.4844354e-05,4.2402313e-09,5.2340674e-06
Barishal/br162.wav,val,0.9999323,9.547921e-08,1.567738e-07,1.7013757e-05,5.568133e-06,8.3384344e-07,3.944553e-05,4.41576e-09,4.5356455e-06
Barishal/br165.wav,test,0.9999076,4.5688918e-08,1.2108246e-07,1.4661993e-05,4.5588513e-06,6.2101236e-07,6.793371e-05,3.0786904e-09,4.408997e-06
Barishal/br17.wav,test,0.9999157,1.4087949e-06,3.531088e-07,5.4739194e-05,1.1500282e-05,1.96025e-06,9.51495e-06,7.932039e-09,4.7135845e-06
Barishal/br174.wav,test,0.99881834,2.2262393e-08,6.050934e-08,1.6298387e-05,0.00013328851,1.1313937e-06,0.0010066385,4.8437816e-08,2.4185396e-05
Barishal/br175.wav,val,0.99980897,3.8662268e-08,5.76298e-08,1.0034103e-05,3.7159498e-05,9.574467e-07,0.00013321728,1.8770026e-08,9.534461e-06
Barishal/br177.wav,test,0.99982613,9.167924e-08,6.5581965e-08,1.3552159e-05,6.651485e-05,1.1831888e-06,8.034172e-05,3.3496374e-08,1.20025625e-05
Barishal/br18.wav,test,0.99990165,6.5398075e-07,3.7751846e-07,6.394208e-05,8.909296e-06,2.609853e-06,1.8230461e-05,5.4463225e-09,3.5823284e-06
Barishal/br183.wav,test,0.9997187,2.5122613e-06,9.736632e-07,0.00013988669,4.4866934e-05,2.5706242e-06,3.995929e-05,6.8249456e-08,5.0567352e-05
Barishal/br185.wav,val,0.45434558,0.00022892852,4.916569e-06,0.543802,0.0013573142,2.3446919e-05,7.229139e-05,3.5362394e-08,0.00016546008
Barishal/br188.wav,test,0.23565196,1.8086903e-05,6.5328527e-07,0.7624719,0.0015172032,2.2790482e-06,4.187642e-05,9.313319e-09,0.00029599518
Barishal/br190.wav,val,0.8817294,9.407103e-06,2.1011072e-06,0.11690388,0.00093514984,1.4460192e-05,0.0002799277,2.3977485e-08,0.00012556734
Barishal/br191.wav,test,0.9281906,5.657067e-07,5.5370388e-06,0.0056378404,0.00013089021,2.343098e-07,0.0009145199,6.367737e-07,0.06511919
Barishal/br208.wav,test,0.99908435,9.505691e-09,8.9634945e-08,4.8023085e-06,1.2125793e-05,2.161247e-06,0.00089171686,1.0068278e-08,4.7040953e-06
Barishal/br209.wav,test,0.9970073,6.9858764e-08,1.4339967e-07,6.059412e-06,0.00014005558,0.00012929477,0.0027160535,5.25787e-08,9.25484e-07
Barishal/br214.wav,test,0.99989533,3.5970965e-07,1.1086829e-07,2.9263494e-05,3.53203e-05,1.8962518e-06,3.0419527e-05,1.4206739e-08,7.3047954e-06
Barishal/br215.wav,test,0.99992764,3.0182483e-07,1.523901e-07,1.4252478e-05,1.8101624e-05,1.703411e-06,3.1940344e-05,1.4971285e-08,5.806249e-06
Barishal/br219.wav,val,0.9997017,1.5817852e-06,2.0723253e-07,0.00022481102,4.26364e-05,1.4028791e-06,1.3869774e-05,8.623127e-09,1.3665295e-05
Barishal/br22.wav,val,0.99992466,1.6875254e-07,1.0884516e-07,2.46942e-05,1.4120081e-05,1.0062264e-06,3.0101934e-05,6.127402e-09,5.2066634e-06
Barishal/br222.wav,test,0.99980885,9.116961e-06,3.7918426e-07,8.7287226e-05,7.2897485e-05,4.2404363e-06,7.2338503e-06,4.3602757e-08,9.950577e-06
Barishal/br223.wav,test,0.9999176,2.2886512e-07,2.0899168e-07,1.7701796e-05,1.5851529e-05,1.9064448e-06,3.9383456e-05,1.7481609e-08,7.0775423e-06
Barishal/br224.wav,test,0.99988925,3.6995436e-07,2.5060336e-07,2.532273e-05,2.528036e-05,2.1132937e-06,4.5539247e-05,2.8373297e-08,1.18278585e-05
Barishal/br226.wav,test,0.99942136,3.8223756e-05,8.046458e-07,0.00032850425,0.00013959645,3.8732514e-06,8.2179295e-06,1.0892283e-07,5.923221e-05
Barishal/br227.wav,test,0.9999243,4.1185118e-07,2.1026074e-07,2.2759252e-05,1.8571362e-05,1.5867022e-06,2.3524497e-05,1.9236907e-08,8.525502e-06
Barishal/br230.wav,test,0.99985623,1.768796e-06,5.0253146e-07,6.110353e-05,2.8043247e-05,1.6821389e-06,1.9910041e-05,4.2409727e-08,3.079161e-05
Barishal/br232.wav,test,0.99993694,2.4885028e-07,2.264492e-07,2.0937458e-05,9.5230225e-06,9.282389e-07,2.291924e-05,1.19055645e-08,8.16931e-06
Barishal/br24.wav,val,0.9998349,1.6728789e-06,2.5913425e-07,0.00012462227,1.8767803e-05,2.9375315e-06,1.3103687e-05,4.7213704e-09,3.7600023e-06
Barishal/br246.wav,test,0.10875943,3.4789467e-09,1.0038554e-05,3.0467024e-06,4.9677387e-06,1.11047275e-05,0.8910941,2.0803907e-06,0.000115214665
Barishal/br253.wav,test,0.99990034,2.8743753e-07,5.9553787e-07,1.8409446e-05,8.906116e-06,1.3728908e-06,4.845661e-05,3.6233548e-08,2.1463955e-05
Barishal/br26.wav,val,0.99993515,1.3296123e-07,1.06893204e-07,2.0255731e-05,9.655184e-06,8.046258e-07,2.9154739e-05,4.645643e-09,4.8117868e-06
Barishal/br265.wav,val,0.62090904,0.18408306,0.00026055484,0.17013578,0.0031925598,9.443797e-05,4.2834443e-05,2.3359617e-05,0.021258336
Barishal/br266.wav,test,0.1570176,1.8166045e-08,9.929255e-05,1.2760157e-06,5.7610846e-06,2.2212496e-05,0.84224325,5.97703e-05,0.00055085646
Barishal/br267.wav,test,0.9998921,5.684222e-08,1.6968254e-07,8.135574e-06,9.2923765e-06,7.610244e-07,7.90154e-05,1.8667864e-08,1.05407635e-05
Barishal/br270.wav,val,0.99993443,6.540926e-07,5.408601e-07,2.1438826e-05,1.0221665e-05,2.482091e-06,2.2695822e-05,2.2766242e-08,7.5158596e-06
Barishal/br273.wav,test,0.9999343,3.4649855e-07,1.5342691e-07,2.071069e-05,1.7211585e-05,1.0052742e-06,1.848581e-05,1.5127826e-08,7.9087e-06
Barishal/br274.wav,test,0.99992895,1.2985723e-07,2.3806446e-07,9.432776e-06,8.050618e-06,9.763752e-07,4.2279928e-05,1.8837559e-08,9.732948e-06
Barishal/br276.wav,val,0.999941,2.4056413e-07,1.7175053e-07,1.72833e-05,1.0518423e-05,7.589213e-07,2.1380001e-05,1.1132825e-08,8.678978e-06
Barishal/br278.wav,val,0.99993,1.6499934e-07,1.6660537e-07,1.1897829e-05,1.361705e-05,1.0077252e-06,3.450077e-05,1.8985938e-08,8.542806e-06
Barishal/br282.wav,test,0.99993515,2.6399564e-07,2.364982e-07,2.4906163e-05,8.441365e-06,1.2274614e-06,2.398105e-05,8.704784e-09,5.729876e-06
Barishal/br29.wav,val,0.9998772,2.5617924e-06,1.690712e-07,7.1405804e-05,3.486246e-05,2.4606531e-06,7.0960377e-06,8.281875e-09,4.2818324e-06
Barishal/br292.wav,val,0.9999385,2.4439007e-07,1.7145945e-07,2.0258098e-05,1.1041397e-05,9.123489e-07,2.177524e-05,1.0475424e-08,7.0458345e-06
Barishal/br293.wav,test,0.9999273,5.6755954e-07,1.9189756e-07,3.1741707e-05,1.7082119e-05,1.1090954e-06,1.38344585e-05,1.3588698e-08,8.268697e-06
Barishal/br307.wav,test,0.99993217,3.233416e-07,1.7623792e-07,1.8773568e-05,1.7316277e-05,9.808057e-07,2.08094e-05,1.9280918e-08,9.387522e-06
Barishal/br315.wav,test,0.99993825,2.482604e-07,1.7935271e-07,2.0754545e-05,1.0826461e-05,8.424732e-07,2.1498243e-05,1.0819808e-08,7.422016e-06
Barishal/br316.wav,test,0.9999281,5.9590604e-07,2.0859224e-07,3.421381e-05,1.453065e-05,1.0080097e-06,1.3188335e-05,1.1435815e-08,8.071698e-06
Barishal/br325.wav,test,0.9999254,6.8937186e-07,2.0038841e-07,3.7922633e-05,1.57034e-05,1.123259e-06,1.2119161e-05,1.0404936e-08,6.9236344e-06
Barishal/br326.wav,val,0.9999387,2.8248706e-07,1.8989971e-07,1.891868e-05,1.1582516e-05,8.747858e-07,2.0786587e-05,1.3522252e-08,8.540746e-06
Barishal/br328.wav,val,0.99993086,4.652145e-07,1.7276665e-07,3.0717823e-05,1.5472147e-05,1.1934583e-06,1.5063359e-05,9.926941e-09,5.948888e-06
Barishal/br331.wav,test,0.9999331,3.8262516e-07,1.4727955e-07,2.7441543e-05,1.5290338e-05,8.8842876e-07,1.5554086e-05,9.632579e-09,7.2056228e-06
Barishal/br336.wav,test,0.9999354,2.2517912e-07,1.4114119e-07,2.112256e-05,1.2687799e-05,7.0280186e-07,2.184183e-05,1.0007746e-08,7.948526e-06
Barishal/br342.wav,test,0.99993086,4.475012e-07,1.6315325e-07,2.7941835e-05,1.6473583e-05,8.9938374e-07,1.484795e-05,1.2111697e-08,8.346343e-06
Barishal/br343.wav,test,0.99993503,1.8323344e-07,1.7775963e-07,1.6598548e-05,1.0907968e-05,8.1106333e-07,2.7771344e-05,1.3244734e-08,8.476035e-06
Barishal/br346.wav,val,0.9999274,1.2643162e-07,1.1230293e-07,1.830115e-05,1.3981699e-05,7.4513423e-07,3.1747553e-05,9.547579e-09,7.5921403e-06
Barishal/br35.wav,test,0.9984724,3.834314e-05,2.7942326e-07,0.0012978141,0.00017011169,3.0991328e-06,4.183743e-06,9.368245e-09,1.384811e-05
Barishal/br354.wav,test,0.9999387,3.1637654e-07,2.0053868e-07,2.2247032e-05,1.0997545e-05,9.2062004e-07,1.8852958e-05,1.1579306e-08,7.784273e-06
Barishal/br369.wav,val,0.9999393,2.0383908e-07,1.4536677e-07,1.8714034e-05,1.10662e-05,8.136311e-07,2.2757336e-05,8.9943075e-09,6.8571576e-06
Barishal/br370.wav,test,0.9999348,3.4968159e-07,1.8390513e-07,2.5959205e-05,1.2603132e-05,8.7337355e-07,1.7362823e-05,1.1037718e-08,7.8504145e-06
Barishal/br373.wav,test,0.9999262,6.2190225e-07,1.7173865e-07,3.674595e-05,1.6199127e-05,9.1959936e-07,1.1710153e-05,9.723683e-09,7.409381e-06
Barishal/br376.wav,test,0.99993014,4.885629e-07,1.5795693e-07,2.7074775e-05,1.925816e-05,1.1268093e-06,1.4640583e-05,1.3013613e-08,6.978223e-06
Barishal/br377.wav,test,0.9999285,9.8150146e-08,1.06300845e-07,1.5582458e-05,1.1086467e-05,6.51402e-07,3.7238482e-05,7.958949e-09,6.787273e-06
Barishal/br379.wav,val,0.9999341,3.5731685e-07,1.4430864e-07,2.5020861e-05,1.5837071e-05,8.851423e-07,1.630939e-05,1.0608203e-08,7.4248173e-06
Barishal/br380.wav,test,0.99993396,1.3407562e-07,1.2004246e-07,1.5459233e-05,1.1916202e-05,6.962452e-07,3.0534848e-05,9.683781e-09,7.176777e-06
Barishal/br386.wav,val,0.9999182,7.395302e-08,1.4298357e-07,1.0390261e-05,9.204567e-06,7.421871e-07,5.346166e-05,1.2020661e-08,7.698358e-06
Barishal/br39.wav,test,0.9997501,2.7607189e-06,1.6256321e-06,0.00017926245,1.38256355e-05,6.050985e-06,3.6429905e-05,1.638663e-08,1.0045969e-05
Barishal/br393.wav,test,0.9999348,3.520503e-07,1.7782149e-07,2.7265532e-05,1.1953317e-05,9.745528e-07,1.722726e-05,9.462694e-09,7.21511e-06
Barishal/br394.wav,test,0.99993634,3.2156123e-07,1.7436957e-07,2.6098456e-05,1.087741e-05,8.947663e-07,1.8471012e-05,8.557263e-09,6.8978547e-06
Barishal/br396.wav,val,0.99991333,1.3333871e-06,2.4979713e-07,4.634219e-05,1.9431583e-05,1.367204e-06,9.26979e-06,1.4430062e-08,8.605716e-06
Barishal/br40.wav,val,0.99987245,1.7509136e-06,3.448536e-07,9.373387e-05,1.4503954e-05,1.8316356e-06,9.220118e-06,7.636077e-09,6.034902e-06
Barishal/br401.wav,val,0.9999299,1.2131876e-07,1.5256158e-07,1.3575712e-05,1.0206715e-05,7.831535e-07,3.6839137e-05,1.2202117e-08,8.320102e-06
Barishal/br405.wav,test,0.999933,1.5541671e-07,1.3354436e-07,1.5490814e-05,1.2785157e-05,8.298775e-07,2.956853e-05,1.1598979e-08,8.11942e-06
Barishal/br407.wav,val,0.9999286,6.251409e-07,1.7112124e-07,2.9977431e-05,1.8687366e-05,1.0368053e-06,1.2860026e-05,1.2924099e-08,7.997249e-06
Barishal/br408.wav,test,0.99993014,4.5760262e-07,1.6211985e-07,2.8903525e-05,1.6591932e-05,9.4610624e-07,1.5144458e-05,1.1299805e-08,7.759665e-06
Barishal/br411.wav,test,0.99993694,2.458247e-07,1.4997026e-07,1.977941e-05,1.3305954e-05,8.498979e-07,2.0880765e-05,1.1562314e-08,7.895481e-06
Barishal/br412.wav,val,0.9999323,1.6609953e-07,1.3485996e-07,1.5039652e-05,1.4168223e-05,7.62042e-07,2.8500044e-05,1.416273e-08,8.956826e-06
Barishal/br416.wav,val,0.9999337,2.2180693e-07,1.3992644e-07,1.8580713e-05,1.4950054e-05,7.6433287e-07,2.283739e-05,1.31109505e-08,8.8414945e-06
Barishal/br425.wav,val,0.9998858,4.9805186e-07,2.2783738e-07,6.217478e-05,1.9343777e-05,1.2548085e-06,2.1400607e-05,1.1741979e-08,9.405636e-06
Barishal/br43.wav,val,0.9999354,7.4716763e-07,2.0231411e-07,2.6464937e-05,1.5524689e-05,1.9444271e-06,1.5166203e-05,9.708762e-09,4.513683e-06
Barishal/br430.wav,val,0.99991417,1.0246927e-06,3.3811574e-07,3.228345e-05,2.232887e-05,1.6333479e-06,1.5571764e-05,3.0220853e-08,1.2709691e-05
Barishal/br431.wav,test,0.9998715,1.644177e-06,2.4409488e-07,7.10099e-05,3.426774e-05,1.8711452e-06,1.09027515e-05,1.762231e-08,8.5887195e-06
Barishal/br437.wav,test,0.9998543,1.488473e-06,2.881659e-07,3.2240292e-05,6.3566535e-05,2.3657215e-06,2.2260838e-05,8.3658016e-08,2.332197e-05
Barishal/br439.wav,test,0.9999001,6.51803e-07,2.7960166e-07,2.7656753e-05,2.803378e-05,2.4892122e-06,3.0286288e-05,3.0600578e-08,1.0497139e-05
Barishal/br448.wav,test,0.9999312,4.845603e-07,2.654017e-07,2.526792e-05,1.42075405e-05,1.1358778e-06,1.7541295e-05,1.9186142e-08,9.83711e-06
Barishal/br450.wav,test,0.9999337,3.7472626e-07,2.1359098e-07,2.0168385e-05,1.575791e-05,1.147255e-06,1.9612495e-05,1.9626725e-08,9.0937765e-06
Barishal/br454.wav,test,0.9999341,5.972164e-07,2.422761e-07,2.5203448e-05,1.5004766e-05,1.2980844e-06,1.535469e-05,1.648307e-08,8.206477e-06
Barishal/br458.wav,test,0.99991906,1.0941492e-06,3.1374518e-07,4.1859214e-05,1.5824591e-05,1.4551216e-06,1.11163345e-05,1.6013711e-08,9.158299e-06
Barishal/br461.wav,test,0.9999008,1.0218223e-07,1.9062716e-07,1.0004571e-05,1.4621344e-05,1.0062907e-06,5.9987484e-05,2.986951e-08,1.31877605e-05
Barishal/br466.wav,val,0.99990356,2.5639386e-07,1.1892419e-07,3.8171253e-05,2.2424407e-05,8.890085e-07,2.419217e-05,9.759937e-09,1.0312122e-05
Barishal/br467.wav,test,0.9999281,2.0927988e-07,1.1160284e-07,1.6150934e-05,1.9996423e-05,8.093138e-07,2.507135e-05,1.42536445e-08,9.585653e-06
Barishal/br472.wav,val,0.9999399,3.0064976e-07,1.694799e-07,1.8144294e-05,1.2956351e-05,9.429924e-07,1.9753306e-05,1.2697399e-08,7.773962e-06
Barishal/br481.wav,test,0.9999348,3.9863124e-07,1.7203176e-07,3.1384017e-05,1.1860014e-05,1.0721257e-06,1.5188556e-05,6.65559e-09,5.130684e-06
Barishal/br484.wav,test,0.9999348,3.2005977e-07,1.7323853e-07,3.1922667e-05,9.468251e-06,8.903183e-07,1.7746353e-05,5.2940257e-09,4.7932544e-06
Barishal/br491.wav,test,0.9999069,2.7153774e-06,8.5018655e-06,3.176262e-05,2.618358e-06,6.2685413e-06,3.0644376e-05,4.4736527e-08,1.0592121e-05
Barishal/br499.wav,test,0.99993694,1.2254125e-07,2.3267266e-07,1.5091921e-05,4.7501153e-06,9.702326e-07,3.730822e-05,5.8642917e-09,4.529144e-06
Barishal/br5.wav,test,0.99993706,4.3226817e-07,3.7823744e-07,1.5128683e-05,1.1375448e-05,1.5214983e-06,2.372206e-05,3.0253382e-08,1.0328995e-05
Barishal/br500.wav,val,0.9999181,7.1747365e-07,1.9354478e-07,4.4875498e-05,1.644024e-05,1.1838644e-06,1.24390235e-05,8.691348e-09,6.07672e-06
Barishal/br503.wav,val,0.9999113,1.2134179e-06,2.0373017e-07,4.823864e-05,2.1958198e-05,1.6284903e-06,9.68329e-06,1.10305765e-08,5.742463e-06
Barishal/br506.wav,test,0.9999157,8.3941785e-07,2.4877806e-07,4.9316677e-05,1.3887477e-05,1.2440186e-06,1.24374155e-05,8.587104e-09,6.264073e-06
Barishal/br507.wav,val,0.9999343,1.6041065e-07,1.1890891e-07,2.349563e-05,1.0390131e-05,7.829904e-07,2.586186e-05,5.4073523e-09,4.8864617e-06
Barishal/br510.wav,val,0.9989666,4.1351833e-09,1.524123e-07,5.4890097e-06,3.355566e-06,4.5556703e-07,0.0010145545,6.897486e-09,9.362453e-06
Barishal/br512.wav,test,0.99989855,1.0938597e-06,2.3361491e-07,6.520532e-05,1.7039798e-05,1.3242698e-06,1.0636773e-05,7.955205e-09,6.0013294e-06
Barishal/br515.wav,val,0.99992347,5.9882814e-07,1.8429263e-07,4.1132684e-05,1.425723e-05,1.1115244e-06,1.3676711e-05,7.4178974e-09,5.548566e-06
Barishal/br521.wav,test,0.99992764,5.2154576e-07,1.6958647e-07,3.7136066e-05,1.4568163e-05,1.199517e-06,1.3677838e-05,7.258098e-09,5.1077454e-06
Barishal/br525.wav,test,0.9999304,5.2914135e-07,2.3393224e-07,3.5607736e-05,1.1385247e-05,1.1479978e-06,1.42803265e-05,8.503032e-09,6.3423763e-06
Barishal/br530.wav,test,0.9999193,5.984211e-08,1.2816221e-07,1.1123326e-05,6.5594463e-06,8.2749364e-07,5.7387184e-05,5.890285e-09,4.5614784e-06
Barishal/br536.wav,val,0.99991536,9.3843073e-07,2.4464862e-07,5.0651972e-05,1.4885009e-05,1.4168138e-06,1.0692811e-05,8.546253e-09,5.670975e-06
Barishal/br541.wav,val,0.99990535,9.389128e-07,2.1966571e-07,6.017937e-05,1.5735193e-05,1.2056627e-06,1.0554673e-05,7.2846063e-09,5.7903e-06
Barishal/br551.wav,val,0.9999325,3.6941967e-07,1.7291761e-07,3.3113243e-05,1.0356814e-05,9.339746e-07,1.6962387e-05,6.0265655e-09,5.4530733e-06
Barishal/br554.wav,val,0.00018945397,5.8969093e-11,2.0721918e-06,3.070653e-07,3.7963204e-07,1.5467059e-06,0.9997912,3.7361417e-07,1.4733971e-05
Barishal/br557.wav,val,0.999938,1.3639578e-07,1.3343136e-07,1.75935e-05,7.987621e-06,8.583039e-07,3.077948e-05,5.0422733e-09,4.552342e-06
Barishal/br558.wav,test,0.9997675,1.5630393e-08,1.8010995e-07,8.089573e-06,3.0089207e-06,5.5318225e-07,0.0002144808,4.8999316e-09,6.235669e-06
Barishal/br561.wav,test,0.9996555,1.3036841e-08,2.0240296e-07,6.1305545e-06,3.1257032e-06,7.6226127e-07,0.0003280142,6.7031283e-09,6.3481657e-06
Barishal/br57.wav,test,0.9999405,2.4523553e-07,3.1368188e-07,1.7226705e-05,5.154539e-06,1.5104883e-06,3.0172394e-05,7.0577553e-09,4.8587176e-06
Barishal/br576.wav,test,0.99988866,3.7594585e-08,1.7160959e-07,9.7122675e-06,3.946584e-06,5.8021897e-07,9.086531e-05,5.4561187e-09,5.915491e-06
Barishal/br584.wav,test,0.99992394,7.7658655e-08,1.6651144e-07,1.3956992e-05,6.1058713e-06,8.76938e-07,4.974732e-05,6.358011e-09,5.0827216e-06
Barishal/br587.wav,test,0.9999002,1.0117738e-07,9.635152e-08,1.7027902e-05,1.6488117e-05,9.3493367e-07,5.901937e-05,8.725276e-09,6.032239e-06
Barishal/br59.wav,test,0.99994195,3.8928206e-07,3.077625e-07,2.6973605e-05,5.887631e-06,1.185211e-06,1.8344506e-05,5.8567315e-09,5.0578037e-06
Barishal/br593.wav,test,0.99990535,1.1899355e-06,2.039455e-07,5.8794845e-05,1.8527175e-05,1.3695134e-06,9.186515e-06,7.506818e-09,5.332392e-06
Barishal/br594.wav,val,0.9999161,1.167566e-06,2.6604386e-07,5.0381837e-05,1.5105602e-05,1.6632579e-06,9.863066e-06,9.0380015e-09,5.52741e-06
Barishal/br597.wav,test,0.9999249,1.0583017e-06,2.9820748e-07,4.2282663e-05,1.3397843e-05,1.7816576e-06,1.09559705e-05,1.0112773e-08,5.4051757e-06
Barishal/br6.wav,test,0.99992263,2.2297414e-07,2.8445734e-07,1.4620729e-05,1.2270089e-05,1.6678927e-06,3.8875296e-05,2.3696266e-08,9.239788e-06
Barishal/br600.wav,val,0.9998375,3.1684042e-08,3.3642084e-07,1.18892085e-05,2.3068335e-06,6.650032e-07,0.0001399579,5.491597e-09,7.236376e-06
Barishal/br601.wav,val,0.99992096,4.4867537e-07,1.8621203e-07,4.7524434e-05,9.733259e-06,8.119791e-07,1.4439334e-05,4.749707e-09,5.8620262e-06
Barishal/br607.wav,val,0.9999275,6.418096e-07,2.3862006e-07,4.043205e-05,1.0928232e-05,1.2531747e-06,1.366588e-05,6.838096e-09,5.2279192e-06
Barishal/br614.wav,val,0.99991775,6.0150563e-07,1.7127269e-07,4.9491107e-05,1.3439938e-05,1.0073323e-06,1.2050885e-05,5.6037353e-09,5.3215917e-06
Barishal/br615.wav,val,0.9999287,7.455941e-08,1.1038877e-07,1.7087847e-05,6.9371663e-06,6.202926e-07,4.1568972e-05,4.267724e-09,4.870184e-06
Barishal/br62.wav,val,0.9998976,3.7528007e-08,7.903539e-08,1.6572827e-05,6.4349697e-06,4.9242846e-07,7.309882e-05,2.8973839e-09,5.5547916e-06
Barishal/br621.wav,val,0.99990857,1.0243109e-06,2.3680447e-07,5.9129496e-05,1.4278898e-05,1.2289304e-06,9.684066e-06,7.0844766e-09,5.889097e-06
Barishal/br622.wav,val,0.99993265,1.2789287e-07,1.7900021e-07,2.0482863e-05,6.4023843e-06,1.1268078e-06,3.4756336e-05,5.0701465e-09,4.2992633e-06
Barishal/br623.wav,test,0.99985194,3.113939e-06,2.3409018e-07,9.648438e-05,3.4286324e-05,3.1172967e-06,6.6911566e-06,9.649652e-09,4.0276577e-06
Barishal/br627.wav,val,0.00505393,1.402089e-10,1.5441126e-06,1.6350148e-06,1.5207854e-06,9.3447915e-07,0.99488765,2.3489251e-07,5.255002e-05
Barishal/br629.wav,val,0.99983585,3.3621518e-08,1.0358507e-07,9.364238e-06,7.1318696e-06,2.0201896e-06,0.00014301743,3.840201e-09,2.343975e-06
Barishal/br630.wav,test,0.81202453,9.631002e-10,8.9411395e-07,8.942969e-06,6.945331e-06,1.7633379e-06,0.18788986,4.9535355e-08,6.696004e-05
Barishal/br632.wav,val,0.99990606,1.6202661e-07,2.7977137e-07,1.6217857e-05,1.2146428e-05,1.8125286e-06,5.5396955e-05,1.9450654e-08,7.918024e-06
Barishal/br635.wav,test,0.9879888,3.4109587e-06,2.1281796e-06,1.933448e-05,0.00023342697,0.010243393,0.0015091025,1.7298487e-07,2.754811e-07
Barishal/br637.wav,test,0.9999106,1.2790943e-07,1.413764e-07,1.48630215e-05,1.4600559e-05,1.5644891e-06,5.177394e-05,1.06143485e-08,6.371338e-06
Barishal/br639.wav,test,0.99984694,3.502546e-07,1.4005649e-07,1.4100563e-05,4.0806466e-05,1.3840458e-05,8.222178e-05,1.3763805e-08,1.6266038e-06
Barishal/br643.wav,val,0.99984014,4.563441e-06,4.1613873e-07,3.684272e-05,7.81071e-05,9.173686e-06,2.1262702e-05,6.437159e-08,9.3970475e-06
Barishal/br644.wav,val,0.9998987,2.947798e-07,1.3059696e-07,2.5733989e-05,2.960651e-05,2.9064438e-06,3.8243434e-05,1.1371251e-08,4.37106e-06
Barishal/br648.wav,val,0.9999331,2.256238e-07,1.6266065e-07,2.7002681e-05,9.599552e-06,9.0013657e-07,2.383176e-05,5.9925602e-09,5.086434e-06
Barishal/br650.wav,test,0.9999355,1.600574e-07,1.9517519e-07,2.3678085e-05,6.098702e-06,7.318439e-07,2.8052558e-05,5.165321e-09,5.602176e-06
Barishal/br651.wav,test,0.99993145,3.896167e-07,2.1295388e-07,3.5203404e-05,9.271841e-06,9.398493e-07,1.7295964e-05,5.9433534e-09,5.0874296e-06
Barishal/br654.wav,test,0.9998814,1.833083e-06,5.298698e-07,9.010322e-05,9.739754e-06,1.6075309e-06,8.749196e-06,7.462741e-09,5.970116e-06
Barishal/br657.wav,test,0.99991775,6.0831627e-07,3.3170082e-07,5.2907166e-05,7.4266013e-06,1.0797414e-06,1.4176154e-05,5.287901e-09,5.744187e-06
Barishal/br660.wav,test,0.00025886137,0.00081099,0.993853,0.0049760956,1.2611509e-09,4.783114e-05,3.545584e-05,1.4205379e-07,1.7664104e-05
Barishal/br663.wav,test,0.999884,2.2190902e-06,3.6164795e-07,8.1823455e-05,1.5936042e-05,1.6181604e-06,7.659428e-06,9.50327e-09,6.3345506e-06
Barishal/br664.wav,val,0.9999044,1.2350924e-06,2.646886e-07,6.295777e-05,1.4384174e-05,1.4273386e-06,9.682086e-06,7.521329e-09,5.624694e-06
Barishal/br668.wav,val,0.9999317,4.875736e-07,1.7512836e-07,3.3257245e-05,1.3549583e-05,1.213695e-06,1.4738262e-05,7.483427e-09,4.8442216e-06
Barishal/br67.wav,test,0.9999279,7.8627e-08,1.00096806e-07,1.8141774e-05,7.07167e-06,5.8445977e-07,4.090196e-05,3.6246972e-09,5.2878313e-06
Barishal/br671.wav,test,0.9999429,2.8568377e-07,2.1356566e-07,1.9779964e-05,9.768829e-06,1.4467377e-06,2.1144928e-05,9.0874055e-09,4.445718e-06
Barishal/br681.wav,val,0.999931,4.366366e-07,1.2847772e-07,2.8938164e-05,1.7748567e-05,1.1779243e-06,1.5510339e-05,8.139619e-09,5.083261e-06
Barishal/br684.wav,test,1.4676221e-05,3.9535997e-05,1.6056623e-06,9.987508e-08,1.1125276e-05,0.9999248,7.82087e-06,2.8800545e-07,3.3951578e-11
Barishal/br686.wav,test,0.9999398,3.7151744e-07,1.9560143e-07,1.8809624e-05,1.3366034e-05,2.774549e-06,2.1564641e-05,9.789281e-09,3.1014504e-06
Barishal/br7.wav,val,0.9999163,7.3100534e-07,3.0232178e-07,3.3181204e-05,1.8580213e-05,1.3313352e-06,1.6224876e-05,2.38451e-08,1.3228853e-05
Barishal/br70.wav,test,0.99968123,7.386329e-07,2.5110285e-07,0.0002077855,2.9159317e-05,3.3384438e-06,7.111057e-05,4.562787e-09,6.296782e-06
Barishal/br715.wav,test,0.99994266,3.410322e-07,2.462461e-07,2.1128555e-05,8.904845e-06,1.4055704e-06,2.019058e-05,9.597368e-09,5.183975e-06
Barishal/br723.wav,val,0.99993336,4.6157203e-07,1.9119652e-07,3.166121e-05,1.2268559e-05,1.1936639e-06,1.5249959e-05,7.830023e-09,5.4918437e-06
Barishal/br724.wav,test,4.450049e-05,5.193388e-11,1.8377287e-06,1.00295495e-07,3.526959e-07,4.0176683e-06,0.99994445,6.7227444e-07,4.1698254e-06
Barishal/br726.wav,test,0.99993324,3.5039676e-07,1.9652141e-07,3.2643755e-05,9.713497e-06,9.834517e-07,1.740127e-05,6.4114087e-09,5.5002456e-06
Barishal/br728.wav,test,4.3163534e-05,5.3853803e-11,1.8509963e-06,9.8973324e-08,3.7242415e-07,3.8600638e-06,0.9999454,7.4795645e-07,4.530746e-06
Barishal/br732.wav,val,0.99975103,1.23421176e-08,9.8036935e-08,8.329735e-06,4.3551536e-06,5.0474165e-07,0.00023041453,3.786485e-09,5.2798573e-06
Barishal/br739.wav,val,0.055624444,1.3252252e-10,1.264686e-06,1.074512e-06,1.7978275e-06,1.5520252e-06,0.9443318,1.5764186e-07,3.7946014e-05
Barishal/br742.wav,val,0.9993819,6.0709504e-09,1.3136554e-07,4.62646e-06,3.841833e-06,5.189938e-07,0.0006011999,7.558605e-09,7.818332e-06
Barishal/br752.wav,test,0.0014417622,5.0258e-11,1.3499792e-06,2.5129182e-07,4.0299457e-07,1.5507137e-06,0.99854445,1.811821e-07,1.005793e-05
Barishal/br753.wav,test,0.99993944,6.092323e-07,2.6361462e-07,2.4920595e-05,1.1924191e-05,1.4261176e-06,1.50838005e-05,1.1979579e-08,6.3413872e-06
Barishal/br756.wav,test,0.99993694,5.119338e-07,1.7468776e-07,2.777386e-05,1.3616184e-05,1.4113408e-06,1.4860706e-05,7.868993e-09,4.746149e-06
Barishal/br757.wav,test,0.9999398,2.0512134e-07,1.8096354e-07,2.0244992e-05,8.081599e-06,8.7671845e-07,2.508384e-05,6.7940427e-09,5.4879e-06
Barishal/br767.wav,test,0.9999354,6.442886e-07,2.0700126e-07,2.94581e-05,1.3870847e-05,1.5760244e-06,1.41091e-05,9.200911e-09,4.7889393e-06
Barishal/br768.wav,test,0.99993837,2.9977724e-07,1.4208767e-07,2.4062889e-05,1.2055076e-05,1.3769356e-06,1.994349e-05,6.2190675e-09,3.7454774e-06
Barishal/br771.wav,val,0.9999387,2.3174057e-07,1.6110755e-07,2.3896939e-05,8.998794e-06,8.434664e-07,2.1856615e-05,6.04553e-09,5.2078394e-06
Barishal/br782.wav,val,0.99947256,8.304744e-09,1.7615758e-07,5.312485e-06,3.6292492e-06,5.58551e-07,0.0005095763,8.69656e-09,8.286703e-06
Barishal/br784.wav,test,0.99992454,8.044389e-08,1.4992794e-07,1.2874209e-05,6.535553e-06,6.904417e-07,4.9707138e-05,6.273798e-09,5.3156223e-06
Barishal/br785.wav,test,0.99993527,1.4361015e-07,1.6616718e-07,2.093894e-05,6.4370784e-06,6.908542e-07,3.118001e-05,4.7607216e-09,5.133936e-06
Barishal/br789.wav,test,0.00017976438,4.17521e-11,1.6293628e-06,1.532559e-07,3.2858287e-07,1.5364113e-06,0.99980706,4.3602492e-07,9.100554e-06
Barishal/br79.wav,test,0.9999157,8.436891e-07,2.139745e-07,3.32893e-05,2.1999946e-05,1.4627149e-06,1.7094811e-05,1.3991999e-08,9.303031e-06
Barishal/br794.wav,val,0.9999323,5.804336e-07,1.947826e-07,3.411972e-05,1.34979755e-05,1.5731844e-06,1.3531603e-05,7.951909e-09,4.3209857e-06
Barishal/br797.wav,test,0.00016885281,1.7136373e-06,2.5875718e-06,2.8909992e-07,5.6677695e-06,0.99856514,0.0012557773,7.382195e-08,1.1738475e-10
Barishal/br798.wav,test,0.9999453,3.6030477e-07,2.592558e-07,1.8654933e-05,8.709627e-06,1.7134562e-06,2.0727079e-05,9.722199e-09,4.2468714e-06
Barishal/br799.wav,val,0.9987087,4.28948e-09,1.5665573e-07,4.9144182e-06,4.5980914e-06,4.9515285e-07,0.0012686728,1.1742908e-08,1.2375708e-05
Barishal/br805.wav,val,0.98163605,4.308922e-09,2.2433991e-07,3.8505636e-06,1.6024122e-05,2.6739747e-06,0.018323308,3.9666226e-08,1.7892986e-05
Barishal/br807.wav,test,0.7806601,0.20028225,1.5107683e-05,0.0022808996,0.013865316,0.002855974,8.597292e-06,1.0372253e-05,2.1442615e-05
Barishal/br808.wav,test,0.98158145,2.3478368e-09,2.8419723e-07,5.378957e-06,9.869367e-06,9.413514e-07,0.018367425,3.479357e-08,3.468125e-05
Barishal/br81.wav,test,0.9999294,5.674682e-07,1.6220092e-07,3.4040968e-05,1.5369256e-05,2.0294317e-06,1.4898042e-05,6.1976735e-09,3.5512253e-06
Barishal/br812.wav,test,0.9999242,6.0802205e-07,1.5296209e-07,1.9233687e-05,2.9028379e-05,2.6984794e-06,1.9153005e-05,1.897779e-08,4.8595193e-06
Barishal/br819.wav,val,0.05195594,1.5418907e-09,8.388682e-06,1.7014578e-06,7.461692e-07,5.480117e-05,0.9479755,7.9740055e-08,2.8458046e-06
Barishal/br820.wav,test,0.99993074,2.460353e-06,1.1355241e-06,3.2463395e-05,9.398393e-06,4.582285e-06,1.3461074e-05,2.710265e-08,5.769841e-06
Barishal/br822.wav,test,0.999338,2.921122e-07,4.0000014e-06,1.0568875e-05,5.8104065e-06,1.3408239e-05,0.00062051154,1.2487986e-07,7.280227e-06
Barishal/br825.wav,test,7.685785e-06,0.0001710796,1.2419112e-05,2.441645e-07,2.1279607e-06,0.9997991,7.182738e-06,2.3380741e-07,6.161807e-11
Barishal/br826.wav,test,0.9999199,1.5546108e-07,2.9091856e-07,8.719538e-06,5.808209e-06,3.928285e-06,5.90524e-05,8.071228e-09,2.099277e-06
Barishal/br828.wav,test,0.00026303748,0.00067397597,0.0002906042,4.2616884e-06,1.5910801e-06,0.99872833,3.7914746e-05,3.1968455e-07,9.183982e-10
Barishal/br83.wav,test,0.99989295,3.3461067e-08,1.00566936e-07,1.0424081e-05,5.515461e-06,5.8678665e-07,8.581359e-05,3.973522e-09,4.537834e-06
Barishal/br832.wav,test,0.9999168,8.603135e-08,1.9893652e-07,8.237165e-06,6.8077825e-06,1.0048195e-06,6.111289e-05,1.1708506e-08,5.836515e-06
Barishal/br834.wav,test,0.99935347,2.4979909e-06,8.1709715e-07,0.00036824823,0.00012151433,5.2537134e-06,0.0001010156,1.0155346e-07,4.7048263e-05
Barishal/br837.wav,val,0.9999236,1.6183934e-07,1.5268421e-07,3.0576753e-05,9.894259e-06,9.12277e-07,2.9374209e-05,5.592503e-09,5.268379e-06
Barishal/br838.wav,val,0.99992347,1.4013747e-07,1.3957502e-07,2.6917704e-05,1.0365088e-05,8.249827e-07,3.248121e-05,6.2448757e-09,5.6280155e-06
Barishal/br849.wav,val,0.99991965,4.2532253e-07,1.7297624e-07,4.218879e-05,1.4926153e-05,1.2266818e-06,1.6347742e-05,7.4671975e-09,5.0101603e-06
Barishal/br853.wav,val,0.9999273,1.332533e-07,1.2759577e-07,2.4613128e-05,1.0248347e-05,7.264336e-07,3.1281594e-05,5.979076e-09,5.646698e-06
Barishal/br854.wav,val,0.99992144,3.2322194e-07,1.6605193e-07,3.6755206e-05,1.46426755e-05,1.2420057e-06,2.0351437e-05,7.746403e-09,5.0389094e-06
Barishal/br855.wav,val,0.99992216,3.5917628e-07,1.8591044e-07,3.7918064e-05,1.35712435e-05,1.0928105e-06,1.887731e-05,8.273011e-09,5.8106652e-06
Barishal/br86.wav,val,0.99915254,5.3838467e-09,1.2157479e-07,5.275831e-06,3.620842e-06,8.948855e-07,0.0008331322,4.342162e-09,4.421789e-06
Barishal/br868.wav,val,0.9999403,4.0832035e-07,2.0846353e-07,2.3834635e-05,1.1353579e-05,1.8977499e-06,1.8280856e-05,8.356676e-09,3.8154876e-06
Barishal/br874.wav,test,0.84627175,9.96957e-10,6.9537884e-07,2.091464e-06,5.9873673e-06,1.3047105e-05,0.15369773,4.516817e-08,8.564787e-06
Barishal/br876.wav,test,0.99988043,3.2466446e-08,1.029786e-07,7.0728524e-06,6.8602467e-06,1.3301466e-06,0.00010096367,5.5061706e-09,3.1242876e-06
Barishal/br888.wav,test,0.99994016,2.746079e-07,1.2047673e-07,1.7075286e-05,1.39850645e-05,1.7104255e-06,2.3268296e-05,7.402318e-09,3.5043747e-06
Barishal/br89.wav,test,0.9994524,5.992662e-09,9.416661e-08,7.376638e-06,4.1125245e-06,5.380037e-07,0.00052940875,3.6003647e-09,5.9497625e-06
Barishal/br891.wav,test,0.9975352,3.385033e-09,1.11693105e-07,2.5316979e-06,7.4315003e-06,1.8203617e-06,0.0024474422,1.372287e-08,5.4747397e-06
Barishal/br892.wav,val,0.27022937,9.309496e-07,0.00022443196,2.237215e-05,6.251078e-05,0.0008900627,0.72793853,0.00018769276,0.00044413126
Barishal/br893.wav,val,0.00028254138,2.7284276e-08,0.0059859697,2.2808044e-06,2.8051538e-08,0.0002255768,0.9934856,5.831886e-06,1.21637395e-05
Barishal/br898.wav,val,0.915696,8.5211855e-07,0.004219959,2.6949665e-05,7.8523146e-07,3.1029613e-05,0.07874453,9.6686645e-06,0.0012701525
Barishal/br90.wav,test,0.99993503,1.4467352e-07,1.2142854e-07,1.7957687e-05,9.376758e-06,1.2155361e-06,3.2737593e-05,4.7875925e-09,3.3275546e-06
Barishal/br901.wav,val,0.9998287,3.6185167e-08,1.5366196e-07,8.169227e-06,7.4781674e-06,6.512321e-07,0.00014540207,1.20008e-08,9.45245e-06
Barishal/br907.wav,test,0.9999045,3.9470962e-07,1.7979241e-07,3.8436126e-05,2.262271e-05,1.0129747e-06,2.2055705e-05,1.6208764e-08,1.0765742e-05
Barishal/br909.wav,val,0.9999188,3.5126934e-07,1.6380451e-07,3.378572e-05,1.7695875e-05,1.0134985e-06,1.9965042e-05,1.1546458e-08,8.165601e-06
Barishal/br910.wav,test,0.99955314,2.9622638e-06,7.5299187e-07,9.4353796e-05,0.0001705261,2.7994122e-06,6.105142e-05,4.7072876e-07,0.00011387363
Barishal/br913.wav,val,0.99990153,1.0248527e-06,2.7448317e-07,5.1340885e-05,2.2109256e-05,1.4988595e-06,1.2849062e-05,1.761118e-08,9.359086e-06
Barishal/br914.wav,val,0.99990726,6.778768e-07,2.1675834e-07,4.4315842e-05,2.0977608e-05,1.0778022e-06,1.5396068e-05,1.5224673e-08,9.980087e-06
Barishal/br916.wav,val,0.9999201,5.372918e-07,2.1953323e-07,4.2319654e-05,1.3844469e-05,1.0386628e-06,1.529905e-05,9.412908e-09,6.719598e-06
Barishal/br920.wav,test,0.99991536,8.5866515e-07,2.292447e-07,4.2309206e-05,1.963817e-05,1.3648958e-06,1.2604234e-05,1.3963254e-08,7.477746e-06
Barishal/br927.wav,val,0.9998696,1.3580078e-06,2.7776198e-07,7.157182e-05,2.9427323e-05,1.4469573e-06,1.3350879e-05,2.008026e-08,1.2966403e-05
Barishal/br937.wav,test,0.99992394,4.6512255e-07,1.8072319e-07,3.642543e-05,1.49951875e-05,9.609672e-07,1.6152379e-05,9.526026e-09,6.8396926e-06
Barishal/br938.wav,val,0.99990964,4.461252e-07,1.773205e-07,4.065089e-05,2.0687614e-05,1.2199112e-06,2.0056003e-05,1.2334498e-08,7.0884007e-06
Barishal/br942.wav,test,0.99992466,3.8004532e-07,1.7205593e-07,3.2174277e-05,1.6165088e-05,1.1224336e-06,1.8772476e-05,1.0164655e-08,6.392541e-06
Barishal/br943.wav,test,0.9999248,2.3483352e-07,1.626981e-07,2.6618196e-05,1.443804e-05,9.52183e-07,2.559488e-05,1.0624425e-08,7.232199e-06
Barishal/br945.wav,test,0.9998845,4.996592e-07,2.0494537e-07,6.5656866e-05,2.0754895e-05,1.4603428e-06,2.0278305e-05,9.806344e-09,6.6217362e-06
Barishal/br953.wav,test,0.9999417,1.8929616e-07,1.9626684e-07,1.5145383e-05,7.5258768e-06,1.6255065e-06,2.9924726e-05,7.148072e-09,3.7181574e-06
Barishal/br956.wav,val,0.00040717848,2.7668015e-11,1.1788005e-06,1.027946e-07,1.8956506e-07,3.2398364e-06,0.99958557,1.1115488e-07,2.4217284e-06
Barishal/br957.wav,val,0.9998412,2.9151026e-05,3.1452378e-06,7.0868045e-05,1.989767e-05,2.0087935e-05,9.2574855e-06,6.640781e-08,6.2800727e-06
Barishal/br958.wav,val,0.9999224,1.6138177e-06,6.7556954e-07,2.0768533e-05,1.2230377e-05,1.694047e-05,2.3505456e-05,1.661583e-08,1.7371808e-06
Barishal/br966.wav,val,0.999943,2.7560094e-07,2.512711e-07,1.916102e-05,7.762807e-06,1.6034819e-06,2.3193414e-05,8.264776e-09,4.6701853e-06
Barishal/br968.wav,val,0.99993896,1.9137528e-07,3.0680184e-07,1.3248141e-05,5.4852953e-06,2.344834e-06,3.6249727e-05,7.498085e-09,3.2457885e-06
Barishal/br979.wav,test,0.34102848,5.3815813e-10,2.3381956e-06,4.662762e-06,3.3687425e-06,1.8271937e-06,0.6588641,1.1576071e-07,9.514034e-05
Barishal/br980.wav,test,0.999936,5.8441327e-07,2.5659003e-07,3.331697e-05,9.310703e-06,1.1574582e-06,1.38563655e-05,7.142184e-09,5.5458636e-06
Barishal/br981.wav,test,0.9998623,1.6066673e-05,3.8350386e-06,7.568359e-05,9.613576e-06,1.3947123e-05,1.17992495e-05,3.6478266e-08,6.6327566e-06
Barishal/br983.wav,test,0.9999274,6.5744956e-07,6.606052e-07,3.6527344e-05,5.290911e-06,2.47444e-06,2.1957318e-05,7.92584e-09,4.9620676e-06
Barishal/br987.wav,val,0.9999424,1.6891671e-07,2.2138495e-07,1.8016211e-05,4.8241955e-06,1.0007216e-06,2.8735125e-05,4.7422315e-09,4.623818e-06
Barishal/br991.wav,val,0.9998436,1.1682806e-05,4.046347e-06,8.622296e-05,9.119861e-06,2.6113186e-05,1.5180771e-05,2.6849111e-08,3.9437423e-06
Barishal/br996.wav,val,0.9999267,7.508433e-07,3.032151e-07,4.2910026e-05,9.69155e-06,1.1216708e-06,1.2496835e-05,7.558558e-09,6.0692028e-06
Barishal/br997.wav,test,0.9999218,5.910829e-07,2.5733334e-07,4.68287e-05,9.406118e-06,9.715865e-07,1.4037709e-05,6.0290875e-09,6.0517527e-06
Barishal/br998.wav,val,0.9999354,6.779437e-07,4.2481273e-07,3.5244593e-05,6.4592964e-06,1.1906376e-06,1.4343894e-05,7.943035e-09,6.2633057e-06
Formal/1 - Rownak Raihan.mp3.wav,test,2.5237936e-05,9.240967e-06,2.8376962e-07,0.99996257,5.4432377e-07,1.6872665e-08,3.5134345e-08,1.5929905e-11,2.0555635e-06
Formal/1.4s - 6.5s (zdKkNC0Mns0).mp3.wav,test,1.8319846e-05,9.715188e-06,7.7392247e-07,0.99996233,3.0689066e-07,1.0308427e-08,3.632527e-08,3.9213893e-11,8.417751e-06
Formal/1.9s - 7.1s (80EQIUHpfi0).mp3.wav,test,8.066776e-06,0.00032370497,5.5043876e-07,0.9996643,1.0470106e-06,3.0296516e-08,3.1757728e-09,6.130161e-11,2.2207491e-06
Formal/10m14.3s - 10m19.2s (L0ZAiCbRw1g).mp3.wav,val,3.9780058e-05,9.806054e-06,1.2738892e-07,0.999944,2.6235766e-06,1.948879e-08,4.9372304e-08,3.4102804e-11,3.70946e-06
Formal/10m20.3s - 10m26.7s (L0ZAiCbRw1g).mp3.wav,val,0.00016491943,0.023168705,3.591423e-07,0.9760528,0.0006063406,5.9863555e-06,1.9736554e-08,2.8806857e-09,8.114673e-07
Formal/10m26.7s - 10m31.9s (L0ZAiCbRw1g).mp3.wav,val,3.3696988e-06,0.9960491,1.0815725e-07,0.00041302247,0.0034310948,0.00010267656,1.0367778e-09,5.3556454e-07,1.4596927e-08
Formal/10m32.9s - 10m39.1s (L0ZAiCbRw1g).mp3.wav,val,8.6174114e-05,0.06883953,9.830791e-07,0.93079466,0.000270696,7.1461795e-06,1.1835715e-08,4.2806305e-09,8.2035695e-07
Formal/10m40.7s - 10m47.2s (L0ZAiCbRw1g).mp3.wav,val,4.9999664e-05,0.7847763,1.6833241e-06,0.21420202,0.00093558367,3.37745e-05,7.461852e-09,5.3953407e-08,5.9273157e-07
Formal/10m9s - 10m13.1s (L0ZAiCbRw1g).mp3.wav,val,4.6388428e-05,6.8547683e-06,1.2062165e-07,0.9999379,2.371042e-06,1.268244e-08,5.60847e-08,3.401516e-11,6.231494e-06
Formal/11.8s - 16.7s (zdKkNC0Mns0).mp3.wav,test,2.2744667e-05,6.6392113e-06,3.7564936e-07,0.99996233,5.894411e-07,1.038371e-08,5.2607252e-08,3.3224774e-11,7.280747e-06
Formal/16.8s - 20s (zdKkNC0Mns0).mp3.wav,test,1.8936893e-05,1.0904162e-05,4.098354e-07,0.9999646,6.18859e-07,1.4541459e-08,4.0064428e-08,3.0703183e-11,4.4748967e-06
Formal/1m10.1s - 1m15.9s (m7kb1jyINKU).mp3.wav,test,2.642591e-05,0.00010913665,6.064833e-06,0.9998568,3.2968026e-07,2.1193796e-07,7.771656e-08,8.3649476e-11,9.85521e-07
Formal/1m12.1s - 1m17.5s (80EQIUHpfi0).mp3.wav,test,8.595293e-06,7.221495e-05,3.724155e-07,0.99991083,3.7551112e-07,4.9979767e-09,2.6230254e-09,4.062834e-11,7.6159163e-06
Formal/1m16.3s - 1m21.7s (m7kb1jyINKU).mp3.wav,test,2.0927939e-05,3.076284e-05,5.5481473e-07,0.9999448,7.832025e-07,3.602106e-08,3.4246877e-08,4.1715024e-11,2.11477e-06
Formal/1m17.9s - 1m23.7s (80EQIUHpfi0).mp3.wav,test,8.30207e-06,2.0347106e-05,4.3096392e-07,0.99996233,3.069726e-07,5.0820215e-09,8.413396e-09,2.8507311e-11,8.226095e-06
Formal/1m22.2s - 1m27.7s (m7kb1jyINKU).mp3.wav,test,1.8353941e-05,0.00014243534,1.280109e-06,0.9998362,7.108225e-07,1.1146027e-07,2.3179226e-08,5.948962e-11,8.7841937e-07
Formal/1m24.2s - 1m29.2s (80EQIUHpfi0).mp3.wav,test,9.350056e-06,4.9494727e-05,5.200584e-07,0.9999261,5.1427463e-07,5.7329417e-09,6.1760113e-09,6.3416675e-11,1.399984e-05
Formal/1m30s - 1m35.1s (80EQIUHpfi0).mp3.wav,test,5.8585133e-06,0.00044232083,4.992623e-07,0.9995485,1.0503985e-06,3.0518024e-08,1.8333965e-09,6.386288e-11,1.7898103e-06
Formal/1m37.1s - 1m42.7s (80EQIUHpfi0).mp3.wav,test,8.80542e-06,2.7704671e-05,4.0864992e-07,0.9999517,5.274251e-07,5.856621e-09,8.812984e-09,4.991755e-11,1.0816111e-05
Formal/1m4.4s - 1m9.8s (m7kb1jyINKU).mp3.wav,test,2.0325226e-05,1.5823052e-05,5.0548994e-07,0.9999583,5.257196e-07,1.5937339e-08,3.559815e-08,3.5664968e-11,4.503256e-06
Formal/1m5.5s - 1m9s (L0ZAiCbRw1g).mp3.wav,val,2.5659276e-05,7.5287926e-06,2.5289089e-07,0.9999609,6.886183e-07,1.1343883e-08,3.858202e-08,2.6155949e-11,5.006006e-06
Formal/1m5.7s - 1m10.7s (2jnM7ZYaXdo).mp3.wav,val,4.924284e-05,1.0390758e-05,1.293369e-07,0.99993086,3.2094688e-06,1.6262051e-08,4.0458858e-08,5.195151e-11,6.1069964e-06
Formal/1m6.1s - 1m11.6s (80EQIUHpfi0).mp3.wav,test,5.6987647e-06,0.0019665614,6.928309e-07,0.9980241,1.8795058e-06,7.50666e-08,1.3373048e-09,1.0203348e-10,1.0092625e-06
Formal/20190809_234523 - Lingkon Ahmed Tomal.amr.wav,test,4.0319643e-05,2.8423426e-06,3.13046e-07,0.99994636,3.906908e-07,6.7876624e-09,7.1594606e-08,2.2847694e-11,9.673042e-06
Formal/20190809_234553 - Lingkon Ahmed Tomal.amr.wav,test,0.000117688585,3.567545e-06,3.0715572e-07,0.99986815,1.158663e-06,1.9363045e-08,2.0959229e-07,3.617798e-11,8.900192e-06
Formal/20190809_234731 - Naila Noshin.amr.wav,val,4.17574e-05,2.4950834e-06,2.7287302e-07,0.9999443,6.0766047e-07,7.2144943e-09,1.0093299e-07,2.7883536e-11,1.040359e-05
Formal/20190810_132056 - Farzana Sarker Bristy 162-15-8238.amr.wav,val,6.108951e-05,1.7422027e-06,2.3050661e-07,0.9999242,5.685117e-07,6.2202488e-09,1.1935545e-07,2.267873e-11,1.2011527e-05
Formal/23.1s - 28.9s (I32fja_t2DY).mp3.wav,test,2.2446726e-05,4.8388724e-06,4.1218175e-07,0.999918,6.199264e-07,3.0481402e-09,4.917554e-08,8.329445e-11,5.363927e-05
Formal/27005 - Esrat Jahan Esha.mp3.wav,test,3.1222975e-05,2.9950238e-06,1.680544e-07,0.999959,6.0966323e-07,6.3714665e-09,5.4047767e-08,1.7455652e-11,6.026378e-06
Formal/28.9s - 35s (I32fja_t2DY).mp3.wav,test,3.15808e-05,6.3309103e-06,3.445171e-07,0.9999291,8.970333e-07,5.0613647e-09,5.149925e-08,6.993174e-11,3.1739433e-05
Formal/2m37s - 2m42.8s (L0ZAiCbRw1g).mp3.wav,val,4.6380013e-05,2.6469477e-06,4.4025808e-07,0.9999138,6.884106e-07,5.2777636e-09,1.2205616e-07,6.482845e-11,3.5939156e-05
Formal/2m44.7s - 2m50.5s (L0ZAiCbRw1g).mp3.wav,val,3.0000838e-05,4.36544e-06,3.2339298e-07,0.99994516,7.4379426e-07,5.514273e-09,5.9261072e-08,4.9292587e-11,1.9311232e-05
Formal/2m52s - 2m57.1s (L0ZAiCbRw1g).mp3.wav,val,3.06431e-05,3.6769104e-06,4.695748e-07,0.99993384,5.8863736e-07,4.961221e-09,8.2293916e-08,6.409193e-11,3.070848e-05
Formal/3 - Rownak Raihan.mp3.wav,test,2.0135416e-05,9.147675e-06,2.1360779e-07,0.9999676,5.84517e-07,1.1238368e-08,2.5820588e-08,1.4828286e-11,2.3307769e-06
Formal/38.3s - 43.3s (zdKkNC0Mns0).mp3.wav,test,5.213795e-05,7.573683e-06,1.4887092e-06,0.9997441,3.3731942e-07,4.0445105e-09,1.3194737e-07,1.2327198e-10,0.00019417412
Formal/3m0.7s - 3m5.2s (L0ZAiCbRw1g).mp3.wav,val,6.430452e-05,2.8434652e-06,1.7282422e-07,0.9998977,1.3303661e-06,4.1368127e-09,8.638174e-08,4.656038e-11,3.3510456e-05
Formal/3m11.9s - 3m16.4s (L0ZAiCbRw1g).mp3.wav,val,4.0335468e-05,4.4419585e-06,1.784025e-07,0.99993813,1.1484972e-06,5.896455e-09,6.0180334e-08,3.5123987e-11,1.5701757e-05
Formal/3m17.8s - 3m21.9s (L0ZAiCbRw1g).mp3.wav,val,4.9979415e-05,3.5169755e-06,2.305318e-07,0.99991035,9.469225e-07,4.0900567e-09,8.046438e-08,4.6860144e-11,3.4771278e-05
Formal/3m23.5s - 3m29.5s (L0ZAiCbRw1g).mp3.wav,val,9.771288e-05,2.4745761e-06,3.042398e-07,0.99984324,1.229129e-06,5.74694e-09,1.7484672e-07,7.866432e-11,5.480977e-05
Formal/3m31.3s - 3m36.6s (L0ZAiCbRw1g).mp3.wav,val,0.0004964224,5.1280736e-06,1.416059e-07,0.9994461,5.987538e-06,1.3137491e-08,1.9408985e-07,1.07381534e-10,4.6025547e-05
Formal/3m38.2s - 3m43.1s (L0ZAiCbRw1g).mp3.wav,val,4.8315516e-05,3.602782e-06,2.3484867e-07,0.9999292,9.3093735e-07,5.85726e-09,7.7768306e-08,3.7230833e-11,1.7721442e-05
Formal/3m49.2s - 3m53.5s (L0ZAiCbRw1g).mp3.wav,val,5.373745e-05,2.552407e-06,2.3107935e-07,0.99992526,9.95249e-07,6.523896e-09,1.0949404e-07,3.7550896e-11,1.718314e-05
Formal/3m5.4s - 3m10.7s (L0ZAiCbRw1g).mp3.wav,val,0.004475153,1.8374945e-05,7.6238973e-07,0.99539906,2.010921e-05,1.5005403e-07,2.0049665e-06,5.896876e-10,8.4361185e-05
Formal/3m54.8s - 4m60s (L0ZAiCbRw1g).mp3.wav,val,9.2260125e-05,4.3363125e-06,2.1321922e-07,0.9998902,1.1372208e-06,9.961019e-09,9.030603e-08,3.2294955e-11,1.1831683e-05
Formal/4 - Mohammad Sajid Miah.mp3.wav,test,2.8326725e-05,6.94416e-06,3.423607e-07,0.99995685,7.1718335e-07,1.4166347e-08,7.03763e-08,3.2893684e-11,6.8338795e-06
Formal/4m19.2s - 4m25.1s (L0ZAiCbRw1g).mp3.wav,val,2.7717617e-05,1.1811078e-05,2.3328889e-07,0.9999535,9.3052154e-07,1.1432072e-08,3.2826122e-08,2.7434116e-11,5.7901757e-06
Formal/4m2.8s - 4m7.9s (L0ZAiCbRw1g).mp3.wav,val,0.0012540225,1.9710375e-05,1.5511742e-07,0.99866056,2.0419206e-05,4.110724e-08,2.5580204e-07,2.3388158e-10,4.4851644e-05
Formal/4m26.4s - 4m29.7s (L0ZAiCbRw1g).mp3.wav,val,3.8782262e-05,3.929912e-06,1.659577e-07,0.9999422,1.2607546e-06,6.214396e-09,6.551956e-08,3.537693e-11,1.3616215e-05
Formal/4m32.3s - 4m37.3s (L0ZAiCbRw1g).mp3.wav,val,9.9823556e-05,2.7716933e-05,3.3186146e-07,0.99982685,2.0656125e-06,1.2511653e-08,6.277377e-08,1.3652732e-10,4.3140226e-05
Formal/4m38.3s - 4m43.8s (L0ZAiCbRw1g).mp3.wav,val,0.00011297887,0.03159995,2.238328e-06,0.96821666,6.0387993e-05,2.4876658e-06,3.196417e-08,5.938048e-09,5.271016e-06
Formal/4m47.3s - 4m54s (L0ZAiCbRw1g).mp3.wav,val,4.652957e-05,2.7099452e-06,4.1018285e-07,0.9999051,7.324598e-07,4.6858966e-09,1.1297211e-07,6.8403484e-11,4.4318367e-05
Formal/4m53.2s - 4m58.8s (zdKkNC0Mns0).mp3.wav,test,1.2628001e-05,1.0860187e-05,2.4737136e-07,0.9999682,5.024938e-07,5.4903144e-09,1.4918474e-08,3.0430793e-11,7.6279903e-06
Formal/4m55.7s - 5m1.9s (L0ZAiCbRw1g).mp3.wav,val,6.582013e-05,2.1135136e-06,4.824288e-07,0.9997074,8.935519e-07,2.3519031e-09,1.5995984e-07,1.425149e-10,0.00022302473
Formal/4m9s - 4m13.8s (L0ZAiCbRw1g).mp3.wav,val,6.356949e-05,3.0133224e-06,1.9069336e-07,0.999897,1.5021899e-06,4.902969e-09,9.597136e-08,5.922401e-11,3.464992e-05
Formal/5 - Mohammad Sajid Miah.mp3.wav,test,3.7189093e-05,1.9990677e-05,2.9520817e-07,0.9999393,1.7153901e-06,6.318049e-08,6.932444e-08,3.1790678e-11,1.3737747e-06
Formal/5 - Rownak Raihan.mp3.wav,test,2.047939e-05,8.773527e-06,2.3485805e-07,0.9999672,5.984683e-07,1.2759825e-08,3.057445e-08,1.6818e-11,2.5617323e-06
Formal/50.8s - 55.8s (2jnM7ZYaXdo).mp3.wav,val,0.00017824376,7.185909e-06,1.4402875e-07,0.9997961,8.654249e-06,3.095252e-08,1.4023728e-07,9.593682e-11,9.439855e-06
Formal/51.6s - 56.6s (L0ZAiCbRw1g).mp3.wav,val,3.7166505e-05,6.245151e-06,2.6130954e-07,0.9999422,1.1921717e-06,8.558635e-09,5.4196956e-08,4.8446018e-11,1.2913735e-05
Formal/57.9s - 1m4.1s (L0ZAiCbRw1g).mp3.wav,val,2.6271799e-05,4.0994823e-06,3.8053346e-07,0.999936,6.3831305e-07,4.2229527e-09,5.99018e-08,6.2167695e-11,3.2567477e-05
Formal/59.7s - 1m5s (2jnM7ZYaXdo).mp3.wav,val,5.812759e-05,1.2990716e-05,1.1680483e-07,0.99992037,4.7943004e-06,2.4978258e-08,4.5687933e-08,4.7616723e-11,3.5984338e-06
Formal/5m12.1s - 5m19s (L0ZAiCbRw1g).mp3.wav,val,2.511968e-05,4.742168e-06,4.903975e-07,0.9999113,5.9958995e-07,3.218259e-09,5.3676594e-08,8.306702e-11,5.7705303e-05
Formal/5m20.9s - 5m25.8s (L0ZAiCbRw1g).mp3.wav,val,2.6587e-05,3.981516e-06,3.168179e-07,0.99993944,5.8083083e-07,3.3602927e-09,4.6903963e-08,4.652752e-11,2.9139268e-05
Formal/5m30.3s - 5m35.9s (L0ZAiCbRw1g).mp3.wav,val,4.5003686e-05,4.2672455e-06,3.778957e-07,0.9999114,8.6894e-07,5.0629265e-09,7.7564714e-08,6.8496354e-11,3.7946633e-05
Formal/5m37.4s - 5m43.5s (L0ZAiCbRw1g).mp3.wav,val,3.8325867e-05,3.3282292e-06,4.52708e-07,0.9999223,6.0236937e-07,4.5439186e-09,8.519218e-08,6.1192065e-11,3.4859277e-05
Formal/5m4.7s - 5m10.3s (L0ZAiCbRw1g).mp3.wav,val,3.5787252e-05,3.5511478e-06,3.6164892e-07,0.99991715,8.1653036e-07,4.169832e-09,7.6356216e-08,7.15314e-11,4.2245814e-05
Formal/5m45.1s - 5m50.8s (L0ZAiCbRw1g).mp3.wav,val,4.7057998e-05,2.8891334e-06,3.8901365e-07,0.9998883,8.138263e-07,3.8779646e-09,1.0118331e-07,7.8718e-11,6.0487844e-05
Formal/5m51.9s - 5m56.8s (zdKkNC0Mns0).mp3.wav,test,5.6734418e-05,6.4227634e-06,1.95769e-07,0.9999273,2.0045466e-06,1.7026405e-08,9.0688964e-08,4.519191e-11,7.2169423e-06
Formal/5m52.3s - 5m57.9s (L0ZAiCbRw1g).mp3.wav,val,4.1504012e-05,3.1347056e-06,3.762215e-07,0.999925,8.023496e-07,5.750919e-09,9.981455e-08,6.254821e-11,2.907908e-05
Formal/5m57.4s - 6m2.8s (zdKkNC0Mns0).mp3.wav,test,0.000116155636,1.8697217e-05,1.0474573e-07,0.9998548,5.713156e-06,3.2983923e-08,5.6258738e-08,4.7004702e-11,4.3914465e-06
Formal/5m59.3s - 6m5.3s (L0ZAiCbRw1g).mp3.wav,val,4.0326784e-05,2.5976476e-06,4.5141806e-07,0.99985933,7.094885e-07,2.9324316e-09,1.05077774e-07,1.01682066e-10,9.6471114e-05
Formal/6.6s - 11.6s (zdKkNC0Mns0).mp3.wav,test,1.6762167e-05,6.635059e-06,6.4181296e-07,0.99995756,3.4564653e-07,6.2584555e-09,4.353063e-08,5.1320403e-11,1.7921342e-05
Formal/6m15.1s - 6m20.2s (zdKkNC0Mns0).mp3.wav,test,9.0588655e-05,1.8098683e-05,1.7949944e-07,0.99988055,4.9624546e-06,3.871507e-08,7.929768e-08,6.949939e-11,5.497632e-06
Formal/6m16.4s - 6m21.5s (L0ZAiCbRw1g).mp3.wav,val,2.8965667e-05,4.7295794e-06,3.57045e-07,0.99994636,7.183929e-07,6.0495786e-09,5.81003e-08,5.1095968e-11,1.8771525e-05
Formal/6m22.8s - 6m28.7s (L0ZAiCbRw1g).mp3.wav,val,3.5256235e-05,3.4409272e-06,4.4250797e-07,0.9999062,7.453808e-07,4.048061e-09,8.790327e-08,8.728381e-11,5.3781798e-05
Formal/6m36.5s - 6m42s (L0ZAiCbRw1g).mp3.wav,val,0.00015280816,2.4200265e-06,2.705749e-07,0.99973315,1.8995312e-06,4.654957e-09,1.8769276e-07,1.1095992e-10,0.00010928062
Formal/6m3s - 6m8.6s (zdKkNC0Mns0).mp3.wav,test,0.0001902933,1.1224121e-05,2.2524979e-07,0.9997876,6.7255924e-06,1.08834804e-07,2.5297416e-07,8.250538e-11,3.5987455e-06
Formal/6m43s - 6m49.5s (L0ZAiCbRw1g).mp3.wav,val,0.00039866613,1.7332633e-06,4.76887e-07,0.9983718,3.2022226e-06,2.9136065e-09,5.3022353e-07,4.591742e-10,0.0012235746
Formal/6m51s - 6m55.6s (L0ZAiCbRw1g).mp3.wav,val,1.860978e-05,6.717697e-06,3.675797e-07,0.99996436,6.1537065e-07,8.233312e-09,4.6988497e-08,3.950857e-11,9.363451e-06
Formal/6m56.6s - 7m1.5s (L0ZAiCbRw1g).mp3.wav,val,1.8077002e-05,6.056891e-06,3.3923774e-07,0.99996173,5.6223007e-07,5.7216973e-09,4.0676607e-08,4.103015e-11,1.3170879e-05
Formal/6m58.7s - 7m3.7s (zdKkNC0Mns0).mp3.wav,test,0.00027689885,0.39320943,2.0659796e-05,0.6062497,0.0002059053,1.8808356e-05,2.3319276e-07,1.7928033e-07,1.8251463e-05
Formal/6m9.2s - 6m14.6s (zdKkNC0Mns0).mp3.wav,test,8.059219e-05,2.9762517e-05,2.4929298e-07,0.9998795,5.115333e-06,7.505626e-08,1.12860235e-07,9.929148e-11,4.591542e-06
"Formal/7 Aug, 7.40 PM.mp3.wav",test,2.6521715e-05,4.435737e-06,1.773684e-07,0.99996424,6.514309e-07,8.526269e-09,4.1715897e-08,1.6643272e-11,3.9022984e-06
Formal/7m10.2s - 7m15.4s (L0ZAiCbRw1g).mp3.wav,val,0.000119906836,2.4815683e-05,1.079601e-07,0.9998473,4.6862983e-06,3.5525627e-08,4.0665594e-08,3.999096e-11,3.0932238e-06
Formal/7m17.2s - 7m24s (L0ZAiCbRw1g).mp3.wav,val,0.0002816949,9.423202e-06,3.8289443e-07,0.99967635,2.411257e-06,1.9077413e-08,1.6403224e-07,8.621946e-11,2.964425e-05
Formal/7m2.6s - 7m8.5s (L0ZAiCbRw1g).mp3.wav,val,0.0017931875,0.42097598,8.009683e-05,0.57673824,0.00030785426,4.667326e-05,3.8358885e-07,4.90006e-07,5.7058456e-05
Formal/7m25.3s - 7m33.3s (L0ZAiCbRw1g).mp3.wav,val,0.00016334858,1.1570646e-05,2.6061795e-07,0.99981457,3.460996e-06,4.2938794e-08,1.3678104e-07,6.5505726e-11,6.66383e-06
Formal/7m3.8s - 7m9s (zdKkNC0Mns0).mp3.wav,test,0.027800538,4.646813e-06,5.4550845e-05,0.19955927,7.938514e-06,1.9972507e-08,0.00026613803,3.708518e-07,0.7723065
Formal/7m34.3s - 7m40.3s (L0ZAiCbRw1g).mp3.wav,val,0.0004117075,0.00024735948,6.680174e-07,0.99925894,3.5179724e-05,1.315462e-07,2.9599897e-07,1.9068709e-09,4.5664005e-05
Formal/7m41.6s - 7m47s (L0ZAiCbRw1g).mp3.wav,val,0.001087353,0.00021386037,5.3863147e-07,0.9986644,1.5068446e-05,1.2968954e-07,9.676767e-08,4.1574943e-10,1.8667015e-05
Formal/7m51.4s - 7m56.2s (L0ZAiCbRw1g).mp3.wav,val,5.6326593e-05,2.3649923e-06,2.7817097e-07,0.9999027,6.9053993e-07,3.3357634e-09,9.634129e-08,3.904379e-11,3.7524682e-05
Formal/7m9.3s - 7m14.2s (zdKkNC0Mns0).mp3.wav,test,6.8415924e-05,2.6917999e-06,2.2958768e-07,0.9998807,9.19675e-07,3.5372227e-09,1.0393091e-07,4.500504e-11,4.6951132e-05
Formal/8m14.2s - 8m19.6s (zdKkNC0Mns0).mp3.wav,test,9.3539675e-05,5.867119e-06,1.7265616e-07,0.99988616,2.16886e-06,1.2010994e-08,7.45224e-08,4.5595503e-11,1.2054308e-05
Formal/8m19.8s - 8m24.8s (zdKkNC0Mns0).mp3.wav,test,0.0029574307,1.5071614e-05,4.1593427e-07,0.9969891,2.5139141e-05,3.149987e-07,1.2374685e-06,2.6697267e-10,1.1396654e-05
Formal/8m2.8s - 8m7.9s (zdKkNC0Mns0).mp3.wav,test,0.003335426,1.2842257e-05,1.121841e-06,0.99660146,2.0539372e-05,4.6083096e-07,3.571138e-06,6.0454614e-10,2.4548837e-05
Formal/8m25.2s - 8m30.9s (zdKkNC0Mns0).mp3.wav,test,0.06548927,3.3100692e-05,7.0418605e-06,0.9337501,0.00010879974,1.7279581e-06,4.6278667e-05,1.469398e-08,0.0005636573
Formal/8m8.3s - 8m13.7s (zdKkNC0Mns0).mp3.wav,test,0.0038882638,0.00020392599,1.5122773e-06,0.995821,4.6589084e-05,7.9335695e-07,1.0981967e-06,2.2414375e-09,3.673464e-05
Formal/Aa - Abeer Mahmud.m4a.wav,val,2.8002729e-05,9.25819e-06,2.1645722e-07,0.9999591,8.467865e-07,1.5224826e-08,3.4932825e-08,1.945971e-11,2.5071638e-06
Formal/August 11_ 2019 1m52s - 1m57.8s (PfFRGJB9z4U).mp3.wav,test,4.9941842e-05,3.5428072e-06,7.9317357e-07,0.9999231,5.46689e-07,9.684193e-09,1.5961533e-07,6.7607e-11,2.1922782e-05
Formal/August 11_ 2019 1m57.8s - 2m3.3s (PfFRGJB9z4U).mp3.wav,test,0.00013632751,3.1713691e-06,2.1004102e-07,0.99983156,1.482246e-06,7.755892e-09,1.2895791e-07,5.828066e-11,2.7026603e-05
Formal/August 11_ 2019 2m13.7s - 2m18.8s (PfFRGJB9z4U).mp3.wav,test,4.3679836e-05,5.464321e-06,5.052256e-07,0.99993694,6.822931e-07,1.0639582e-08,9.258337e-08,4.4763405e-11,1.267078e-05
Formal/August 11_ 2019 2m18.8s - 2m24.1s (PfFRGJB9z4U).mp3.wav,test,4.1111376e-05,3.5687997e-06,4.81325e-07,0.9999374,5.801034e-07,7.30797e-09,1.0393067e-07,4.6141757e-11,1.6674889e-05
Formal/August 11_ 2019 2m24.1s - 2m29.6s (PfFRGJB9z4U).mp3.wav,test,4.0362305e-05,5.089907e-06,4.1919273e-07,0.9999443,8.6316476e-07,1.3302302e-08,9.83194e-08,4.604712e-11,8.820634e-06
Formal/August 11_ 2019 2m29.6s - 2m35.2s (PfFRGJB9z4U).mp3.wav,test,4.0687064e-05,3.6193119e-06,7.753093e-07,0.999933,4.9243556e-07,8.842031e-09,1.4345214e-07,6.4620184e-11,2.1361508e-05
Formal/August 11_ 2019 2m3.3s - 2m8.8s (PfFRGJB9z4U).mp3.wav,test,3.2405773e-05,6.575319e-06,5.645714e-07,0.999951,5.869926e-07,1.2385435e-08,7.501068e-08,4.3923348e-11,8.77377e-06
Formal/August 11_ 2019 2m35.2s - 2m40.8s (PfFRGJB9z4U).mp3.wav,test,3.930449e-05,5.8662426e-06,5.298033e-07,0.99994564,6.451479e-07,1.5370743e-08,9.550726e-08,4.2266638e-11,7.899518e-06
Formal/August 11_ 2019 2m8.8s - 2m13.7s (PfFRGJB9z4U).mp3.wav,test,2.9842216e-05,3.8145104e-06,3.3442706e-07,0.99995494,6.830788e-07,7.732093e-09,7.7151256e-08,3.618761e-11,1.0361352e-05
Formal/August 11_ 2019 3m55.6s - 4m1s (PfFRGJB9z4U).mp3.wav,test,4.028977e-05,3.7758225e-06,3.4349415e-07,0.99994516,8.295924e-07,1.01413145e-08,1.05898685e-07,3.88646e-11,9.478431e-06
Formal/August 11_ 2019 4m1s - 4m6.9s (PfFRGJB9z4U).mp3.wav,test,4.004349e-05,3.7432703e-06,4.1033616e-07,0.99994016,7.7294123e-07,8.678915e-09,1.0918806e-07,5.3217684e-11,1.4864467e-05
Formal/New recording 118 - Nashid Siddika 162-26-959.m4a.wav,val,3.5673955e-05,2.926083e-06,2.4292396e-07,0.99995255,5.559822e-07,6.48492e-09,6.905312e-08,2.120476e-11,7.901932e-06
Formal/New recording 119 - Nashid Siddika 162-26-959.m4a.wav,val,2.929358e-05,4.136558e-06,2.8008964e-07,0.99996066,4.6982927e-07,8.423466e-09,5.4964577e-08,1.8416208e-11,5.033344e-06
Formal/Q1 - Rifat Chowdhury.aac.wav,val,3.6635658e-05,6.1410874e-06,6.9432684e-07,0.99994814,2.6320518e-07,1.0405231e-08,5.76696e-08,2.6919569e-11,7.99707e-06
Formal/Q3 - Rifat Chowdhury.aac.wav,test,4.488671e-05,5.9406143e-06,5.817093e-07,0.9999429,3.0957403e-07,1.4427653e-08,6.97269e-08,2.2039618e-11,5.2493974e-06
Formal/Rahat Mahmud2.mp3.wav,test,2.9953666e-05,3.1857169e-06,2.2903343e-07,0.9999242,8.924357e-07,3.0226792e-09,6.5739314e-08,5.5916473e-11,4.1445597e-05
Formal/Rtv _ Rater Shongbad 10m21.1s - 10m26.9s (sU4ThIMPb4Q).mp3.wav,test,8.383483e-05,8.289372e-06,5.0510164e-07,0.9999013,1.235838e-06,3.7296658e-08,1.5209585e-07,3.8229888e-11,4.683379e-06
Formal/Rtv _ Rater Shongbad 10m42.7s - 10m48.4s (sU4ThIMPb4Q).mp3.wav,test,7.009683e-05,6.6698412e-06,2.0503063e-07,0.99991417,1.8778359e-06,1.78309e-08,9.1293636e-08,3.4859123e-11,6.8242425e-06
Formal/Rtv _ Rater Shongbad 10m51.6s - 10m56.7s (sU4ThIMPb4Q).mp3.wav,test,5.5375283e-05,1.0380168e-05,1.3526339e-07,0.9999267,2.752525e-06,1.9085393e-08,5.5133537e-08,3.3336646e-11,4.6030405e-06
Formal/Rtv _ Rater Shongbad 10m59.5s - 11m3.7s (sU4ThIMPb4Q).mp3.wav,test,3.854973e-05,3.6157435e-06,2.5954145e-07,0.9999441,8.0152125e-07,6.8767547e-09,8.2352855e-08,3.2465367e-11,1.257729e-05
Formal/Rtv _ Rater Shongbad 1m11.4s - 1m16.8s (sU4ThIMPb4Q).mp3.wav,test,4.374931e-05,3.4650907e-06,3.011538e-07,0.99994123,9.478977e-07,1.080223e-08,1.2273301e-07,4.1407145e-11,1.0196811e-05
Formal/Rtv _ Rater Shongbad 1m17.6s - 1m22.5s (sU4ThIMPb4Q).mp3.wav,test,3.8408998e-05,3.1855252e-06,2.481674e-07,0.9999442,9.722941e-07,7.2569866e-09,9.2917865e-08,3.9149135e-11,1.28676e-05
Formal/Rtv _ Rater Shongbad 1m23.4s - 1m28.9s (sU4ThIMPb4Q).mp3.wav,test,4.7905403e-05,2.9348078e-06,3.2027154e-07,0.99993443,9.793058e-07,9.662825e-09,1.4149079e-07,4.623747e-11,1.3247197e-05
Formal/Rtv _ Rater Shongbad 1m5.3s - 1m10.7s (sU4ThIMPb4Q).mp3.wav,test,4.6466943e-05,4.12127e-06,2.5411006e-07,0.9999391,1.354106e-06,1.2537736e-08,1.1165261e-07,4.3069995e-11,8.521028e-06
Formal/Rtv _ Rater Shongbad 2m10.4s - 2m15.5s (sU4ThIMPb4Q).mp3.wav,test,4.7318994e-05,8.098969e-06,1.1147824e-07,0.99993646,1.6106563e-06,8.6912575e-09,3.014594e-08,2.6117523e-11,6.3774114e-06
Formal/Rtv _ Rater Shongbad 2m17.5s - 2m22.6s (sU4ThIMPb4Q).mp3.wav,test,7.661174e-05,3.1455024e-06,1.7177979e-07,0.9998987,2.0444218e-06,8.46745e-09,1.1636966e-07,5.1247544e-11,1.9319692e-05
Formal/Rtv _ Rater Shongbad 2m32.5s - 2m37.8s (sU4ThIMPb4Q).mp3.wav,test,3.8979193e-05,2.6311758e-05,1.074109e-06,0.99992895,4.6430853e-07,2.9915224e-08,4.714753e-08,3.7174836e-11,4.1268327e-06
Formal/Rtv _ Rater Shongbad 2m4.3s - 2m9.7s (sU4ThIMPb4Q).mp3.wav,test,5.8892525e-05,3.6945441e-06,1.8254684e-07,0.99992025,1.8942385e-06,8.863903e-09,9.696258e-08,5.057088e-11,1.5041925e-05
Formal/Rtv _ Rater Shongbad 2m41.1s - 2m46s (sU4ThIMPb4Q).mp3.wav,test,4.265685e-05,5.366018e-06,1.8570077e-07,0.999941,1.6651135e-06,1.22038575e-08,7.68557e-08,3.996725e-11,9.029315e-06
Formal/Rtv _ Rater Shongbad 2m46.7s - 2m51.6s (sU4ThIMPb4Q).mp3.wav,test,3.9809256e-05,4.092379e-06,2.0561484e-07,0.9999434,1.2244363e-06,8.248244e-09,7.418388e-08,3.734117e-11,1.1245853e-05
Formal/Rtv _ Rater Shongbad 2m53.8s - 2m59.3s (sU4ThIMPb4Q).mp3.wav,test,6.492785e-05,5.609862e-06,3.1807684e-07,0.9999151,8.47714e-07,9.4050545e-09,8.552745e-08,3.3134672e-11,1.3133026e-05
Formal/Rtv _ Rater Shongbad 2m59.7s - 3m3.2s (sU4ThIMPb4Q).mp3.wav,test,3.431534e-05,3.4537989e-06,2.6646453e-07,0.99994445,6.464165e-07,4.742757e-09,6.868882e-08,3.259375e-11,1.6812925e-05
Formal/Rtv _ Rater Shongbad 35.9s - 40.9s (sU4ThIMPb4Q).mp3.wav,test,5.129614e-05,2.3309778e-06,2.1953245e-07,0.99991465,1.2442237e-06,4.775638e-09,1.11528344e-07,5.6776774e-11,3.0141935e-05
Formal/Rtv _ Rater Shongbad 3m14s - 3m19s (sU4ThIMPb4Q).mp3.wav,test,0.00012590521,2.3992002e-06,2.2816636e-07,0.99983144,1.318714e-06,6.0729866e-09,1.7138485e-07,4.6381357e-11,3.8565497e-05
Formal/Rtv _ Rater Shongbad 3m29.4s - 3m34.6s (sU4ThIMPb4Q).mp3.wav,test,4.0958752e-05,9.893848e-06,5.18097e-07,0.99994123,6.495933e-07,1.6991864e-08,6.574056e-08,3.41557e-11,6.640996e-06
Formal/Rtv _ Rater Shongbad 3m8.1s - 3m13.7s (sU4ThIMPb4Q).mp3.wav,test,0.000112176094,1.0493467e-05,1.926289e-07,0.99986494,2.4592105e-06,1.7131729e-08,7.43923e-08,3.965427e-11,9.615059e-06
Formal/Rtv _ Rater Shongbad 47.6s - 52.8s (sU4ThIMPb4Q).mp3.wav,test,4.3492426e-05,3.7228954e-06,2.546142e-07,0.99994016,1.1159445e-06,8.940523e-09,9.378979e-08,4.192429e-11,1.1240326e-05
Formal/Rtv _ Rater Shongbad 4m20.2s - 4m25.7s (sU4ThIMPb4Q).mp3.wav,test,3.660059e-05,8.59986e-06,1.7471999e-07,0.99994314,1.7936069e-06,1.11096865e-08,4.607121e-08,4.7348278e-11,9.698839e-06
Formal/Rtv _ Rater Shongbad 4m26.2s - 4m31.3s (sU4ThIMPb4Q).mp3.wav,test,2.3853998e-05,1.9429428e-05,9.135015e-08,0.99994934,2.870384e-06,1.4601158e-08,1.5867917e-08,4.0019536e-11,4.349284e-06
Formal/Rtv _ Rater Shongbad 4m33.2s - 4m38.5s (sU4ThIMPb4Q).mp3.wav,test,0.0004981309,4.573225e-06,2.4550772e-07,0.9994499,7.747392e-06,2.7069786e-08,4.0446741e-07,1.2828621e-10,3.8897328e-05
Formal/Rtv _ Rater Shongbad 4m38.7s - 4m44.7s (sU4ThIMPb4Q).mp3.wav,test,0.00037504616,3.7491186e-06,2.0668683e-07,0.9995826,6.618178e-06,2.1938998e-08,3.6119604e-07,1.0903586e-10,3.133311e-05
Formal/Rtv _ Rater Shongbad 4m45.1s - 4m50.7s (sU4ThIMPb4Q).mp3.wav,test,4.2345924e-05,5.2610835e-06,1.9528532e-07,0.9999341,1.7811252e-06,8.683946e-09,7.071566e-08,5.9807416e-11,1.6253167e-05
Formal/Rtv _ Rater Shongbad 53.3s - 58.8s (sU4ThIMPb4Q).mp3.wav,test,4.05192e-05,2.841573e-06,2.731548e-07,0.99993396,1.0095837e-06,6.21361e-09,1.0717072e-07,5.3951576e-11,2.1267639e-05
Formal/Rtv _ Rater Shongbad 59.5s - 1m4.5s (sU4ThIMPb4Q).mp3.wav,test,3.9345963e-05,3.4392222e-06,2.3489932e-07,0.9999398,1.2570611e-06,7.350064e-09,9.149994e-08,5.1863954e-11,1.5855145e-05
Formal/Rtv _ Rater Shongbad 5m1.3s - 5m6.7s (sU4ThIMPb4Q).mp3.wav,test,5.5557037e-05,2.0371994e-05,2.4269636e-07,0.99990964,1.357521e-06,1.077261e-08,2.3965907e-08,4.1638196e-11,1.2737846e-05
Formal/Rtv _ Rater Shongbad 5m10.2s - 5m15.1s (sU4ThIMPb4Q).mp3.wav,test,5.5820223e-05,5.503271e-06,1.315452e-07,0.99992824,1.9079566e-06,9.768987e-09,6.18455e-08,3.0819406e-11,8.399148e-06
Formal/Rtv _ Rater Shongbad 5m43.4s - 5m48.7s (sU4ThIMPb4Q).mp3.wav,test,1.520671e-05,2.9033656e-05,2.466676e-07,0.9999505,1.378261e-06,1.5496692e-08,1.5426474e-08,3.9695424e-11,3.5933983e-06
Formal/Rtv _ Rater Shongbad 5m48.9s - 5m54.8s (sU4ThIMPb4Q).mp3.wav,test,3.771072e-05,8.980508e-06,1.641877e-07,0.99994075,2.0365642e-06,9.584234e-09,3.985433e-08,4.6470112e-11,1.030022e-05
Formal/Rtv _ Rater Shongbad 5m55.3s - 6m0.5s (sU4ThIMPb4Q).mp3.wav,test,1.9973038e-05,2.2137507e-05,3.5652678e-07,0.9999511,7.036989e-07,1.03766435e-08,1.574314e-08,3.2966106e-11,5.6562376e-06
Formal/Rtv _ Rater Shongbad 7m11s - 7m16s (sU4ThIMPb4Q).mp3.wav,test,4.5984118e-05,4.8603193e-05,9.8758726e-08,0.9998976,6.1978344e-06,4.4114422e-08,1.9001192e-08,3.551679e-11,1.4978906e-06
Formal/Rtv _ Rater Shongbad 7m24.3s - 7m29.7s (sU4ThIMPb4Q).mp3.wav,test,6.223447e-05,0.00016096259,2.1387324e-07,0.99976665,8.431656e-06,1.0862348e-07,1.7389453e-08,6.973684e-11,1.4925073e-06
Formal/Rtv _ Rater Shongbad 7m51.1s - 7m56.5s (sU4ThIMPb4Q).mp3.wav,test,0.00036241638,2.4392264e-05,1.09694746e-07,0.9995728,3.712625e-05,1.5519147e-07,1.7685551e-07,1.10238874e-10,2.857659e-06
Formal/Rtv _ Rater Shongbad 8m44.9s - 8m50s (sU4ThIMPb4Q).mp3.wav,test,3.695178e-05,1.0729559e-05,2.2410634e-07,0.9999454,1.888804e-06,1.8845594e-08,4.947692e-08,4.5742368e-11,4.7350445e-06
Formal/Rtv _ Rater Shongbad 8m50.7s - 8m55.6s (sU4ThIMPb4Q).mp3.wav,test,3.0231291e-05,5.0433077e-06,2.7385585e-07,0.9999528,7.234888e-07,6.924262e-09,5.419743e-08,3.3230738e-11,1.0914207e-05
Formal/Shaamsher Sultan2.aac.wav,val,3.09532e-05,3.2674131e-06,2.1293451e-07,0.9999559,6.746297e-07,5.642916e-09,5.8862245e-08,2.4314613e-11,8.9775185e-06
Formal/Voice 002_sd - Shahira Autoshee.m4a.wav,val,2.7680308e-05,3.6421998e-06,3.0719823e-07,0.99996173,3.4730934e-07,7.361955e-09,5.0749406e-08,1.8686523e-11,6.185825e-06
Formal/Voice 002_sd.m4a.wav,val,2.9913606e-05,2.648373e-06,2.2764755e-07,0.9999535,5.4883077e-07,4.278629e-09,6.047467e-08,2.4877487e-11,1.3060487e-05
Formal/Voice 004_sd - Shahira Autoshee.m4a.wav,test,3.0168565e-05,3.8253656e-06,1.7032531e-07,0.9999604,7.177114e-07,7.713516e-09,4.7094904e-08,1.7857531e-11,4.696126e-06
Formal/amar gramer bari - Nirjhor Niloy.mp3.wav,val,2.6862495e-05,5.699732e-06,2.4623085e-07,0.999959,6.53714e-07,7.985422e-09,4.4434827e-08,2.6114725e-11,7.4190284e-06
Formal/bangla short film 2019 _ 1m11.5s - 1m16.1s (D9eNXt5hnc0).mp3.wav,val,0.00023831807,9.874458e-06,2.859237e-07,0.99953413,4.492964e-05,6.74909e-08,9.708838e-07,1.3247827e-09,0.00017144172
Formal/bangla short film 2019 _ 1m57s - 2m0.8s (D9eNXt5hnc0).mp3.wav,val,1.6491655e-05,2.6599215e-05,2.4198957e-07,0.99995244,9.829455e-07,1.5131361e-08,1.7672175e-08,2.9052982e-11,3.296425e-06
Formal/bangla short film 2019 _ 1m6.2s - 1m11.5s (D9eNXt5hnc0).mp3.wav,val,1.047887e-06,0.99809474,1.8178602e-06,0.0018770166,2.1504273e-05,3.350285e-06,5.969356e-10,2.2201239e-07,4.1068577e-07
Formal/bangla short film 2019 _ 2m0.8s - 2m5.7s (D9eNXt5hnc0).mp3.wav,val,2.3884202e-05,4.6052514e-06,3.4035764e-07,0.9999597,4.9012573e-07,6.4439694e-09,6.0515205e-08,3.078947e-11,1.08803e-05
Formal/bangla short film 2019 _ 2m10.5s - 2m15.7s (D9eNXt5hnc0).mp3.wav,val,0.0005937387,0.88651067,8.8208806e-05,0.10393489,0.004212359,0.0045822198,4.942722e-05,9.446664e-06,1.907489e-05
Formal/bangla short film 2019 _ 2m5.7s - 2m10.5s (D9eNXt5hnc0).mp3.wav,val,2.378198e-05,7.449253e-06,3.1456105e-07,0.99996114,6.008597e-07,9.570125e-09,4.5387356e-08,2.7407757e-11,6.549563e-06
Formal/bangla short film 2019 _ 59.4s - 1m6.2s (D9eNXt5hnc0).mp3.wav,val,1.0740364e-06,0.99985564,8.3147523e-07,0.00010012925,3.4477023e-05,7.0206493e-06,5.218856e-10,7.1657206e-07,1.4043044e-07
Formal/ff101.mp3.wav,val,3.9934625e-05,2.847652e-06,3.004376e-07,0.9999224,8.8622664e-07,4.545436e-09,9.5661285e-08,6.077415e-11,3.3463188e-05
Formal/ff103.mp3.wav,test,4.0076244e-05,2.5252698e-06,4.8809795e-07,0.9998603,6.2205396e-07,2.6507956e-09,1.08522435e-07,9.6859014e-11,9.5875315e-05
Formal/ff111.mp3.wav,val,4.3232736e-05,1.7109916e-05,4.390078e-07,0.99993575,1.1694744e-06,3.835323e-08,4.6241396e-08,3.2193533e-11,2.1834267e-06
Formal/ff114.mp3.wav,test,4.3562064e-05,9.047957e-06,8.0247844e-07,0.9999417,5.837181e-07,2.7510545e-08,8.5128384e-08,3.6330286e-11,4.183101e-06
Formal/ff117.mp3.wav,test,7.672234e-05,4.6646705e-06,3.6846302e-07,0.99990785,1.5094208e-06,2.1665151e-08,1.6567354e-07,5.688598e-11,8.699133e-06
Formal/ff118.mp3.wav,test,5.1201994e-05,5.1867514e-06,4.292705e-07,0.99993336,8.252199e-07,1.33725715e-08,9.099846e-08,4.3662466e-11,8.807383e-06
Formal/ff12.mp3.wav,test,6.220072e-05,2.1566823e-06,3.236352e-07,0.9999137,9.08247e-07,7.0306814e-09,1.5982616e-07,4.880681e-11,2.0610112e-05
Formal/ff121.mp3.wav,val,6.4105836e-05,4.5944694e-06,2.1552572e-07,0.9999198,1.6608943e-06,1.232303e-08,8.820678e-08,4.3176417e-11,9.483534e-06
Formal/ff129.mp3.wav,test,0.00013543412,1.9109364e-06,2.114747e-07,0.9998258,2.043193e-06,7.579594e-09,2.4330444e-07,6.6497814e-11,3.443994e-05
Formal/ff136.mp3.wav,test,3.2072756e-05,6.602558e-05,1.0192315e-07,0.9998933,7.401552e-06,5.889259e-08,1.8134962e-08,4.0122683e-11,1.0233276e-06
Formal/ff137.mp3.wav,val,2.9227214e-05,0.00010169285,8.746466e-08,0.99985933,8.807362e-06,7.1083186e-08,1.3101552e-08,3.961685e-11,7.638337e-07
Formal/ff14.mp3.wav,val,4.6912493e-05,2.7328647e-06,2.4739117e-07,0.9999348,1.105915e-06,7.925143e-09,1.179547e-07,4.1833884e-11,1.4054675e-05
Formal/ff142.mp3.wav,val,3.0496296e-05,5.7481075e-06,3.3427762e-07,0.99990666,1.0115839e-06,3.293086e-09,5.037475e-08,9.151247e-11,5.5746557e-05
Formal/ff143.mp3.wav,val,3.673979e-05,4.20477e-06,3.5726848e-07,0.9999454,6.231199e-07,6.651929e-09,7.037321e-08,3.6353365e-11,1.2592381e-05
Formal/ff145.mp3.wav,val,8.801105e-05,2.3796704e-06,2.8298646e-07,0.9997682,1.861812e-06,3.198932e-09,1.7118846e-07,1.359111e-10,0.0001390457
Formal/ff146.mp3.wav,val,4.682736e-05,3.1734437e-06,2.7044896e-07,0.9999037,1.0418383e-06,3.554944e-09,8.281798e-08,6.2647276e-11,4.4910088e-05
Formal/ff152.mp3.wav,val,2.7277958e-05,7.8457415e-06,2.6033823e-07,0.99995553,7.329706e-07,7.793395e-09,3.6710336e-08,2.9240867e-11,8.253306e-06
Formal/ff166.mp3.wav,test,9.536733e-05,2.1944372e-06,2.07452e-07,0.9998636,1.6848376e-06,5.909019e-09,1.5507668e-07,6.561536e-11,3.681724e-05
Formal/ff172.mp3.wav,test,2.8007109e-05,3.7370135e-06,3.564946e-07,0.9999515,6.596925e-07,5.7668443e-09,7.5862786e-08,4.560596e-11,1.57165e-05
Formal/ff174.mp3.wav,val,2.8529012e-05,5.660287e-06,2.8028722e-07,0.9999553,8.2460855e-07,7.3583273e-09,5.259785e-08,3.7287663e-11,9.340027e-06
Formal/ff176.mp3.wav,test,5.721047e-05,1.9944969e-06,3.3682596e-07,0.99985933,1.0156181e-06,3.4793741e-09,1.5762734e-07,9.42456e-11,7.9873695e-05
Formal/ff18.mp3.wav,val,3.1401833e-05,3.6911144e-06,2.9320768e-07,0.999949,8.619529e-07,6.9225323e-09,7.927392e-08,4.4214254e-11,1.471857e-05
Formal/ff180.mp3.wav,test,3.1417025e-05,3.6266433e-06,2.9360476e-07,0.999931,8.9539657e-07,4.252409e-09,7.2183106e-08,6.3246665e-11,3.2805216e-05
Formal/ff184.mp3.wav,test,7.9557234e-05,1.7207485e-06,3.7495548e-07,0.99963164,1.2125499e-06,2.0894861e-09,2.1440817e-07,1.5637915e-10,0.00028529202
Formal/ff185.mp3.wav,val,4.2714095e-05,2.9270623e-06,2.5857472e-07,0.99991536,1.0579201e-06,4.2504693e-09,9.461902e-08,6.5164506e-11,3.7556583e-05
Formal/ff189.mp3.wav,test,5.941921e-05,2.0871084e-06,5.752651e-07,0.9998276,7.411933e-07,3.5939143e-09,1.8790409e-07,1.2381109e-10,0.00010932243
Formal/ff19.mp3.wav,val,5.3543074e-05,2.8081918e-06,3.578451e-07,0.99989784,9.425428e-07,4.8811857e-09,1.2014188e-07,7.350701e-11,4.431124e-05
Formal/ff193.mp3.wav,test,7.05509e-05,2.1039918e-06,5.1346547e-07,0.9996743,9.33242e-07,2.4714235e-09,1.8221589e-07,1.748264e-10,0.00025140482
Formal/ff196.mp3.wav,test,2.03303e-05,6.4740166e-06,1.0099626e-06,0.99995625,2.5026762e-07,8.036036e-09,7.367902e-08,4.3497886e-11,1.5654343e-05
Formal/ff206.mp3.wav,val,3.221585e-05,4.591417e-06,4.1912492e-07,0.99995136,5.3303114e-07,7.768414e-09,6.907279e-08,3.3717702e-11,1.0748253e-05
Formal/ff219.mp3.wav,val,4.0118895e-05,3.2082276e-06,3.7155112e-07,0.99993694,7.105736e-07,6.8655788e-09,9.810062e-08,4.9103756e-11,1.8544977e-05
Formal/ff22.mp3.wav,test,4.8582082e-05,2.2209717e-06,4.1506178e-07,0.99988186,6.673045e-07,3.478849e-09,1.2894915e-07,7.552966e-11,6.6123444e-05
Formal/ff220.mp3.wav,val,3.9143302e-05,2.9161756e-06,3.8704724e-07,0.99993134,7.4847253e-07,5.892727e-09,1.0770179e-07,6.143329e-11,2.5255638e-05
Formal/ff226.mp3.wav,test,3.858988e-05,3.6359118e-06,5.604565e-07,0.9999342,4.5829236e-07,6.162235e-09,9.459535e-08,4.593122e-11,2.2379458e-05
Formal/ff227.mp3.wav,val,4.0791674e-05,2.8578102e-06,3.782556e-07,0.9999136,7.89554e-07,4.4964095e-09,1.07253186e-07,7.296256e-11,4.1474974e-05
Formal/ff235.mp3.wav,test,3.0506453e-05,3.5958983e-06,3.3954345e-07,0.99993455,6.928535e-07,4.2799275e-09,6.8316034e-08,5.542468e-11,3.0280919e-05
Formal/ff237.mp3.wav,test,4.900278e-05,2.3777136e-06,3.636927e-07,0.9999201,7.977494e-07,5.921764e-09,1.1775369e-07,6.395087e-11,2.71952e-05
Formal/ff242.mp3.wav,test,1.9446123e-05,7.792003e-06,3.5097585e-07,0.9999585,6.2264456e-07,6.582975e-09,3.5787142e-08,4.8946132e-11,1.3233499e-05
Formal/ff245.mp3.wav,val,2.9070206e-05,5.777996e-06,2.386402e-07,0.9999498,1.280997e-06,8.014831e-09,5.8489217e-08,5.889729e-11,1.3744464e-05
Formal/ff248.mp3.wav,test,3.992312e-05,4.56574e-06,2.373902e-07,0.99994326,1.5699748e-06,1.2098156e-08,9.5228906e-08,5.641375e-11,1.0337957e-05
Formal/ff250.mp3.wav,test,5.8237576e-05,8.550599e-06,2.7664493e-07,0.9999187,3.338842e-06,2.413535e-08,1.232159e-07,1.1397785e-10,1.0679211e-05
Formal/ff27.mp3.wav,val,3.8078855e-05,2.2908666e-06,4.3113494e-07,0.9999032,6.211843e-07,3.581867e-09,1.2238436e-07,6.732257e-11,5.5269727e-05
Formal/ff3.mp3.wav,test,3.235976e-05,3.6921817e-06,3.0040636e-07,0.9999443,7.3594686e-07,5.2695954e-09,7.1181894e-08,4.2278434e-11,1.8561359e-05
Formal/ff34.mp3.wav,val,4.3500528e-05,1.9585275e-06,4.7503795e-07,0.99985754,5.9844433e-07,2.6830325e-09,1.409497e-07,8.7736894e-11,9.581409e-05
Formal/ff36.mp3.wav,test,8.6851906e-05,1.7676167e-06,4.3004812e-07,0.9997367,1.2665628e-06,3.3527046e-09,2.3931173e-07,1.5642004e-10,0.00017266766
Formal/ff39.mp3.wav,test,3.9615752e-05,2.313623e-06,3.7254935e-07,0.99992204,6.656197e-07,4.129416e-09,1.0855212e-07,5.606651e-11,3.4902645e-05
Formal/ff4.mp3.wav,test,2.719672e-05,3.9782153e-06,3.7881065e-07,0.99993503,5.8999757e-07,3.6584304e-09,5.88352e-08,5.5510402e-11,3.275021e-05
Formal/ff46.mp3.wav,val,5.010525e-05,4.6073596e-06,4.9023413e-07,0.99993384,7.446163e-07,1.2037185e-08,1.0944613e-07,4.3925023e-11,1.0023315e-05
Formal/ff50.mp3.wav,test,3.2980795e-05,4.554196e-06,3.6555986e-07,0.99995315,6.582494e-07,9.397988e-09,7.471326e-08,3.268312e-11,8.181589e-06
Formal/ff53.mp3.wav,test,4.201662e-05,2.5406218e-06,3.7274148e-07,0.9999169,7.06177e-07,4.3238972e-09,1.1446233e-07,6.0488524e-11,3.7348447e-05
Formal/ff54.mp3.wav,test,5.033563e-05,2.1807696e-06,4.7085965e-07,0.99989974,6.5943004e-07,4.6423785e-09,1.5779706e-07,7.049052e-11,4.650581e-05
Formal/ff56.mp3.wav,val,4.3343807e-05,2.5600089e-06,4.1490856e-07,0.99992085,6.2220323e-07,4.652786e-09,1.1842307e-07,5.3176883e-11,3.205285e-05
Formal/ff57.mp3.wav,test,4.5498957e-05,2.81811e-06,4.4386135e-07,0.9999082,5.993206e-07,4.1013286e-09,1.04970134e-07,6.160271e-11,4.23271e-05
Formal/ff58.mp3.wav,val,3.7774753e-05,4.570089e-06,4.661793e-07,0.99994457,5.810233e-07,9.104614e-09,8.905235e-08,3.7939523e-11,1.1940958e-05
Formal/ff64.mp3.wav,val,1.0732269e-06,0.00010715294,0.99964166,0.00023278318,5.6069392e-11,1.130305e-05,4.3883833e-06,8.204547e-08,1.576394e-06
Formal/ff71.mp3.wav,test,3.408233e-05,4.341636e-06,2.5735943e-07,0.99994695,1.1177328e-06,8.037219e-09,7.485759e-08,5.0607452e-11,1.31758725e-05
Formal/ff72.mp3.wav,test,3.1834727e-05,3.6590857e-06,2.852713e-07,0.9999361,8.4234523e-07,4.5178914e-09,6.575289e-08,5.7662874e-11,2.7207981e-05
Formal/ff75.mp3.wav,test,3.6282767e-05,2.9903385e-06,5.1732786e-07,0.999925,6.9070677e-07,6.039235e-09,1.230964e-07,8.5041627e-11,3.4406035e-05
Formal/ff76.mp3.wav,val,3.844979e-05,2.9681491e-06,3.0812532e-07,0.99993956,7.197981e-07,5.4690665e-09,9.057771e-08,4.0938877e-11,1.7899736e-05
Formal/ff81.mp3.wav,test,4.9430677e-05,2.4358699e-06,3.1971013e-07,0.99991,8.784968e-07,4.489255e-09,1.2243808e-07,6.156664e-11,3.6889032e-05
Formal/ff83.mp3.wav,val,6.279728e-05,1.8593091e-06,3.988198e-07,0.9998287,8.701161e-07,2.9200964e-09,1.6981878e-07,9.8652926e-11,0.000105138366
Formal/ff84.mp3.wav,val,5.2413143e-05,2.1690485e-06,3.9327313e-07,0.9998901,7.300498e-07,3.7707655e-09,1.3959553e-07,6.549305e-11,5.4136155e-05
Formal/ff85.mp3.wav,val,5.2071315e-05,2.3060727e-06,4.0362386e-07,0.99989676,7.2862673e-07,4.039377e-09,1.3414187e-07,6.759104e-11,4.7665264e-05
Formal/ff9.mp3.wav,test,3.013296e-05,3.5253247e-06,4.767756e-07,0.9999325,4.8678226e-07,4.0254458e-09,7.638011e-08,5.4966618e-11,3.2713226e-05
Formal/ff95.mp3.wav,test,3.461176e-05,4.031258e-06,4.9639897e-07,0.999949,5.805789e-07,1.0026989e-08,1.00469805e-07,4.5036967e-11,1.11297795e-05
Formal/ff99.mp3.wav,test,5.208279e-05,1.1300727e-05,6.637576e-07,0.99993205,8.493582e-07,3.976371e-08,8.39023e-08,3.7545925e-11,2.8965321e-06
Formal/fm10.mp3.wav,val,8.154679e-05,6.24625e-06,1.0565651e-07,0.9999007,4.9269893e-06,1.8398245e-08,8.8176e-08,4.616401e-11,6.3471375e-06
Formal/fm106.mp3.wav,val,3.224673e-05,0.00014808323,1.1351644e-07,0.9998099,8.9492405e-06,9.388173e-08,1.05415e-08,4.0124997e-11,6.330901e-07
Formal/fm108.mp3.wav,test,5.348097e-05,3.7304037e-06,3.7228781e-07,0.9998883,9.220409e-07,4.5489585e-09,8.204255e-08,8.349175e-11,5.3130807e-05
Formal/fm109.mp3.wav,test,0.00032407013,1.0582436e-05,9.3038835e-07,0.9994672,1.5329581e-06,7.1470927e-09,1.6631749e-07,2.8722655e-10,0.00019546716
Formal/fm115.mp3.wav,val,0.00016526035,1.7756233e-07,2.5074962e-06,0.0022596708,6.867796e-07,1.0620141e-10,2.165559e-06,8.8648926e-07,0.99756855
Formal/fm118.mp3.wav,val,6.9934875e-05,0.0035967936,5.1215284e-07,0.9962984,3.0710467e-05,3.8442263e-07,2.2110964e-08,8.6590546e-10,3.3464723e-06
Formal/fm12.mp3.wav,val,9.772339e-05,3.0862238e-06,1.8985361e-07,0.9998858,1.9068841e-06,1.2454817e-08,1.5784512e-07,3.9522198e-11,1.1063087e-05
Formal/fm120.mp3.wav,test,0.0011179784,3.6071988e-06,5.4400135e-07,0.99880147,6.81197e-06,5.042168e-08,2.364364e-06,2.3979077e-10,6.711162e-05
Formal/fm125.mp3.wav,test,0.004052874,4.759467e-05,4.8608777e-06,0.7890696,1.6639116e-05,4.7388675e-09,2.2135505e-06,6.240627e-08,0.20680621
Formal/fm135.mp3.wav,test,0.0002027519,3.890971e-06,2.4467846e-07,0.999777,3.4976767e-06,2.6178979e-08,2.8240933e-07,6.9650896e-11,1.2283299e-05
Formal/fm149.mp3.wav,test,0.000108293905,4.9970504e-06,1.2451251e-07,0.9997925,3.1528534e-06,2.7838736e-09,4.7197055e-08,1.1867107e-10,9.0909365e-05
Formal/fm158.mp3.wav,test,9.694519e-05,4.311258e-06,3.1003896e-07,0.9998834,1.5749749e-06,1.6448631e-08,1.7657084e-07,5.3360618e-11,1.3287451e-05
Formal/fm161.mp3.wav,val,1.628453e-05,2.8505001e-05,2.710799e-07,0.9999498,1.025522e-06,1.4062064e-08,1.4924943e-08,3.6520252e-11,4.1149833e-06
Formal/fm163.mp3.wav,val,0.00015880098,1.5558504e-06,3.2175572e-07,0.99977714,1.2727797e-06,5.9491954e-09,2.95245e-07,6.741816e-11,6.0593404e-05
Formal/fm165.mp3.wav,val,7.240835e-05,3.2823893e-06,3.2879112e-07,0.99985886,9.4787384e-07,3.7811767e-09,1.0113499e-07,6.981835e-11,6.394251e-05
Formal/fm167.mp3.wav,val,5.049587e-05,3.6562378e-06,1.9585843e-07,0.9999262,1.5991119e-06,6.5527725e-09,7.5388904e-08,5.6938586e-11,1.7710627e-05
Formal/fm177.mp3.wav,val,0.00013156453,4.8408406e-06,1.3043895e-07,0.999841,5.4398483e-06,1.5231187e-08,1.2854471e-07,8.321817e-11,1.6848195e-05
Formal/fm187.mp3.wav,val,7.586939e-05,3.3676904e-06,1.631746e-07,0.9998996,2.0825667e-06,7.777486e-09,8.934539e-08,5.2787906e-11,1.8773226e-05
Formal/fm188.mp3.wav,test,7.447122e-05,3.964837e-06,1.4849299e-07,0.9998958,2.5068712e-06,7.0602533e-09,8.2923854e-08,6.3282574e-11,2.3012319e-05
Formal/fm189.mp3.wav,test,0.00011954485,3.2341443e-06,1.4879488e-07,0.99984694,3.4549182e-06,9.105738e-09,1.4784901e-07,7.634666e-11,2.656457e-05
Formal/fm197.mp3.wav,test,3.242423e-05,5.3291733e-06,4.1897368e-07,0.9998919,9.046501e-07,3.295249e-09,5.411294e-08,1.12097394e-10,6.892482e-05
Formal/fm198.mp3.wav,val,3.393526e-05,3.2384876e-06,2.6260898e-07,0.9999082,6.6594066e-07,2.122885e-09,4.47493e-08,6.138104e-11,5.3666274e-05
Formal/fm2.mp3.wav,val,0.00012897426,4.3016803e-06,1.3549419e-07,0.9998462,4.412773e-06,1.44334695e-08,1.4467489e-07,7.041016e-11,1.5827225e-05
Formal/fm20.mp3.wav,test,0.00018698673,4.7093126e-06,1.9661492e-07,0.9997938,3.8484154e-06,2.3595847e-08,1.9257388e-07,5.435798e-11,1.01649575e-05
Formal/fm201.mp3.wav,val,8.632345e-06,0.018417245,1.0388133e-06,0.98156023,6.092979e-06,1.1042717e-07,1.2684213e-09,1.059834e-09,6.6476723e-06
Formal/fm203.mp3.wav,test,1.1081017e-05,1.819679e-05,1.835944e-07,0.99994504,6.8168913e-07,2.5692952e-09,8.284917e-09,5.1577256e-11,2.4737676e-05
Formal/fm21.mp3.wav,test,3.2572076e-05,4.646903e-06,2.4353488e-07,0.99995315,8.273062e-07,8.041225e-09,5.9486002e-08,2.9002733e-11,8.490873e-06
Formal/fm216.mp3.wav,val,1.569006e-05,2.809854e-05,2.4927994e-07,0.9999521,1.2530836e-06,2.3138137e-08,1.8804643e-08,4.1784607e-11,2.5754377e-06
Formal/fm217.mp3.wav,val,3.3181168e-06,0.12486692,1.4451658e-05,0.87509966,9.628118e-06,5.385265e-06,5.45992e-09,6.757769e-09,6.7518175e-07
Formal/fm218.mp3.wav,val,0.00011072383,5.40833e-05,1.410258e-07,0.99980694,1.7735894e-05,6.850864e-08,5.883709e-08,2.727225e-10,1.0283296e-05
Formal/fm22.mp3.wav,test,6.9527254e-05,4.535744e-06,1.5227907e-07,0.999915,2.1815893e-06,1.2676926e-08,8.6635694e-08,3.633874e-11,8.559639e-06
Formal/fm224.mp3.wav,test,9.5409756e-05,1.835694e-05,1.8496978e-05,0.9878656,3.0699394e-07,2.6390636e-09,4.6967585e-07,2.9821916e-09,0.01200133
Formal/fm229.mp3.wav,test,4.301155e-05,4.277089e-06,2.5102966e-07,0.9999238,1.2067719e-06,5.952384e-09,6.97543e-08,6.734939e-11,2.7282218e-05
Formal/fm233.mp3.wav,test,2.4996905e-05,5.622885e-06,4.1293418e-07,0.99995553,6.3904554e-07,9.482421e-09,6.877073e-08,5.07495e-11,1.2779387e-05
Formal/fm236.mp3.wav,val,2.2016555e-05,5.116125e-06,3.7521167e-07,0.99995613,6.062003e-07,6.450673e-09,5.5339026e-08,5.0461507e-11,1.5747537e-05
Formal/fm242.mp3.wav,val,0.00012287231,4.5044935e-06,1.7617548e-07,0.99985814,1.3767832e-06,8.652982e-09,6.240196e-08,3.9352015e-11,1.2767411e-05
Formal/fm249.mp3.wav,test,3.3296612e-05,2.9057903e-06,4.3971193e-07,0.9999237,6.8303075e-07,4.9165383e-09,1.09847804e-07,7.497419e-11,3.8861104e-05
Formal/fm27.mp3.wav,test,8.588575e-05,6.593519e-06,3.901655e-07,0.99989617,1.1274728e-06,1.6289611e-08,1.1876406e-07,4.493163e-11,9.797135e-06
Formal/fm37.mp3.wav,val,0.00016386149,1.4809517e-05,8.9375874e-07,0.99981385,1.2958308e-06,8.81897e-08,2.5882775e-07,6.094689e-11,4.945796e-06
Formal/fm40.mp3.wav,test,4.2356325e-05,1.8148978e-05,4.057801e-07,0.9999337,1.0357421e-06,2.5978977e-08,4.7137235e-08,4.0178832e-11,4.2745746e-06
Formal/fm42.mp3.wav,test,0.0003685796,2.6128941e-06,1.5981938e-07,0.9995833,7.769598e-06,1.6901112e-08,3.943838e-07,1.2970659e-10,3.717706e-05
Formal/fm43.mp3.wav,test,0.010795945,2.886879e-06,7.204454e-07,0.9889591,3.7748916e-05,1.4983722e-07,1.1103931e-05,9.85734e-10,0.00019233568
Formal/fm44.mp3.wav,val,0.012290672,3.0794768e-06,5.432386e-07,0.9874587,7.366615e-05,2.0894697e-07,1.1536507e-05,1.2693365e-09,0.00016152249
Formal/fm47.mp3.wav,val,0.00016249483,9.319514e-06,9.85166e-08,0.9998005,4.005946e-06,9.027309e-09,4.6991012e-08,5.659839e-11,2.3529796e-05
Formal/fm50.mp3.wav,val,7.413417e-05,1.697101e-05,3.3406204e-06,0.999899,3.1151507e-07,5.5986867e-08,1.6740225e-07,5.9218706e-11,5.9300796e-06
Formal/fm56.mp3.wav,val,9.137322e-05,3.39606e-06,1.6628573e-07,0.9998884,2.57173e-06,1.17309735e-08,1.3191281e-07,5.2786914e-11,1.3902681e-05
Formal/fm60.mp3.wav,test,8.867334e-05,5.279611e-06,1.1313367e-07,0.9998932,2.845826e-06,1.0680388e-08,6.374393e-08,3.9751258e-11,9.813694e-06
Formal/fm63.mp3.wav,test,0.0010760344,2.6989742e-06,2.528315e-07,0.9987827,9.715756e-06,1.9921247e-08,1.0208446e-06,2.3780458e-10,0.00012752274
Formal/fm68.mp3.wav,test,4.892327e-05,3.4539921e-06,2.2961953e-07,0.99993455,1.2256336e-06,8.418139e-09,9.7163905e-08,3.9449263e-11,1.1537443e-05
Formal/fm70.mp3.wav,test,0.000309467,4.0883233e-06,1.14064584e-07,0.999648,1.1215202e-05,1.8020328e-08,2.2758167e-07,1.1092084e-10,2.6902819e-05
Formal/fm72.mp3.wav,test,0.00026713248,2.9262558e-06,2.9902282e-07,0.99970275,2.1244387e-06,1.4620183e-08,3.354046e-07,5.9329174e-11,2.4297427e-05
Formal/fm75.mp3.wav,test,7.0096554e-05,3.5376195e-06,3.8581848e-07,0.9999112,9.786482e-07,1.238284e-08,1.5173372e-07,4.6691026e-11,1.35704995e-05
Formal/fm77.mp3.wav,test,0.00021250581,2.096224e-06,1.7461579e-07,0.99972814,4.7524536e-06,9.7382555e-09,3.0119645e-07,1.16196615e-10,5.1904637e-05
Formal/fm78.mp3.wav,val,0.00029097014,2.7327285e-06,1.2982575e-07,0.9996418,7.353149e-06,9.866262e-09,2.5007537e-07,1.1782013e-10,5.6737856e-05
Formal/fm87.mp3.wav,val,3.8045077e-05,4.1237263e-06,2.2037054e-07,0.9999293,1.3624308e-06,5.0426814e-09,6.778908e-08,6.887436e-11,2.676305e-05
Formal/fm93.mp3.wav,test,1.1756516e-05,3.15663e-05,2.069197e-07,0.9999294,1.0411143e-06,3.4282732e-09,9.575428e-09,8.0707725e-11,2.6007461e-05
Formal/fm94.mp3.wav,test,3.337448e-05,6.142444e-06,2.1634808e-07,0.999944,7.1771467e-07,4.2760506e-09,2.8206333e-08,3.789625e-11,1.5514092e-05
Formal/fv102.mp3.wav,test,1.7096434e-05,3.6519118e-06,2.7195196e-07,0.9999707,3.0268325e-07,3.996421e-09,3.0255553e-08,1.8167913e-11,7.88962e-06
Formal/fv104.mp3.wav,val,2.7093205e-05,2.6413409e-06,2.4172803e-07,0.9999602,4.6805044e-07,4.998548e-09,5.2477063e-08,2.2607508e-11,9.347673e-06
Formal/fv105.mp3.wav,val,2.4183399e-05,3.5590695e-06,2.3827322e-07,0.9999653,5.9203774e-07,7.360984e-09,5.1593236e-08,2.3182229e-11,6.0921925e-06
Formal/fv107.mp3.wav,test,2.2794418e-05,3.8739186e-06,2.3735538e-07,0.99996626,5.5591664e-07,6.808674e-09,4.4513445e-08,2.2154141e-11,6.1348414e-06
Formal/fv119.mp3.wav,val,1.8003082e-05,4.7415274e-06,2.6782135e-07,0.99997175,4.055212e-07,6.327851e-09,3.1534483e-08,1.737151e-11,4.766591e-06
Formal/fv120.mp3.wav,test,1.9133962e-05,4.0364857e-06,2.7490066e-07,0.99996996,3.2638445e-07,4.937479e-09,3.253966e-08,1.6933569e-11,6.2161844e-06
Formal/fv123.mp3.wav,test,1.8545266e-05,6.3319108e-06,2.9794228e-07,0.9999707,4.421189e-07,8.700861e-09,3.167696e-08,1.8261717e-11,3.6951287e-06
Formal/fv129.mp3.wav,test,1.5951413e-05,5.846305e-06,2.7214676e-07,0.9999734,3.4954505e-07,6.126439e-09,2.453253e-08,1.5367861e-11,4.1533244e-06
Formal/fv131.mp3.wav,val,1.6834792e-05,6.8537743e-06,2.56419e-07,0.9999722,3.9254584e-07,7.5595095e-09,2.3137677e-08,1.5261578e-11,3.3363979e-06
Formal/fv137.mp3.wav,test,1.0268048e-05,1.4411289e-05,2.7972598e-07,0.9999728,4.0698225e-07,1.0909227e-08,1.3470558e-08,1.5125614e-11,1.7983738e-06
Formal/fv141.mp3.wav,val,2.2994578e-05,5.422212e-06,2.912375e-07,0.9999666,5.401055e-07,9.118387e-09,3.8932782e-08,2.0149242e-11,4.0564114e-06
Formal/fv146.mp3.wav,test,1.8141984e-05,3.5134608e-06,2.1215449e-07,0.99996996,3.755301e-07,3.7732897e-09,2.7960985e-08,1.778886e-11,7.742743e-06
Formal/fv148.mp3.wav,test,2.1719154e-05,4.048231e-06,2.7834986e-07,0.99996865,4.3376764e-07,7.421162e-09,4.2753598e-08,1.9015381e-11,4.804643e-06
Formal/fv152.mp3.wav,test,1.591218e-05,5.1360507e-06,3.1084699e-07,0.99997425,3.486594e-07,7.898805e-09,3.3369517e-08,1.7420463e-11,4.058722e-06
Formal/fv153.mp3.wav,test,1.7227201e-05,4.9186e-06,2.3599553e-07,0.9999628,5.251096e-07,3.7265586e-09,2.8995368e-08,3.2605602e-11,1.4281811e-05
Formal/fv157.mp3.wav,test,1.5920448e-05,6.9269036e-06,2.4203428e-07,0.99997306,4.7647626e-07,7.481782e-09,2.305479e-08,1.7015406e-11,3.383145e-06
Formal/fv161.mp3.wav,val,1.3484978e-05,6.1180617e-06,3.9783416e-07,0.99997497,2.2692541e-07,5.652977e-09,2.355506e-08,1.6414538e-11,4.7957833e-06
Formal/fv162.mp3.wav,test,1.5785256e-05,5.7409493e-06,2.7457762e-07,0.9999738,3.9235897e-07,6.8948998e-09,2.6919839e-08,1.7055512e-11,4.0235377e-06
Formal/fv165.mp3.wav,test,1.5169017e-05,4.8099005e-06,2.8350996e-07,0.99997413,3.0673306e-07,5.1765476e-09,2.6055357e-08,1.6315796e-11,5.325979e-06
Formal/fv17.mp3.wav,test,1.9396673e-05,3.910622e-06,2.0579768e-07,0.9999701,4.334883e-07,4.9307785e-09,3.0546445e-08,1.6866201e-11,5.8733162e-06
Formal/fv175.mp3.wav,val,1.6708344e-05,6.410288e-06,2.1423206e-07,0.99997234,4.771244e-07,6.982927e-09,2.4882787e-08,1.6093295e-11,3.7817922e-06
Formal/fv178.mp3.wav,test,1.6323704e-05,5.790206e-06,2.0859069e-07,0.99997306,4.3379356e-07,6.103728e-09,2.3608857e-08,1.5127349e-11,4.095972e-06
Formal/fv184.mp3.wav,val,1.6755064e-05,4.0513555e-06,2.2014099e-07,0.99997246,3.466559e-07,4.5568007e-09,2.8049724e-08,1.5033055e-11,6.177444e-06
Formal/fv190.mp3.wav,test,1.5063925e-05,7.1865857e-06,2.89974e-07,0.99997413,3.2808975e-07,7.810847e-09,2.3272094e-08,1.4176625e-11,3.0335575e-06
Formal/fv198.mp3.wav,val,1.9994672e-05,5.1675047e-06,2.8368956e-07,0.9999703,3.8922738e-07,7.810861e-09,3.4761538e-08,1.5692064e-11,3.852823e-06
Formal/fv20.mp3.wav,val,2.0160627e-05,4.017183e-06,3.607667e-07,0.99996865,2.4985363e-07,5.2633955e-09,3.6575155e-08,1.6576308e-11,6.459814e-06
Formal/fv203.mp3.wav,test,1.5689327e-05,5.709801e-06,2.672326e-07,0.999974,3.4850208e-07,6.79793e-09,2.7204354e-08,1.5311462e-11,3.9159218e-06
Formal/fv206.mp3.wav,test,1.0770621e-05,1.1926391e-05,2.575946e-07,0.99997425,3.351522e-07,7.586592e-09,1.2952328e-08,1.34761325e-11,2.5091485e-06
Formal/fv212.mp3.wav,test,1.6569558e-05,9.655245e-06,2.6069657e-07,0.99996924,3.9339463e-07,7.3601285e-09,1.7611331e-08,1.6238752e-11,3.8476924e-06
Formal/fv214.mp3.wav,val,1.9669384e-05,4.9586038e-06,2.330648e-07,0.9999701,3.811028e-07,5.8613217e-09,2.7644036e-08,1.5116863e-11,4.6122e-06
Formal/fv224.mp3.wav,test,1.7966307e-05,6.015916e-06,2.4166258e-07,0.9999715,3.9796257e-07,6.6522796e-09,2.399465e-08,1.5104347e-11,3.816371e-06
Formal/fv225.mp3.wav,val,1.9187053e-05,6.2331887e-06,2.5891717e-07,0.99997044,4.8719966e-07,8.811704e-09,2.9614265e-08,1.7018314e-11,3.4405543e-06
Formal/fv229.mp3.wav,val,1.7099917e-05,7.693253e-06,2.0207992e-07,0.99997115,4.374732e-07,6.8108115e-09,1.7775308e-08,1.36043425e-11,3.305761e-06
Formal/fv232.mp3.wav,test,2.4291912e-05,5.557948e-06,2.1385509e-07,0.99996495,5.283115e-07,7.0656454e-09,2.8861352e-08,1.6674771e-11,4.4380126e-06
Formal/fv237.mp3.wav,val,1.823872e-05,7.966782e-06,2.3771172e-07,0.9999702,4.858809e-07,8.910267e-09,2.182361e-08,1.5380482e-11,2.8672018e-06
Formal/fv238.mp3.wav,test,1.6105609e-05,9.817596e-06,2.1269602e-07,0.99997115,5.0242005e-07,9.510318e-09,1.6948867e-08,1.3558905e-11,2.1783626e-06
Formal/fv239.mp3.wav,test,1.9586592e-05,6.282397e-06,2.6609018e-07,0.99996996,4.5702294e-07,8.646905e-09,2.7972561e-08,1.6829375e-11,3.3892347e-06
Formal/fv24.mp3.wav,val,1.8599068e-05,3.7169375e-06,2.601209e-07,0.9999683,3.7210071e-07,4.447507e-09,3.453565e-08,2.1705391e-11,8.696258e-06
Formal/fv245.mp3.wav,test,1.7592016e-05,7.558263e-06,2.463409e-07,0.9999709,4.7794884e-07,8.522228e-09,2.4360274e-08,1.6441985e-11,3.280723e-06
Formal/fv247.mp3.wav,test,1.8474848e-05,6.253289e-06,2.1553478e-07,0.99997044,5.331404e-07,7.700144e-09,2.7194814e-08,1.7791584e-11,4.051637e-06
Formal/fv31.mp3.wav,test,1.618135e-05,4.5552624e-06,2.5108886e-07,0.9999727,3.7768427e-07,5.0345874e-09,2.6981082e-08,1.8453737e-11,5.8768783e-06
Formal/fv32.mp3.wav,test,1.4630673e-05,4.6364075e-06,2.3244864e-07,0.999974,3.5246757e-07,4.284932e-09,2.244189e-08,1.6919207e-11,6.069189e-06
Formal/fv38.mp3.wav,val,2.2231974e-05,2.4328756e-06,2.6976608e-07,0.99996173,3.4612594e-07,3.2928467e-09,4.4460045e-08,2.2944386e-11,1.2996359e-05
Formal/fv4.mp3.wav,test,1.8580311e-05,3.6314577e-06,1.9972599e-07,0.9999702,4.342584e-07,4.2128154e-09,3.0060658e-08,1.7862371e-11,7.000272e-06
Formal/fv43.mp3.wav,val,1.555246e-05,6.908072e-06,2.843774e-07,0.99997354,4.6001114e-07,8.933424e-09,2.8210879e-08,1.8226936e-11,3.2342148e-06
Formal/fv48.mp3.wav,test,2.4617528e-05,3.7722477e-06,2.9200183e-07,0.99996495,3.284336e-07,5.6615526e-09,3.8485233e-08,1.6240603e-11,5.9618014e-06
Formal/fv50.mp3.wav,val,2.205899e-05,3.2723783e-06,2.5678125e-07,0.99996567,3.1391005e-07,4.0240593e-09,3.559461e-08,1.673692e-11,8.443877e-06
Formal/fv51.mp3.wav,test,1.839717e-05,7.3210717e-06,2.715854e-07,0.99997044,5.7273655e-07,1.0817206e-08,3.146427e-08,1.9083506e-11,2.915642e-06
Formal/fv6.mp3.wav,test,1.4835023e-05,4.391167e-06,1.9617931e-07,0.9999734,4.1880412e-07,3.8769485e-09,2.2467917e-08,1.8384645e-11,6.749114e-06
Formal/fv60.mp3.wav,test,1.591488e-05,4.79221e-06,2.1534969e-07,0.9999734,4.854651e-07,5.841787e-09,2.8846626e-08,1.9975766e-11,5.1446646e-06
Formal/fv64.mp3.wav,val,1.75769e-05,6.0352636e-06,2.7020354e-07,0.99997234,4.153512e-07,7.844081e-09,2.7777823e-08,1.6157485e-11,3.2433966e-06
Formal/fv66.mp3.wav,test,2.2873215e-05,2.7845858e-06,2.5614708e-07,0.99996483,3.8064678e-07,4.455116e-09,4.684248e-08,2.0893317e-11,8.86854e-06
Formal/fv70.mp3.wav,test,2.125803e-05,3.1247505e-06,2.2799273e-07,0.9999676,3.491096e-07,4.2958046e-09,3.7583426e-08,1.7135685e-11,7.4073064e-06
Formal/fv72.mp3.wav,test,2.0857286e-05,3.4821767e-06,3.4159865e-07,0.99996865,2.7019044e-07,5.6294533e-09,4.4718895e-08,1.713835e-11,6.3390753e-06
Formal/fv74.mp3.wav,val,2.6705633e-05,3.5547353e-06,6.075354e-07,0.99995124,2.542521e-07,5.358153e-09,6.8629966e-08,3.6709562e-11,1.748938e-05
Formal/fv75.mp3.wav,test,2.247413e-05,4.6582913e-06,5.374984e-07,0.99996316,2.7823714e-07,7.3684134e-09,5.4885096e-08,2.8795988e-11,8.784057e-06
Formal/fv76.mp3.wav,test,1.8578117e-05,4.8937227e-06,5.2216336e-07,0.99996376,2.2798687e-07,5.097173e-09,4.2321837e-08,2.811114e-11,1.1990211e-05
Formal/fv80.mp3.wav,test,1.717007e-05,4.1583444e-06,3.6415898e-07,0.9999721,2.4613686e-07,6.0749064e-09,3.8327205e-08,1.6664494e-11,5.918654e-06
Formal/fv81.mp3.wav,test,2.5810772e-05,2.7140993e-06,5.3424316e-07,0.9999529,2.3256169e-07,4.95617e-09,8.2789356e-08,3.0338065e-11,1.7711573e-05
Formal/fv92.mp3.wav,val,2.808377e-05,2.6045159e-06,2.6530083e-07,0.99995744,4.12796e-07,4.402214e-09,5.265548e-08,2.2525322e-11,1.1131157e-05
Formal/fv97.mp3.wav,val,1.6002396e-05,5.7022285e-06,2.575401e-07,0.99997354,3.989677e-07,6.9342523e-09,2.6012536e-08,1.707927e-11,4.039381e-06
Formal/mv1.mp3.wav,val,1.4673473e-05,4.7495764e-06,2.346859e-07,0.99997306,3.4764898e-07,3.9010173e-09,2.071871e-08,1.8160059e-11,6.9295725e-06
Formal/mv102.mp3.wav,test,2.924045e-05,2.3801115e-06,1.7997739e-07,0.99995434,5.594409e-07,3.5886427e-09,4.6932495e-08,2.37778e-11,1.3192845e-05
Formal/mv111.mp3.wav,test,2.4799469e-05,3.158147e-06,1.7312603e-07,0.9999641,5.681669e-07,5.2269162e-09,3.9031207e-08,1.8730172e-11,7.0856245e-06
Formal/mv112.mp3.wav,test,2.1208747e-05,4.0730383e-06,1.8876565e-07,0.9999639,4.7489772e-07,3.7421186e-09,2.6216654e-08,2.1398315e-11,1.0178048e-05
Formal/mv113.mp3.wav,test,1.8861052e-05,4.1034173e-06,1.8835777e-07,0.99996936,4.4380215e-07,4.4533266e-09,2.6037396e-08,1.7704295e-11,7.009218e-06
Formal/mv116.mp3.wav,test,1.19788365e-05,5.2869664e-06,3.3873212e-07,0.9999751,2.0252001e-07,3.7006305e-09,1.8973147e-08,1.6403616e-11,7.1725835e-06
Formal/mv119.mp3.wav,val,2.5548172e-05,2.9062442e-06,2.570566e-07,0.9999635,4.1091633e-07,5.3114637e-09,4.6667544e-08,1.9378199e-11,7.368167e-06
Formal/mv12.mp3.wav,val,1.0372263e-05,7.2789203e-06,2.702946e-07,0.99997747,3.2827802e-07,5.568418e-09,1.660021e-08,1.7742438e-11,4.3007726e-06
Formal/mv126.mp3.wav,val,2.2270317e-05,2.8901495e-06,1.845311e-07,0.99996436,4.7540414e-07,3.733885e-09,3.6051595e-08,2.006777e-11,9.8115015e-06
Formal/mv129.mp3.wav,test,2.6013098e-05,2.7204965e-06,2.1458442e-07,0.99995637,4.755332e-07,3.520367e-09,4.3827246e-08,2.4964733e-11,1.4142725e-05
Formal/mv134.mp3.wav,test,1.7804201e-05,3.4988975e-06,2.515202e-07,0.99996865,3.1558082e-07,3.5895567e-09,2.9015677e-08,1.8184967e-11,9.52774e-06
Formal/mv136.mp3.wav,test,2.3871231e-05,3.259739e-06,1.8773588e-07,0.99996483,5.4560815e-07,5.313243e-09,4.1398472e-08,1.982052e-11,7.3029e-06
Formal/mv139.mp3.wav,val,1.4024833e-05,5.76275e-06,2.1377647e-07,0.99997497,4.1866738e-07,5.2223195e-09,1.9640865e-08,1.7250227e-11,4.6698533e-06
Formal/mv142.mp3.wav,test,1.0452447e-05,8.070635e-06,3.2512528e-07,0.9999765,2.8583264e-07,6.4021055e-09,1.8486316e-08,1.8333403e-11,4.2978204e-06
Formal/mv145.mp3.wav,test,2.0193267e-05,4.5149277e-06,1.7682186e-07,0.99996984,6.0510774e-07,6.7407178e-09,3.1850693e-08,1.8286065e-11,4.6535797e-06
Formal/mv147.mp3.wav,test,1.37706575e-05,6.963147e-06,3.5695652e-07,0.99997413,2.4988788e-07,6.068203e-09,2.1530559e-08,1.6423795e-11,4.4958056e-06
Formal/mv151.mp3.wav,test,1.38911755e-05,5.382391e-06,2.3373373e-07,0.9999751,4.045507e-07,5.329609e-09,2.1827256e-08,1.8174092e-11,4.9782066e-06
Formal/mv154.mp3.wav,val,1.2801972e-05,8.89309e-06,2.43361e-07,0.9999751,4.4123377e-07,8.178511e-09,1.666387e-08,1.5185892e-11,2.5035506e-06
Formal/mv16.mp3.wav,val,1.1482337e-05,8.614065e-06,3.2533052e-07,0.99997425,2.4633584e-07,4.6566124e-09,1.4275907e-08,1.6408486e-11,5.1384764e-06
Formal/mv160.mp3.wav,test,1.7229338e-05,7.3660044e-06,3.3792392e-07,0.9999647,3.7802832e-07,5.128022e-09,2.5245294e-08,2.9639877e-11,9.913073e-06
Formal/mv163.mp3.wav,val,1.3527846e-05,7.5855105e-06,2.3352453e-07,0.99997413,4.3264876e-07,7.0331985e-09,2.0542645e-08,1.8299227e-11,3.9996094e-06
Formal/mv165.mp3.wav,test,1.4745013e-05,4.953149e-06,1.7975792e-07,0.99997294,4.816075e-07,4.273273e-09,2.1230276e-08,2.0025884e-11,6.638098e-06
Formal/mv17.mp3.wav,test,1.4231958e-05,5.356631e-06,2.9847695e-07,0.9999708,2.531726e-07,3.3922105e-09,1.957709e-08,1.906452e-11,8.991165e-06
Formal/mv171.mp3.wav,test,1.1930191e-05,6.0757575e-06,2.6540928e-07,0.99997616,2.9180717e-07,4.51902e-09,1.6869034e-08,1.6071975e-11,5.2252676e-06
Formal/mv175.mp3.wav,val,3.1312433e-05,2.6500882e-06,1.648242e-07,0.9999542,5.99789e-07,4.308236e-09,4.390379e-08,2.192114e-11,1.1024673e-05
Formal/mv183.mp3.wav,val,1.8020863e-05,3.2138669e-06,5.039353e-07,0.9999641,1.5252492e-07,3.321378e-09,3.8503114e-08,2.0591128e-11,1.3954504e-05
Formal/mv185.mp3.wav,val,2.2419774e-05,3.3766194e-06,3.511167e-07,0.99996305,2.8689112e-07,4.6320316e-09,4.219438e-08,2.1933379e-11,1.0550854e-05
Formal/mv187.mp3.wav,test,3.0018848e-05,3.198122e-06,3.038081e-07,0.9999502,4.6493386e-07,4.6920725e-09,5.396622e-08,3.254176e-11,1.5773116e-05
Formal/mv188.mp3.wav,test,2.221454e-05,3.5221321e-06,2.7696896e-07,0.999964,3.9274744e-07,5.012659e-09,4.0262425e-08,2.2811695e-11,9.555531e-06
Formal/mv195.mp3.wav,test,1.9002915e-05,4.1876124e-06,2.0827095e-07,0.9999697,4.2271773e-07,4.635872e-09,2.737282e-08,1.6313203e-11,6.411463e-06
Formal/mv198.mp3.wav,test,2.1915828e-05,3.4319507e-06,2.0117345e-07,0.99996626,4.4964708e-07,4.3249844e-09,3.278793e-08,1.7571156e-11,7.647679e-06
Formal/mv200.mp3.wav,val,2.4347415e-05,2.6332448e-06,1.7358992e-07,0.9999602,5.1711316e-07,3.2260556e-09,3.6663412e-08,2.0776861e-11,1.2136561e-05
Formal/mv208.mp3.wav,val,1.884837e-05,4.35205e-06,1.9143415e-07,0.99996996,4.833887e-07,5.0422906e-09,2.695673e-08,1.7991515e-11,6.1029386e-06
Formal/mv211.mp3.wav,val,2.4001632e-05,2.5363001e-06,2.1318137e-07,0.99996054,4.799894e-07,3.9018984e-09,4.529894e-08,2.3143286e-11,1.2268952e-05
Formal/mv216.mp3.wav,test,1.7331897e-05,5.226784e-06,1.635971e-07,0.9999716,5.809138e-07,5.4798712e-09,2.4070426e-08,1.7628588e-11,4.9712294e-06
Formal/mv223.mp3.wav,val,2.2136517e-05,2.599413e-06,2.3711831e-07,0.9999646,3.85877e-07,4.1768593e-09,4.8669925e-08,2.0045894e-11,9.992242e-06
Formal/mv226.mp3.wav,val,2.2478684e-05,2.853933e-06,1.9049104e-07,0.9999627,4.8113617e-07,3.832032e-09,3.9374278e-08,2.2357352e-11,1.1273344e-05
Formal/mv228.mp3.wav,test,2.1722555e-05,3.3743763e-06,2.1414738e-07,0.9999651,5.0659133e-07,4.638026e-09,4.0326878e-08,2.259236e-11,9.162591e-06
Formal/mv230.mp3.wav,val,2.582304e-05,2.9478194e-06,2.4260072e-07,0.99996173,4.934026e-07,5.674378e-09,5.2039965e-08,2.3235932e-11,8.706392e-06
Formal/mv233.mp3.wav,val,1.9029709e-05,3.5474604e-06,2.1735222e-07,0.99996924,4.1131702e-07,4.461079e-09,3.1994e-08,1.908108e-11,7.5272255e-06
Formal/mv239.mp3.wav,val,2.350976e-05,3.5032126e-06,2.6660783e-07,0.9999652,5.004202e-07,6.47672e-09,4.8923948e-08,2.2066989e-11,7.0767987e-06
Formal/mv240.mp3.wav,val,1.949985e-05,2.6485102e-06,2.1701021e-07,0.99996424,4.0412792e-07,3.282433e-09,4.0536136e-08,2.1295556e-11,1.2939403e-05
Formal/mv246.mp3.wav,val,2.2516044e-05,2.815218e-06,2.2789754e-07,0.99996483,4.4045777e-07,4.761289e-09,4.6354803e-08,2.0677569e-11,9.113708e-06
Formal/mv26.mp3.wav,val,2.0237647e-05,5.1355823e-06,1.4838844e-07,0.99996877,8.2958906e-07,6.7892776e-09,2.8369277e-08,2.0837125e-11,4.8220136e-06
Formal/mv27.mp3.wav,val,1.518189e-05,8.664268e-06,1.6168761e-07,0.99997175,7.602435e-07,8.117563e-09,1.7911828e-08,1.9601739e-11,3.3792066e-06
Formal/mv28.mp3.wav,val,1.751489e-05,5.4650163e-06,2.303622e-07,0.99997175,4.9753305e-07,6.6384027e-09,2.7360247e-08,1.8440877e-11,4.5333504e-06
Formal/mv31.mp3.wav,val,1.6262897e-05,5.2644946e-06,2.2643378e-07,0.9999728,3.946459e-07,5.1578444e-09,2.2704498e-08,1.6808091e-11,5.0619074e-06
Formal/mv35.mp3.wav,test,8.231455e-06,5.2443276e-05,4.5909655e-07,0.9999374,3.2754593e-07,1.862905e-08,6.6124084e-09,1.4436526e-11,1.0502362e-06
Formal/mv36.mp3.wav,test,1.0200269e-05,2.2543285e-05,5.004781e-07,0.9999647,2.1028427e-07,1.0897201e-08,9.8819e-09,1.2593354e-11,1.8256308e-06
Formal/mv39.mp3.wav,val,1.5674546e-05,5.663555e-06,3.1571994e-07,0.99997175,2.2459622e-07,4.554721e-09,2.1809246e-08,1.5448597e-11,6.2768263e-06
Formal/mv40.mp3.wav,test,1.6557067e-05,4.4266712e-06,3.2194166e-07,0.9999715,2.3441174e-07,4.381794e-09,2.7019984e-08,1.6111586e-11,6.8976433e-06
Formal/mv44.mp3.wav,test,1.3753365e-05,5.3615067e-06,2.8229357e-07,0.99997556,2.987683e-07,5.4614655e-09,2.2559302e-08,1.599832e-11,4.718441e-06
Formal/mv46.mp3.wav,test,1.4725089e-05,3.8961307e-06,2.6732388e-07,0.9999722,2.8737102e-07,3.4700907e-09,2.502796e-08,1.7898013e-11,8.514218e-06
Formal/mv47.mp3.wav,test,1.5416017e-05,3.7060029e-06,2.6810426e-07,0.9999709,3.078577e-07,3.5936063e-09,2.7752629e-08,1.9855945e-11,9.3426925e-06
Formal/mv59.mp3.wav,test,1.4903576e-05,4.4548947e-06,2.8512372e-07,0.9999709,3.2998182e-07,3.8365835e-09,2.5319904e-08,2.3569086e-11,9.178045e-06
Formal/mv6.mp3.wav,test,1.3457242e-05,4.998973e-06,2.586543e-07,0.99997413,3.0755322e-07,3.885754e-09,1.935834e-08,1.8309387e-11,6.8662503e-06
Formal/mv62.mp3.wav,val,1.3834155e-05,4.3383143e-06,2.5545194e-07,0.9999721,2.5551873e-07,2.983837e-09,1.9954522e-08,1.7181189e-11,9.2115e-06
Formal/mv68.mp3.wav,test,1.62282e-05,4.6960827e-06,3.4378266e-07,0.9999713,2.640092e-07,4.6749395e-09,2.7705248e-08,1.9304863e-11,7.1962013e-06
Formal/mv78.mp3.wav,val,1.8914681e-05,4.04313e-06,3.8486164e-07,0.99997056,2.1958117e-07,5.4154032e-09,3.452776e-08,1.5775043e-11,5.8632954e-06
Formal/mv82.mp3.wav,test,2.0695012e-05,3.090768e-06,2.2167995e-07,0.9999666,4.026505e-07,4.2874593e-09,3.6952684e-08,1.9581347e-11,8.924706e-06
Formal/mv88.mp3.wav,test,2.4203924e-05,2.5985366e-06,2.2299314e-07,0.99996114,4.146207e-07,4.0432284e-09,4.490335e-08,2.111486e-11,1.1297823e-05
Formal/mv89.mp3.wav,val,1.1075392e-05,6.1823644e-06,2.9605414e-07,0.9999771,2.537604e-07,4.552131e-09,1.8065291e-08,1.5439254e-11,5.013789e-06
Formal/mv94.mp3.wav,test,1.3777551e-05,7.5161206e-06,1.981369e-07,0.99997485,5.299633e-07,7.627164e-09,1.8926372e-08,1.6565319e-11,3.0747472e-06
Formal/mv95.mp3.wav,test,1.4647511e-05,5.9253134e-06,2.3672743e-07,0.99997413,4.3306034e-07,6.719643e-09,2.4312543e-08,1.8313264e-11,4.550154e-06
Formal/record20190809231741 - Zakaria Hossain.3gpp.wav,test,3.400825e-05,3.6323447e-06,3.849452e-07,0.99995303,3.554106e-07,7.408671e-09,6.408164e-08,2.333468e-11,8.509502e-06
Formal/record20190809231759 - Zakaria Hossain.3gpp.wav,val,2.7759268e-05,2.4319265e-06,2.7917335e-07,0.9999597,3.6312412e-07,5.04628e-09,6.006271e-08,2.0250239e-11,9.430808e-06
Mymensingh/mymn1006.wav,val,1.9287418e-07,9.907551e-06,6.7195015e-07,2.8197015e-08,8.677088e-06,0.9999721,7.855784e-06,5.8870756e-07,1.08111835e-11
Mymensingh/mymn1008.wav,val,3.25258e-06,1.4675746e-06,4.6351445e-07,1.0906218e-07,3.1755662e-05,0.99921227,0.0007503824,4.0719002e-07,6.953167e-11
Mymensingh/mymn1014.wav,test,1.2100794e-07,3.8711278e-05,6.8492466e-07,3.8817095e-08,1.5912536e-05,0.99994135,2.191755e-06,9.73881e-07,1.10446175e-11
Mymensingh/mymn1020.wav,val,4.3729915e-06,0.0021952945,3.4778616e-06,2.0285936e-06,8.7184766e-05,0.9977023,4.2278834e-06,1.0770337e-06,1.5719917e-10
Mymensingh/mymn1023.wav,test,6.6638495e-07,0.0002053413,5.145144e-07,1.9751971e-07,8.026241e-05,0.99971026,1.9008105e-06,9.02301e-07,2.5211791e-11
Mymensingh/mymn1030.wav,test,2.6391578e-07,0.00022437122,8.694885e-07,6.80864e-08,2.7001857e-05,0.9997452,9.778263e-07,1.289696e-06,1.6896215e-11
Mymensingh/mymn1031.wav,val,2.9278686e-07,0.00015759422,1.1099776e-06,7.4384786e-08,1.5854112e-05,0.99982315,1.2522554e-06,7.839755e-07,1.5908982e-11
Mymensingh/mymn1032.wav,val,1.9468023e-07,1.4312841e-05,1.2318962e-06,1.9805654e-08,4.365228e-06,0.999974,5.217329e-06,6.422809e-07,1.1502366e-11
Mymensingh/mymn1034.wav,test,2.7288783e-07,3.427538e-06,4.228037e-07,1.971839e-08,1.0661105e-05,0.99996233,2.2218614e-05,5.334626e-07,1.08926704e-11
Mymensingh/mymn1036.wav,test,1.4690123e-07,2.0496062e-05,7.2039217e-07,2.442812e-08,1.0793273e-05,0.99996364,3.3066192e-06,8.2022717e-07,1.0154532e-11
Mymensingh/mymn1038.wav,val,1.2118961e-07,1.9688398e-05,4.7084566e-07,1.72345e-08,1.8967456e-05,0.9999559,3.5028424e-06,1.4353458e-06,1.028309e-11
Mymensingh/mymn1041.wav,val,2.8893833e-06,0.00022428755,1.2205844e-06,5.200704e-07,3.1046708e-05,0.9997346,5.1595257e-06,3.6204077e-07,5.3764562e-11
Mymensingh/mymn1045.wav,val,3.939852e-07,0.00014368483,1.8958892e-06,7.979069e-08,9.03828e-06,0.99983954,4.4317003e-06,8.892873e-07,2.3336126e-11
Mymensingh/mymn1048.wav,test,4.529012e-07,0.000105150764,3.9243918e-07,1.7870045e-07,0.000110399014,0.99977773,4.1362673e-06,1.6284266e-06,2.449165e-11
Mymensingh/mymn107.wav,val,3.4077092e-07,3.8737195e-05,6.194692e-07,3.8198376e-08,1.3890001e-05,0.999943,2.8057598e-06,5.7809467e-07,1.1893182e-11
Mymensingh/mymn108.wav,test,5.040515e-07,3.2878277e-05,6.174673e-07,3.8908855e-08,1.2926068e-05,0.99994874,3.6965314e-06,5.1383824e-07,1.2965078e-11
Mymensingh/mymn11.wav,test,0.00017933224,8.3619e-06,9.4025444e-07,3.811895e-07,9.4000796e-05,0.99881625,0.0009003308,4.6198284e-07,4.5308718e-10
Mymensingh/mymn113.wav,val,2.5190664e-07,8.360065e-06,2.436197e-07,2.3685446e-08,5.4021417e-05,0.9999256,9.73973e-06,1.8216377e-06,1.3333174e-11
Mymensingh/mymn129.wav,val,4.7037662e-07,1.4862544e-05,4.94851e-07,4.3837794e-08,1.7119317e-05,0.99996054,5.8611404e-06,5.485735e-07,1.30627575e-11
Mymensingh/mymn135.wav,val,1.9204275e-07,2.9887786e-05,1.8166277e-07,4.298289e-08,9.398912e-05,0.99987197,2.4653475e-06,1.2811539e-06,1.0261421e-11
Mymensingh/mymn137.wav,test,3.6430225e-07,1.6227244e-05,6.020999e-07,5.8295694e-08,1.1525026e-05,0.9999583,1.2587248e-05,4.4120318e-07,1.5134803e-11
Mymensingh/mymn139.wav,test,1.0071805e-07,3.938941e-05,6.474477e-07,2.6405244e-08,1.3405804e-05,0.9999429,2.3011173e-06,1.2807269e-06,9.361668e-12
Mymensingh/mymn14.wav,test,0.00042064185,0.00013818633,4.177363e-05,0.00012123852,0.004630047,0.982882,0.01167417,9.148179e-05,4.135177e-07
Mymensingh/mymn144.wav,val,1.01600655e-07,2.588283e-05,9.5032857e-07,2.6546765e-08,9.6165595e-06,0.999959,3.1037705e-06,1.2470338e-06,1.3069889e-11
Mymensingh/mymn145.wav,val,9.725491e-08,3.9954455e-05,7.770231e-07,2.8363646e-08,1.3674577e-05,0.99994195,2.1581961e-06,1.3900502e-06,1.2026616e-11
Mymensingh/mymn148.wav,val,1.945044e-07,7.4472686e-05,9.640543e-07,4.5203983e-08,1.0769709e-05,0.9999106,2.1500566e-06,7.9061783e-07,1.3551749e-11
Mymensingh/mymn152.wav,test,2.2351932e-07,0.00022052405,3.6739112e-07,8.497375e-08,6.762824e-05,0.9997087,1.0536894e-06,1.4141226e-06,1.685739e-11
Mymensingh/mymn153.wav,val,1.6766347e-07,3.431109e-05,7.14083e-07,3.653005e-08,1.3843383e-05,0.99994755,2.481589e-06,9.717857e-07,1.2007797e-11
Mymensingh/mymn156.wav,val,7.048301e-07,3.389692e-06,2.1876093e-11,2.2692504e-07,0.9999666,4.6460177e-06,6.625242e-08,2.4330302e-05,2.472185e-08
Mymensingh/mymn157.wav,test,5.7646492e-08,5.0555727e-06,8.073856e-07,3.328389e-09,0.0017188946,0.0026107533,0.0001729319,0.9954911,4.2196257e-07
Mymensingh/mymn158.wav,val,4.130688e-06,0.68144447,1.3910487e-07,2.2682829e-05,0.28807622,0.030376133,3.4237747e-08,7.627078e-05,5.421622e-09
Mymensingh/mymn160.wav,test,2.1635462e-06,0.00018584318,2.6667089e-05,1.3655997e-05,1.5871505e-05,0.9996056,0.00014928091,9.233851e-07,4.9175036e-10
Mymensingh/mymn162.wav,test,4.7066997e-06,0.60901135,9.839648e-05,0.0004032309,0.0001676842,0.3903084,1.7724141e-06,4.447201e-06,5.171944e-09
Mymensingh/mymn163.wav,val,0.0014810468,8.3988225e-06,1.6374957e-05,0.00012868986,0.0031208268,0.032176565,0.9630048,5.608736e-05,7.0521237e-06
Mymensingh/mymn166.wav,val,6.8236045e-06,0.00038853262,2.193759e-06,3.7494158e-07,6.306859e-05,0.9995203,1.616456e-05,2.509584e-06,2.8911507e-10
Mymensingh/mymn17.wav,test,4.8871965e-07,2.5125411e-05,1.9920411e-07,6.665779e-08,0.00011533719,0.9998505,6.958283e-06,1.2650904e-06,1.949244e-11
Mymensingh/mymn171.wav,test,1.8612695e-07,1.8673501e-05,1.0577926e-06,4.26556e-08,6.6164275e-06,0.9999665,6.3601647e-06,6.035455e-07,1.4047856e-11
Mymensingh/mymn172.wav,test,1.939682e-07,2.1137377e-05,1.2075312e-06,3.5682454e-08,5.83637e-06,0.99996626,4.6694922e-06,6.54063e-07,1.3764822e-11
Mymensingh/mymn177.wav,val,5.789773e-07,4.34408e-05,5.1846797e-07,7.176963e-08,2.0103256e-05,0.9999293,5.594165e-06,4.6061282e-07,1.5124266e-11
Mymensingh/mymn180.wav,test,1.5153248e-07,5.29757e-05,1.0056224e-06,4.9123617e-08,1.1405539e-05,0.9999316,1.9989272e-06,8.500693e-07,1.29994964e-11
Mymensingh/mymn188.wav,test,9.0625656e-07,7.949336e-06,4.873568e-07,6.22815e-08,1.4062256e-05,0.9999342,4.2044765e-05,3.4307692e-07,2.2885317e-11
Mymensingh/mymn191.wav,test,1.5668797e-06,6.8050766e-05,5.2608175e-07,1.2187711e-07,2.5874695e-05,0.9998964,7.132914e-06,3.5879526e-07,2.2472881e-11
Mymensingh/mymn196.wav,test,2.5908622e-07,4.0069088e-05,7.8443236e-07,3.864574e-08,9.272427e-06,0.999946,3.086963e-06,6.149862e-07,1.1957041e-11
Mymensingh/mymn198.wav,val,0.036675215,0.8239158,0.000128364,0.112445705,0.02188932,0.0033943811,0.00094954093,6.664781e-05,0.00053502555
Mymensingh/mymn2.wav,test,5.0948364e-07,1.665483e-05,3.1378459e-06,6.557399e-08,3.239453e-06,0.9999659,9.892318e-06,5.0494594e-07,2.7150025e-11
Mymensingh/mymn20.wav,test,2.8334858e-07,0.00010243448,1.15408156e-07,6.059549e-08,0.0006829174,0.9992067,1.3324371e-06,6.1319824e-06,2.3989985e-11
Mymensingh/mymn204.wav,val,1.7526949e-07,1.6714606e-05,1.6862343e-06,4.0874347e-08,3.2998182e-06,0.9999685,9.201353e-06,4.3012162e-07,1.4793666e-11
Mymensingh/mymn206.wav,test,2.6898016e-07,3.4765293e-05,1.7197328e-06,6.561512e-08,4.7048766e-06,0.99995196,6.0312223e-06,4.6626502e-07,2.0638885e-11
Mymensingh/mymn207.wav,val,1.9009791e-07,1.04614755e-05,1.2897584e-06,2.8477576e-08,3.5992923e-06,0.9999739,1.0015794e-05,4.6172457e-07,1.2603803e-11
Mymensingh/mymn21.wav,test,3.9403467e-06,4.5355988e-05,1.0676196e-07,2.963628e-07,0.0011777425,0.9987588,1.1592814e-05,2.2006504e-06,5.867373e-11
Mymensingh/mymn210.wav,test,1.3447932e-07,6.520934e-05,2.1142016e-06,5.1240217e-08,6.87805e-06,0.99992204,2.3162415e-06,1.2836936e-06,2.2961072e-11
Mymensingh/mymn213.wav,val,1.7547194e-07,1.653525e-05,1.4784458e-06,2.646046e-08,4.53014e-06,0.99997187,4.525835e-06,7.5890495e-07,1.2118624e-11
Mymensingh/mymn219.wav,val,3.0963116e-07,4.3367032e-05,7.952832e-07,5.2134435e-08,9.536106e-06,0.9999424,3.108586e-06,4.63916e-07,1.2085006e-11
Mymensingh/mymn220.wav,val,3.7912372e-07,2.3575152e-05,6.984867e-07,2.8873544e-08,8.206895e-06,0.999962,4.703753e-06,4.6503158e-07,1.10816885e-11
Mymensingh/mymn221.wav,test,7.676526e-07,3.436168e-05,3.273575e-07,4.6856815e-08,2.7232225e-05,0.9999312,5.617019e-06,4.7583742e-07,1.3375302e-11
Mymensingh/mymn222.wav,test,5.029643e-07,1.543312e-05,4.5235785e-07,4.4171358e-08,1.314685e-05,0.9999572,1.2855035e-05,3.9109463e-07,1.3033098e-11
Mymensingh/mymn230.wav,test,1.0005729e-07,2.9310337e-05,4.6759945e-07,3.6422602e-08,2.5320182e-05,0.9999374,5.719145e-06,1.5975932e-06,1.4711326e-11
Mymensingh/mymn236.wav,val,1.5976146e-07,1.3666139e-05,7.253094e-07,3.5513978e-08,8.0692835e-06,0.99996936,7.3337187e-06,5.590045e-07,1.095304e-11
Mymensingh/mymn246.wav,val,2.7521207e-07,1.7829085e-05,1.3073765e-07,1.799453e-08,9.28569e-05,0.99988043,6.189866e-06,2.2141949e-06,1.238492e-11
Mymensingh/mymn250.wav,test,1.7600574e-05,9.553843e-07,3.2413204e-06,3.5399924e-07,6.710132e-05,0.9455669,0.054340724,3.182134e-06,2.2029396e-09
Mymensingh/mymn253.wav,val,5.536186e-07,3.5031695e-05,1.6525146e-06,5.1885017e-08,5.0473427e-06,0.99995136,5.891298e-06,4.53033e-07,1.7968134e-11
Mymensingh/mymn254.wav,test,4.1378985e-07,1.3518077e-06,7.115147e-07,1.0934385e-08,7.877182e-06,0.99987876,0.000109765024,1.2260948e-06,2.0906029e-11
Mymensingh/mymn255.wav,test,5.266492e-07,5.0039544e-05,4.892856e-07,3.5327368e-08,2.0146166e-05,0.9999254,2.700349e-06,7.376115e-07,1.4921198e-11
Mymensingh/mymn256.wav,val,3.566305e-07,0.00017410952,8.685378e-07,7.462844e-08,1.7098464e-05,0.99980515,1.5684964e-06,7.8484567e-07,1.6791015e-11
Mymensingh/mymn26.wav,val,1.8270413e-09,1.2542046e-06,1.6472134e-07,1.02789346e-10,5.4711418e-05,4.480279e-06,3.090741e-07,0.99993837,6.7783844e-07
Mymensingh/mymn263.wav,test,2.9495916e-07,9.70646e-05,1.3321986e-07,3.82251e-08,0.0004513146,0.99944276,1.6515589e-06,6.789394e-06,2.7105406e-11
Mymensingh/mymn266.wav,test,1.0094071e-05,1.0209356e-05,2.9878709e-06,2.71458e-07,4.4222033e-05,0.99931717,0.0006123205,2.745006e-06,5.2616894e-10
Mymensingh/mymn278.wav,val,3.946816e-07,0.00026908313,8.8174323e-07,9.287923e-08,1.9835923e-05,0.99970764,1.1680787e-06,8.585867e-07,1.6814309e-11
Mymensingh/mymn282.wav,val,3.6113227e-07,1.4215432e-05,8.009037e-07,6.801924e-08,6.9785383e-06,0.9999658,1.15464345e-05,2.5378557e-07,1.1844735e-11
Mymensingh/mymn283.wav,test,2.3832258e-07,3.4695797e-06,1.4447327e-06,2.8756363e-08,3.0577175e-06,0.9999541,3.717184e-05,4.1580535e-07,1.3211535e-11
Mymensingh/mymn285.wav,val,0.0011211743,0.050259292,7.877125e-05,1.870899e-05,0.00025287457,0.9482202,3.434425e-05,1.4665975e-05,4.2023444e-08
Mymensingh/mymn287.wav,test,1.6493368e-07,5.9905233e-05,1.278673e-06,3.2417027e-08,6.958064e-06,0.9999287,2.0684645e-06,8.4507633e-07,1.2236624e-11
Mymensingh/mymn29.wav,test,0.0030046208,0.0036215456,2.4646113e-05,0.99135065,0.0014592977,0.00042313896,4.3943066e-05,3.567024e-07,7.179158e-05
Mymensingh/mymn293.wav,test,1.5263345e-07,3.1223724e-05,4.0822061e-07,2.2153408e-08,2.5472207e-05,0.9999392,2.1359858e-06,1.4145415e-06,1.06422475e-11
Mymensingh/mymn298.wav,val,2.4153567e-07,1.750135e-05,1.8975473e-06,3.571012e-08,4.0869304e-06,0.9999708,4.887652e-06,5.884054e-07,1.4324441e-11
Mymensingh/mymn299.wav,val,1.18515594e-07,6.926122e-05,2.7527847e-06,4.6399602e-08,5.0422286e-06,0.9999199,1.837738e-06,9.991256e-07,1.5804481e-11
Mymensingh/mymn3.wav,val,1.8471498e-07,2.0217078e-05,1.0532289e-06,3.754724e-08,1.1263503e-05,0.99996185,4.1803296e-06,1.2037558e-06,1.5321296e-11
Mymensingh/mymn303.wav,test,1.7199547e-07,2.027122e-05,1.1784466e-06,3.2200823e-08,5.428511e-06,0.99996805,4.249196e-06,5.8388656e-07,1.1327168e-11
Mymensingh/mymn308.wav,val,1.5229507e-07,6.15516e-05,2.0082975e-06,4.3839112e-08,5.8457754e-06,0.99992764,1.922962e-06,8.671296e-07,1.366687e-11
Mymensingh/mymn309.wav,val,2.5239706e-07,0.00026750215,1.1030487e-06,7.664243e-08,2.6329702e-05,0.9997029,6.985455e-07,1.1172096e-06,1.4812094e-11
Mymensingh/mymn31.wav,test,1.4280882e-06,0.0060218335,4.0264794e-07,3.2679416e-06,0.005071956,0.98889214,6.035101e-07,8.448698e-06,1.7068065e-10
Mymensingh/mymn310.wav,test,2.411033e-07,4.5900037e-05,1.1092502e-05,7.217732e-08,1.3341739e-06,0.9999367,4.0226137e-06,6.185915e-07,2.2061101e-11
Mymensingh/mymn311.wav,test,2.2989873e-07,0.00012804846,9.1894356e-07,6.691105e-08,2.156735e-05,0.99984705,1.0775071e-06,1.0435502e-06,1.5894985e-11
Mymensingh/mymn32.wav,test,0.005480005,0.18585779,2.3170994e-06,0.008589376,0.5180153,0.28202236,2.051213e-05,1.203617e-05,2.466778e-07
Mymensingh/mymn320.wav,test,3.906632e-06,0.99912137,4.893465e-05,0.00073377794,1.9087774e-05,1.5100609e-05,1.5044424e-08,1.06131e-05,4.7166883e-05
Mymensingh/mymn322.wav,val,6.6537774e-05,0.0008480864,0.00013912594,2.4853355e-06,4.716428e-06,0.9989047,3.3007538e-05,1.2938563e-06,1.5788241e-09
Mymensingh/mymn330.wav,test,6.9592665e-05,3.491646e-06,1.0488573e-06,2.0785298e-07,6.3571715e-05,0.99926764,0.0005934678,9.557527e-07,2.6317623e-10
Mymensingh/mymn331.wav,test,1.8289455e-07,2.1263662e-05,1.1783604e-06,2.6993368e-08,6.652884e-06,0.9999664,3.4911268e-06,8.560108e-07,1.158248e-11
Mymensingh/mymn337.wav,val,4.43319e-07,2.6511001e-05,1.7839691e-06,4.2018836e-08,5.127769e-06,0.9999616,3.955512e-06,5.9853807e-07,1.4623499e-11
Mymensingh/mymn338.wav,test,0.0013699244,4.4933253e-07,0.0015430659,2.2853845e-05,5.020168e-07,0.0083193155,0.98874074,1.3013442e-06,1.7755794e-06
Mymensingh/mymn339.wav,test,1.9057905e-05,2.5274628e-07,3.8875565e-05,5.555629e-07,6.378049e-06,0.7004494,0.2994829,2.5405063e-06,5.6850498e-09
Mymensingh/mymn343.wav,test,3.1064576e-07,2.2806104e-05,1.1292698e-06,3.843886e-08,6.344191e-06,0.9999647,4.1668445e-06,5.2667144e-07,1.2481346e-11
Mymensingh/mymn347.wav,val,1.5434855e-06,1.6385635e-05,0.9990797,1.0345977e-05,1.432572e-10,0.0007442311,0.00014680477,5.9174477e-07,3.4614135e-07
Mymensingh/mymn355.wav,test,3.9119024e-07,5.94071e-05,0.001382076,1.9879384e-07,1.0025291e-07,0.9985043,5.1340674e-05,2.2258175e-06,3.407841e-10
Mymensingh/mymn356.wav,test,3.409849e-08,6.926459e-05,5.3765534e-06,1.2111691e-08,1.31342795e-05,0.9998579,3.0799047e-06,5.1231196e-05,4.131408e-11
Mymensingh/mymn365.wav,val,1.3419695e-07,0.0011804175,1.024115e-05,1.1636316e-07,7.252505e-06,0.99879825,4.3039205e-07,3.062221e-06,3.526724e-11
Mymensingh/mymn368.wav,test,6.612005e-07,1.5798589e-06,2.98027e-07,1.5525051e-08,1.8645003e-05,0.99985826,0.00011989557,6.989106e-07,1.7474912e-11
Mymensingh/mymn369.wav,val,6.510032e-07,5.2742353e-06,3.1579384e-07,2.2232237e-08,1.3667544e-05,0.99996066,1.892413e-05,4.2730613e-07,1.0902567e-11
Mymensingh/mymn37.wav,test,4.610966e-07,0.00015906719,5.250138e-07,1.0633963e-07,4.795945e-05,0.9997898,1.1828796e-06,8.822463e-07,1.7435465e-11
Mymensingh/mymn377.wav,val,1.5937923e-07,1.1376392e-05,1.1058322e-06,2.0336241e-08,4.8330994e-06,0.9999753,6.5497184e-06,7.320664e-07,9.645602e-12
Mymensingh/mymn388.wav,val,3.9030856e-05,9.3302914e-11,1.9984855e-06,9.933688e-08,4.0466935e-07,1.1820613e-05,0.9999441,5.8967834e-07,1.9725105e-06
Mymensingh/mymn390.wav,test,7.907948e-06,2.2206197e-07,3.342218e-06,7.4293894e-08,6.274427e-06,0.9858554,0.01412627,5.467928e-07,2.0661599e-10
Mymensingh/mymn392.wav,val,5.4879087e-07,2.5314355e-05,8.273087e-07,3.8076163e-08,8.056698e-06,0.99995995,4.911611e-06,4.057729e-07,1.2688459e-11
Mymensingh/mymn394.wav,test,6.7338635e-07,0.00027356835,7.306633e-07,7.90896e-08,3.250702e-05,0.99969065,9.3432413e-07,9.0701883e-07,1.792351e-11
Mymensingh/mymn398.wav,test,1.9346098e-06,0.00026925822,7.610916e-07,1.8323951e-07,3.067496e-05,0.99969435,2.5380346e-06,4.3644087e-07,2.7773447e-11
Mymensingh/mymn400.wav,val,1.9344374e-07,3.1838023e-05,1.477131e-06,2.6180363e-08,5.127265e-06,0.9999577,2.8453796e-06,7.7588834e-07,1.053705e-11
Mymensingh/mymn402.wav,test,1.729838e-07,1.2565125e-05,7.0694233e-07,1.5572061e-08,8.001647e-06,0.99997294,4.768501e-06,8.2281554e-07,7.76583e-12
Mymensingh/mymn405.wav,test,1.1974068e-07,7.910065e-05,9.1272835e-07,4.5129003e-08,1.1424789e-05,0.99990606,1.4799482e-06,8.3278934e-07,1.0198842e-11
Mymensingh/mymn408.wav,test,1.3592025e-07,6.432053e-05,6.2260494e-07,3.8081712e-08,1.5354368e-05,0.9999168,1.8257018e-06,9.361795e-07,1.0807308e-11
Mymensingh/mymn410.wav,test,6.215698e-05,0.015479838,9.692999e-06,4.6411657e-05,0.00014751537,0.98424476,9.103933e-06,5.506403e-07,1.1672702e-09
Mymensingh/mymn412.wav,test,1.5511712e-07,5.289701e-05,1.1981363e-06,3.636846e-08,7.294341e-06,0.9999356,1.910795e-06,7.700485e-07,9.6740714e-12
Mymensingh/mymn413.wav,val,0.0002320127,3.8580723e-08,2.7931917e-06,1.1085455e-06,2.3232476e-05,0.010990496,0.98874915,1.0421908e-06,1.03197756e-07
Mymensingh/mymn416.wav,val,3.3000697e-07,6.3747057e-06,5.276595e-07,1.7685936e-08,1.7000673e-05,0.9999603,1.4391784e-05,1.0403345e-06,1.07046256e-11
Mymensingh/mymn419.wav,test,1.9735688e-05,1.04606826e-07,5.6048525e-06,9.50526e-08,9.322887e-06,0.91232115,0.08764285,1.092378e-06,7.923716e-10
Mymensingh/mymn425.wav,val,7.886081e-06,7.211503e-09,3.8091795e-05,1.3261966e-07,8.329293e-07,0.001582362,0.99835795,1.243565e-05,3.6866177e-07
Mymensingh/mymn431.wav,val,5.925194e-07,3.8026317e-06,1.9105632e-06,4.2766736e-08,2.3147136e-06,0.99993265,5.850515e-05,2.2836623e-07,2.0545678e-11
Mymensingh/mymn44.wav,val,8.877124e-05,1.8333092e-06,1.3044626e-05,1.1304669e-06,0.000110058216,0.7386389,0.2611336,1.2576566e-05,2.0970619e-08
Mymensingh/mymn441.wav,test,1.0798279e-07,7.322921e-05,7.1523027e-07,1.9783522e-08,2.2803044e-05,0.99989915,1.1667593e-06,2.8784964e-06,1.29933495e-11
Mymensingh/mymn444.wav,test,1.7162536e-06,0.009517028,5.2851883e-06,2.065661e-06,4.5554458e-05,0.9904265,8.6005497e-07,1.1345669e-06,1.2653145e-10
Mymensingh/mymn446.wav,test,3.126644e-07,0.00087220146,2.0252473e-06,1.682245e-07,2.4274328e-05,0.999099,6.6907836e-07,1.4146867e-06,2.311272e-11
Mymensingh/mymn449.wav,test,4.1095217e-07,0.00010243081,1.8148927e-06,1.0420864e-07,7.3348265e-06,0.99988484,2.634659e-06,5.45084e-07,2.5795227e-11
Mymensingh/mymn45.wav,test,2.193889e-07,4.062352e-06,1.286179e-06,1.2017169e-08,1.0090565e-05,0.999948,3.2810844e-05,3.422609e-06,2.6918846e-11
Mymensingh/mymn451.wav,test,3.9047782e-07,0.00016606462,2.0542444e-05,3.4026235e-07,2.0951295e-06,0.9998056,4.2053416e-06,8.39536e-07,5.7126425e-11
Mymensingh/mymn452.wav,val,1.5979134e-07,0.00017052346,2.5744564e-06,5.7637404e-08,7.3179935e-06,0.99981695,1.0521778e-06,1.3449911e-06,1.9824396e-11
Mymensingh/mymn455.wav,test,7.288768e-07,2.7331353e-06,1.7771703e-05,6.355967e-08,1.1979432e-06,0.9993445,0.00063162163,1.3527795e-06,1.1425795e-10
Mymensingh/mymn456.wav,test,0.0004514314,1.8435189e-06,3.744886e-05,1.2950376e-05,4.6255038e-05,0.5225836,0.47686395,2.3833416e-06,5.371481e-08
Mymensingh/mymn457.wav,test,7.8868245e-05,4.8774165e-08,1.4406284e-05,1.9443144e-06,7.105132e-06,0.016421905,0.98347384,1.7163898e-06,1.4060019e-07
Mymensingh/mymn468.wav,val,0.0030030399,6.96929e-05,6.5544955e-05,0.0005696587,0.002749705,0.56774724,0.4257773,1.5693719e-05,2.0972825e-06
Mymensingh/mymn476.wav,test,7.886309e-05,0.0060982136,8.723082e-05,6.033309e-05,0.00033257538,0.9906633,0.0026436422,3.5682377e-05,1.01480076e-07
Mymensingh/mymn485.wav,val,7.39541e-07,0.00046038924,2.4546855e-06,1.6916455e-07,1.1813072e-05,0.9995215,2.0193597e-06,8.5771813e-07,4.127931e-11
Mymensingh/mymn495.wav,test,0.00013455805,2.797393e-07,5.0628723e-06,4.3987666e-06,0.00016047948,0.01236924,0.98731184,1.3539508e-05,6.7200443e-07
Mymensingh/mymn496.wav,val,0.00012018678,7.744194e-08,2.9354594e-06,1.4480764e-06,7.461457e-05,0.010993606,0.9888003,6.5262548e-06,2.9312395e-07
Mymensingh/mymn497.wav,val,5.003046e-07,1.8063631e-06,7.91891e-07,2.6540777e-08,5.9075714e-06,0.99986696,0.0001237127,3.8497853e-07,1.932289e-11
Mymensingh/mymn5.wav,val,2.8777347e-07,1.806386e-05,6.2296033e-07,4.6277954e-08,1.2331094e-05,0.99996305,4.9585024e-06,5.5272454e-07,1.15021525e-11
Mymensingh/mymn50.wav,val,3.0774365e-07,0.00015653798,5.935688e-07,6.1462735e-08,5.0482016e-05,0.9997892,1.1462176e-06,1.6931924e-06,1.7317795e-11
Mymensingh/mymn500.wav,val,1.6928404e-07,6.8016607e-06,7.0993445e-07,2.934363e-08,7.108759e-06,0.99996984,1.482285e-05,5.190867e-07,1.0954006e-11
Mymensingh/mymn503.wav,test,5.999725e-06,0.98963636,2.9184204e-05,0.0001793328,7.8568264e-05,0.010065781,1.01994345e-07,4.7257945e-06,4.379474e-08
Mymensingh/mymn507.wav,val,1.590279e-07,5.532202e-05,1.3157694e-06,3.5617056e-08,7.936679e-06,0.9999324,1.9290655e-06,9.678051e-07,1.2960366e-11
Mymensingh/mymn51.wav,val,3.4220307e-07,4.5408444e-05,2.2752437e-07,4.7310948e-08,0.00011452954,0.9998357,2.0320765e-06,1.6254226e-06,1.4568879e-11
Mymensingh/mymn514.wav,val,5.592715e-07,1.9721392e-05,5.267244e-07,3.549084e-08,1.4703937e-05,0.9999585,5.5688897e-06,4.598424e-07,1.2491606e-11
Mymensingh/mymn518.wav,val,1.3376626e-07,2.6252206e-05,4.9912614e-07,3.0224125e-08,2.105834e-05,0.999948,2.8208035e-06,1.1476238e-06,1.1521653e-11
Mymensingh/mymn52.wav,val,2.7643482e-06,0.0016277189,4.796967e-06,1.1403405e-06,0.00011619815,0.9982406,2.893221e-06,3.9863144e-06,3.071294e-10
Mymensingh/mymn520.wav,test,1.542573e-07,3.6491103e-05,1.0769486e-06,3.2738264e-08,9.433636e-06,0.99994946,2.3659868e-06,1.0075901e-06,1.31366185e-11
Mymensingh/mymn523.wav,val,9.2925775e-06,7.12434e-07,1.46472e-05,7.5743515e-07,7.01649e-05,0.7490673,0.25081995,1.7114746e-05,1.1496221e-08
Mymensingh/mymn526.wav,val,8.9215144e-05,2.3781071e-07,1.1993131e-05,3.2729663e-06,3.8434828e-05,0.17415823,0.8256965,2.0798088e-06,3.4950595e-08
Mymensingh/mymn53.wav,test,4.951859e-07,9.62376e-06,3.6485287e-07,2.8517047e-08,2.0343234e-05,0.9999589,9.680176e-06,5.4333424e-07,1.089255e-11
Mymensingh/mymn531.wav,test,1.5039733e-06,1.591725e-05,1.2374558e-06,2.7481357e-07,1.419602e-05,0.9997875,0.00017901119,3.6120326e-07,6.981443e-11
Mymensingh/mymn532.wav,test,1.0915676e-06,1.678947e-05,3.6542108e-06,1.12720244e-07,3.885079e-06,0.9999076,6.6388064e-05,4.4870617e-07,4.705042e-11
Mymensingh/mymn533.wav,val,0.0006090807,2.5699512e-05,4.299469e-05,7.376652e-05,0.000232307,0.8017727,0.1972386,4.67095e-06,7.762397e-08
Mymensingh/mymn543.wav,val,4.486855e-06,1.4991327e-05,6.798699e-07,1.1040046e-07,1.2819777e-05,0.9999182,4.8463487e-05,1.9390006e-07,2.8236677e-11
Mymensingh/mymn556.wav,test,2.1245587e-06,1.7991997e-05,5.968364e-07,6.0585634e-08,1.3833596e-05,0.9999442,2.0913942e-05,2.9262665e-07,2.497672e-11
Mymensingh/mymn557.wav,val,2.1206334e-07,7.815714e-05,5.697941e-07,6.4202595e-08,1.9035324e-05,0.9998989,2.3989753e-06,5.994928e-07,1.1804249e-11
Mymensingh/mymn560.wav,test,1.6542322e-07,3.6402187e-05,7.507894e-07,1.5444813e-08,1.2153247e-05,0.9999465,2.3480065e-06,1.7612444e-06,1.1519043e-11
Mymensingh/mymn562.wav,val,3.778776e-07,7.940443e-05,6.8882775e-07,3.71636e-08,1.724964e-05,0.99989974,1.6264912e-06,9.06738e-07,1.2365049e-11
Mymensingh/mymn563.wav,val,3.0972967e-07,7.268202e-06,2.650522e-07,1.7940648e-08,2.1796217e-05,0.99995625,1.3215334e-05,7.7393327e-07,1.048995e-11
Mymensingh/mymn569.wav,test,0.0010655811,0.00010046861,4.008177e-06,1.3584123e-06,4.306735e-05,0.9987225,6.2677806e-05,3.2111083e-07,7.0023337e-10
Mymensingh/mymn57.wav,val,2.9612826e-07,0.00010851691,2.6526138e-07,5.2811693e-08,0.0001340684,0.99975353,1.0498608e-06,2.206488e-06,1.512651e-11
Mymensingh/mymn570.wav,val,1.2549715e-07,7.526502e-06,3.9833841e-07,1.129552e-08,1.3590616e-05,0.9999685,8.579107e-06,1.2830054e-06,9.256157e-12
Mymensingh/mymn571.wav,test,1.0241174e-07,4.2848053e-05,8.9505335e-07,2.7562063e-08,1.1182945e-05,0.99994147,2.089583e-06,1.3529254e-06,1.12748985e-11
Mymensingh/mymn58.wav,test,5.68648e-07,0.0008365527,1.2113527e-06,1.7516668e-07,4.6076264e-05,0.99911326,7.1673617e-07,1.374682e-06,3.046887e-11
Mymensingh/mymn581.wav,test,1.00740486e-07,2.368376e-05,1.0312058e-06,2.1206683e-08,7.2624134e-06,0.9999635,3.324804e-06,1.0480414e-06,9.821181e-12
Mymensingh/mymn59.wav,test,3.4278198e-06,0.005243659,7.3067704e-06,1.307053e-06,3.5362547e-05,0.9947056,1.7071133e-06,1.669936e-06,2.2706644e-10
Mymensingh/mymn60.wav,val,3.5219315e-07,0.0005116416,5.7613306e-07,1.1328105e-07,9.036193e-05,0.99939466,5.647413e-07,1.6540661e-06,2.0555078e-11
Mymensingh/mymn604.wav,val,1.631973e-07,1.3507178e-05,1.1041803e-06,2.4549488e-08,4.115357e-06,0.999972,8.639855e-06,5.0478485e-07,9.6357505e-12
Mymensingh/mymn605.wav,val,7.4127223e-07,3.2855428e-06,1.4741636e-06,5.900873e-08,4.5993274e-06,0.99979585,0.00019361093,3.0436547e-07,3.3225648e-11
Mymensingh/mymn61.wav,test,6.2721574e-06,1.8056397e-07,2.1826724e-11,2.5839395e-07,0.9999733,2.9359999e-06,1.2733683e-06,1.5637572e-05,1.17297716e-07
Mymensingh/mymn618.wav,test,1.7502926e-07,1.453922e-05,4.962594e-07,1.0523942e-08,3.5905352e-05,0.9999397,4.4140775e-06,4.779005e-06,1.3952125e-11
Mymensingh/mymn621.wav,val,1.3476858e-07,3.4345117e-05,1.1795945e-06,2.5572863e-08,6.981215e-06,0.9999535,2.811218e-06,1.0388809e-06,1.2676572e-11
Mymensingh/mymn625.wav,test,2.081797e-07,8.657197e-05,1.7206435e-06,4.484705e-08,6.5608e-06,0.9999025,1.6771037e-06,7.6108967e-07,1.22978615e-11
Mymensingh/mymn626.wav,test,2.0152328e-07,1.734263e-05,7.726106e-07,2.192363e-08,7.822656e-06,0.999969,4.2339057e-06,6.855632e-07,9.4490795e-12
Mymensingh/mymn627.wav,val,3.5009964e-07,4.018204e-06,9.1999135e-07,1.8934728e-08,3.851631e-06,0.9999585,3.1942855e-05,3.7790338e-07,1.1591716e-11
Mymensingh/mymn628.wav,val,1.6809594e-07,2.7436969e-05,1.5143227e-06,2.7990858e-08,4.1428175e-06,0.999962,4.0097275e-06,6.3402814e-07,1.1556985e-11
Mymensingh/mymn634.wav,test,2.0543355e-07,4.1560386e-05,1.0985916e-06,5.0358594e-08,6.7232995e-06,0.99994636,3.561233e-06,4.8081637e-07,1.1990251e-11
Mymensingh/mymn638.wav,test,2.5788842e-07,4.862293e-05,9.1337e-07,4.4206686e-08,7.8038265e-06,0.99993837,3.4008547e-06,5.2516293e-07,1.1903656e-11
Mymensingh/mymn64.wav,val,7.0140516e-07,6.969278e-05,1.1122683e-06,1.2248523e-07,1.4424816e-05,0.99990964,3.8455883e-06,4.4430837e-07,2.2378434e-11
Mymensingh/mymn641.wav,val,3.3137934e-07,7.692349e-05,1.4508314e-06,5.9158896e-08,6.820951e-06,0.9999113,2.6092437e-06,5.628159e-07,1.6652646e-11
Mymensingh/mymn642.wav,val,3.5087274e-07,9.357365e-07,1.4613523e-06,1.8045755e-08,2.9874027e-06,0.99975723,0.00023645534,5.211626e-07,2.1821552e-11
Mymensingh/mymn651.wav,test,1.4638114e-07,5.1080056e-05,7.602078e-07,3.0028055e-08,1.0176658e-05,0.9999342,2.6059536e-06,9.027492e-07,1.0160897e-11
Mymensingh/mymn655.wav,test,1.3230628e-07,3.6891226e-05,9.979306e-07,2.7649453e-08,7.800818e-06,0.9999504,2.8740494e-06,9.411004e-07,1.08683436e-11
Mymensingh/mymn656.wav,val,9.184412e-08,0.00020177789,1.5625455e-06,5.427829e-08,1.4913035e-05,0.99977857,8.57246e-07,2.233386e-06,1.7288074e-11
Mymensingh/mymn66.wav,test,6.1021833e-06,0.9991647,2.0967998e-06,0.00018540952,0.0001353193,0.0005056959,1.0148873e-08,6.5910933e-07,2.3427857e-08
Mymensingh/mymn660.wav,test,1.2811596e-07,9.3162496e-05,7.607596e-07,3.460139e-08,2.0074538e-05,0.9998826,1.3116846e-06,1.8464373e-06,1.33952025e-11
Mymensingh/mymn665.wav,val,4.3575602e-07,0.0003967511,1.764625e-06,5.553643e-08,0.0025193724,0.9931606,1.627165e-05,0.0039046826,1.3420111e-09
Mymensingh/mymn669.wav,test,3.5321214e-06,0.010354998,3.295282e-05,3.4852094e-06,0.00010933543,0.98943883,8.94067e-06,4.7909045e-05,1.9952993e-09
Mymensingh/mymn675.wav,test,7.597683e-05,2.0029152e-07,4.8611397e-05,4.0065715e-06,6.7475466e-06,0.018928107,0.980931,4.86469e-06,3.612454e-07
Mymensingh/mymn68.wav,test,0.00040365008,0.07762612,6.5692457e-06,0.00048755872,0.008042682,0.91340977,2.1073916e-05,2.5550619e-06,9.454991e-09
Mymensingh/mymn680.wav,test,2.2035794e-05,2.7315022e-10,4.1313588e-06,2.0513367e-07,9.3427366e-07,4.7697763e-06,0.9999455,5.0493977e-06,1.7290304e-05
Mymensingh/mymn681.wav,test,3.715302e-07,5.3206157e-05,1.8875437e-06,3.9485585e-08,5.5783635e-06,0.9999341,3.9455285e-06,8.828779e-07,1.9783161e-11
Mymensingh/mymn687.wav,test,1.0168245e-06,0.0003223988,1.5512665e-06,1.9398091e-07,2.2350736e-05,0.9996494,2.2671973e-06,9.170908e-07,4.3969352e-11
Mymensingh/mymn694.wav,val,0.0056236614,2.9719211e-05,5.1564737e-05,1.4199128e-05,0.0002426207,0.9663957,0.027627006,1.5368196e-05,1.2862901e-07
Mymensingh/mymn695.wav,val,2.722508e-05,2.3981798e-07,5.751346e-06,2.1259707e-07,1.3601504e-05,0.91649866,0.08345319,1.1475431e-06,1.1817325e-09
Mymensingh/mymn698.wav,val,5.436985e-06,1.7589181e-06,6.6478526e-07,4.758404e-08,1.3358876e-05,0.99946326,0.00051517226,3.5471078e-07,6.182761e-11
Mymensingh/mymn699.wav,val,0.00028901902,1.2721063e-06,1.0247581e-05,1.369157e-05,0.00028029227,0.02888212,0.9705081,1.4447561e-05,8.2456467e-07
Mymensingh/mymn7.wav,val,2.3721543e-07,2.1895763e-05,1.2641376e-06,4.3702993e-08,5.160867e-06,0.99996495,5.801501e-06,4.964812e-07,1.43091745e-11
Mymensingh/mymn701.wav,test,7.9363946e-07,7.707245e-06,3.3764902e-06,8.394139e-08,3.022357e-06,0.9998447,0.00013965557,5.837733e-07,6.423821e-11
Mymensingh/mymn703.wav,test,1.4738839e-06,1.3066789e-05,5.2075375e-06,3.0466902e-07,7.263558e-06,0.9996014,0.00037037645,8.9808987e-07,1.7331203e-10
Mymensingh/mymn709.wav,test,4.2008916e-05,3.4768355e-08,8.5822096e-05,4.723763e-06,8.154742e-06,9.765348e-06,0.9986224,0.0003399396,0.0008870219
Mymensingh/mymn720.wav,val,3.1302284e-07,4.117261e-05,6.456084e-07,5.4454848e-08,1.4658931e-05,0.99994004,2.6914797e-06,4.664111e-07,1.0458236e-11
Mymensingh/mymn721.wav,test,2.5891921e-07,8.552288e-05,1.2474457e-06,5.9459033e-08,1.0488844e-05,0.9999002,1.6011625e-06,6.7875567e-07,1.4141497e-11
Mymensingh/mymn728.wav,val,3.2653227e-07,2.0499196e-05,1.1856927e-06,5.5595756e-08,5.7806524e-06,0.99996495,6.9468792e-06,3.1661094e-07,1.2538592e-11
Mymensingh/mymn729.wav,val,8.8916465e-07,4.1387164e-05,1.0505595e-06,1.1159491e-07,1.2747529e-05,0.9999372,6.396609e-06,2.878278e-07,1.67659e-11
Mymensingh/mymn731.wav,test,0.00020614952,1.8043373e-05,3.6186302e-06,2.1808787e-06,2.555464e-05,0.9986155,0.0011286775,1.4917977e-07,5.332176e-10
Mymensingh/mymn744.wav,val,2.2289304e-07,2.8672486e-05,2.0868044e-06,4.5059377e-08,4.251121e-06,0.9999603,3.687891e-06,6.2937505e-07,1.6334812e-11
Mymensingh/mymn753.wav,test,7.871025e-07,7.273882e-05,8.1196237e-07,7.543666e-08,1.4777532e-05,0.99990714,3.146129e-06,4.7006944e-07,1.8183883e-11
Mymensingh/mymn755.wav,test,0.0012194671,0.00015793226,0.012083239,9.045757e-05,2.1172273e-05,0.49202496,0.49407342,0.0003226047,6.781265e-06
Mymensingh/mymn766.wav,test,0.00010036913,0.010115673,9.11197e-05,8.822604e-06,4.7257134e-05,0.9895075,0.00011673754,1.2485691e-05,9.598611e-09
Mymensingh/mymn767.wav,val,1.112396e-07,0.9999354,3.93368e-06,4.494995e-05,5.1190696e-06,7.500043e-06,3.1399827e-10,2.8705601e-06,1.9064395e-07
Mymensingh/mymn770.wav,val,6.687738e-05,1.4886015e-05,9.083898e-05,8.294257e-06,1.0452366e-05,0.9870575,0.012749125,1.9331264e-06,9.052634e-09
Mymensingh/mymn777.wav,val,9.0145754e-08,9.767376e-06,1.9410975e-06,8.903755e-09,4.6061928e-06,0.99996006,1.9576051e-05,3.908532e-06,2.4237203e-11
Mymensingh/mymn791.wav,test,1.5305358e-07,0.00022779476,1.6750542e-06,1.0838891e-07,1.3367649e-05,0.9997545,1.4282438e-06,1.1356835e-06,2.2912866e-11
Mymensingh/mymn796.wav,test,2.1599803e-06,0.0120082265,9.322821e-06,3.2816185e-06,9.688871e-05,0.9878735,2.8476713e-06,3.7635282e-06,9.720583e-10
Mymensingh/mymn798.wav,test,6.377552e-07,1.7536631e-05,1.0747344e-06,5.154196e-08,5.8797127e-06,0.9999685,6.0211382e-06,2.8222135e-07,1.20978436e-11
Mymensingh/mymn799.wav,val,1.0800978e-06,2.9840054e-05,9.914635e-07,1.0433976e-07,1.2805683e-05,0.99994636,8.470766e-06,4.0275407e-07,2.4193177e-11
Mymensingh/mymn80.wav,test,2.5790237e-07,5.8851914e-05,4.3226734e-07,3.9444007e-08,2.526376e-05,0.9999124,1.9312006e-06,7.578416e-07,1.1040254e-11
Mymensingh/mymn801.wav,val,2.4717298e-07,2.390915e-05,1.5198224e-06,3.2624015e-08,3.9557935e-06,0.9999651,4.7544463e-06,4.8354264e-07,1.1672261e-11
Mymensingh/mymn806.wav,test,4.6816517e-06,0.020037802,1.0623414e-05,6.670463e-06,8.368427e-05,0.97985214,2.6742086e-06,1.7927199e-06,6.814264e-10
Mymensingh/mymn833.wav,test,4.3051799e-07,2.8280116e-05,1.977298e-07,3.9688246e-08,0.00017338332,0.9997892,4.2300253e-06,4.2863776e-06,2.1268773e-11
Mymensingh/mymn836.wav,test,2.2619719e-07,1.49283105e-05,1.6027833e-06,4.110966e-08,6.0904945e-06,0.9999678,8.466086e-06,9.40887e-07,1.8237578e-11
Mymensingh/mymn858.wav,test,1.8999012e-07,4.356788e-05,1.7304168e-06,3.6005943e-08,4.9576443e-06,0.9999465,2.3834816e-06,6.473444e-07,1.2203721e-11
Mymensingh/mymn86.wav,val,4.1503824e-07,3.5183282e-05,7.140858e-08,4.105917e-08,0.00047828004,0.9994791,4.512032e-06,2.419612e-06,1.7406857e-11
Mymensingh/mymn860.wav,test,1.5294677e-07,2.41935e-05,1.1379379e-05,5.117201e-08,1.1217194e-06,0.99995375,8.528607e-06,8.211951e-07,2.6311075e-11
Mymensingh/mymn866.wav,test,8.345543e-07,0.00070332474,3.2483684e-05,2.7804165e-07,3.9497595e-06,0.99925214,4.3028163e-06,2.729088e-06,1.2611685e-10
Mymensingh/mymn874.wav,val,3.2956285e-07,9.744267e-06,4.8374136e-07,1.5432452e-08,1.04877645e-05,0.99996984,8.348667e-06,7.3360974e-07,1.1124979e-11
Mymensingh/mymn877.wav,test,1.7638747e-07,3.633942e-05,8.4877314e-07,1.9478925e-08,1.0194465e-05,0.99994874,2.3339649e-06,1.2329758e-06,1.170837e-11
Mymensingh/mymn879.wav,test,1.6579056e-06,5.7200796e-05,5.8825776e-07,5.4455274e-08,2.1250395e-05,0.99991536,3.360858e-06,5.506179e-07,1.9926281e-11
Mymensingh/mymn881.wav,test,3.3709958e-07,5.1947234e-05,4.897292e-07,3.690757e-08,1.971089e-05,0.9999237,2.9049506e-06,8.1304984e-07,1.3831978e-11
Mymensingh/mymn884.wav,test,2.9078078e-07,2.5485184e-05,6.911707e-07,2.9290007e-08,1.0297672e-05,0.9999584,4.2272036e-06,6.2525675e-07,1.2084759e-11
Mymensingh/mymn886.wav,test,1.5200607e-07,5.2486306e-05,4.7765834e-06,4.591773e-08,2.1519465e-06,0.99993646,3.2091134e-06,7.7517586e-07,1.568911e-11
Mymensingh/mymn888.wav,test,9.473261e-07,1.6029517e-05,3.756391e-07,4.5992785e-08,2.345461e-05,0.9999503,8.303672e-06,5.733639e-07,1.6869988e-11
Mymensingh/mymn894.wav,test,2.0197172e-07,3.0342599e-05,7.1845756e-07,2.838432e-08,9.806109e-06,0.9999553,2.888269e-06,7.002495e-07,1.0262961e-11
Mymensingh/mymn895.wav,test,5.38981e-07,8.788414e-05,1.089877e-06,6.117303e-08,1.1620931e-05,0.9998958,2.4108137e-06,6.105242e-07,1.9125443e-11
Mymensingh/mymn898.wav,test,2.6282825e-07,2.7749875e-05,7.6252246e-07,2.522707e-08,1.1021517e-05,0.999956,3.2115768e-06,8.883288e-07,1.2815566e-11
Mymensingh/mymn899.wav,val,2.875319e-07,4.2219453e-05,4.0841897e-07,3.5317832e-08,2.3904275e-05,0.99993,2.349016e-06,7.993909e-07,1.1181695e-11
Mymensingh/mymn9.wav,val,2.8617347e-07,0.000107434316,5.5977915e-07,5.7424906e-08,2.7706139e-05,0.9998617,1.3459098e-06,9.311915e-07,1.3902002e-11
Mymensingh/mymn90.wav,test,1.6961222e-07,3.736157e-05,6.2309584e-07,3.3372967e-08,1.269333e-05,0.9999459,2.5703134e-06,6.9926455e-07,1.05948045e-11
Mymensingh/mymn906.wav,test,8.629788e-07,8.530176e-05,5.808576e-07,1.022715e-07,2.2189228e-05,0.9998872,3.1916413e-06,4.4431917e-07,1.6840697e-11
Mymensingh/mymn908.wav,test,2.5512145e-06,7.937954e-06,3.386836e-07,4.225069e-08,2.592059e-05,0.9999157,4.7057496e-05,4.3837105e-07,2.5846802e-11
Mymensingh/mymn909.wav,test,6.526566e-07,0.00012058556,9.537838e-07,6.347807e-08,1.2805227e-05,0.9998622,2.08286e-06,6.0426987e-07,1.7261742e-11
Mymensingh/mymn917.wav,test,1.7347058e-06,8.880939e-05,5.031915e-07,1.2732761e-07,3.4030178e-05,0.9998709,3.484281e-06,3.9443444e-07,1.8793838e-11
Mymensingh/mymn921.wav,test,6.752388e-07,6.470042e-06,6.262961e-07,3.178029e-08,6.516951e-06,0.9999639,2.1451442e-05,2.8180534e-07,1.3549396e-11
Mymensingh/mymn924.wav,test,9.7510296e-05,1.14776526e-07,1.0488505e-05,2.5579632e-07,1.2429562e-05,0.7204106,0.27946737,1.2236562e-06,3.3136707e-09
Mymensingh/mymn927.wav,test,7.627001e-07,9.685766e-06,1.2008676e-06,3.810323e-08,4.3703863e-06,0.99997056,1.3038446e-05,3.1129616e-07,1.6052158e-11
Mymensingh/mymn930.wav,val,1.29912005e-05,1.0196997e-05,1.1533358e-06,1.4789656e-07,1.3460256e-05,0.9998995,6.221894e-05,2.553192e-07,6.4921436e-11
Mymensingh/mymn934.wav,test,9.349568e-07,7.83041e-06,1.1849988e-06,3.8592262e-08,4.1839285e-06,0.9999689,1.6525679e-05,2.65961e-07,1.5374035e-11
Mymensingh/mymn935.wav,val,1.1990422e-06,3.196888e-06,8.406256e-07,3.799234e-08,5.4395787e-06,0.9999286,6.0428407e-05,2.3711385e-07,1.9464054e-11
Mymensingh/mymn936.wav,test,1.9902861e-06,3.889492e-06,1.1074158e-06,5.748943e-08,5.3274257e-06,0.9999052,8.2152575e-05,2.0384495e-07,2.5262539e-11
Mymensingh/mymn94.wav,val,1.8937808e-05,0.008028334,5.897512e-06,2.912625e-06,0.18415436,0.23481807,7.628567e-05,0.57289374,1.4228967e-06
Mymensingh/mymn940.wav,test,0.00032575248,3.722321e-10,1.1069965e-06,2.5635686e-07,1.4360685e-06,2.5315094e-05,0.9996439,3.7265605e-07,1.8392924e-06
Mymensingh/mymn942.wav,test,7.863281e-05,0.00040809554,9.37244e-05,1.0363552e-05,0.00024047348,0.9744794,0.024483142,0.00020605815,1.6870237e-07
Mymensingh/mymn947.wav,val,0.0002524421,0.10549243,0.00013794035,8.116569e-05,0.00015230227,0.89380765,6.1746716e-05,1.4290449e-05,3.7642035e-08
Mymensingh/mymn951.wav,test,2.1443645e-07,8.938518e-05,1.6107157e-06,5.1189996e-08,7.3310207e-06,0.9998989,1.7196253e-06,7.438003e-07,1.5249517e-11
Mymensingh/mymn956.wav,val,5.0890565e-05,0.006806781,2.0870322e-08,1.966622e-05,0.8746235,0.11848719,9.3779255e-07,1.1052136e-05,3.1636056e-09
Mymensingh/mymn96.wav,test,1.1229331e-06,0.00044055647,8.445572e-08,1.959012e-07,0.006824227,0.9927125,1.6155732e-06,1.9644676e-05,6.2399086e-11
Mymensingh/mymn960.wav,test,0.00012885778,0.008510272,7.772823e-06,8.0278645e-05,0.0070465286,0.98419523,1.4756204e-05,1.6261296e-05,1.0610856e-08
Mymensingh/mymn964.wav,test,3.3247496e-05,8.798215e-06,5.354303e-07,1.9324837e-07,9.172796e-05,0.9996234,0.00024142543,6.0083386e-07,1.821073e-10
Mymensingh/mymn966.wav,test,6.8570523e-07,0.0051113334,2.1135313e-06,1.2401417e-06,8.243214e-05,0.99480057,5.252683e-07,1.1425211e-06,5.9051077e-11
Mymensingh/mymn967.wav,test,6.564265e-06,0.004095118,1.7660523e-06,1.668277e-06,0.00014421427,0.9957475,2.181137e-06,1.0278457e-06,1.4653098e-10
Mymensingh/mymn970.wav,val,3.9313323e-07,8.4541214e-05,1.587912e-06,5.1438633e-08,1.0784072e-05,0.9998996,2.0060286e-06,9.95741e-07,2.1402003e-11
Mymensingh/mymn973.wav,test,2.4883838e-07,0.0001000032,7.365107e-07,6.325437e-08,1.9098872e-05,0.9998777,1.4579616e-06,6.8976965e-07,1.2101105e-11
Mymensingh/mymn978.wav,test,3.125804e-07,0.0001533755,5.560107e-07,8.887581e-08,3.703244e-05,0.99980646,1.3407279e-06,8.87996e-07,1.4984932e-11
Mymensingh/mymn989.wav,test,0.00039058866,3.4947157e-06,1.0039563e-07,6.9671034e-07,0.013897329,0.9831867,0.0025158897,5.1770553e-06,1.6189695e-09
Mymensingh/mymn991.wav,val,1.3455407e-07,3.6525813e-05,4.6903511e-07,2.5094353e-08,2.9419512e-05,0.99993026,1.7077583e-06,1.5544275e-06,8.997661e-12
Mymensingh/mymn997.wav,val,3.0745795e-07,0.0009429201,1.5635162e-06,2.6742742e-07,3.786352e-05,0.99901533,5.7677846e-07,1.1390226e-06,2.4786733e-11
Mymensingh/mymn999.wav,test,2.3708333e-07,0.00010133645,5.458054e-07,9.1732716e-08,4.5039924e-05,0.9998504,1.247506e-06,1.1335968e-06,1.5274363e-11
Shylet/shlt102.wav,test,7.060719e-06,7.778268e-09,2.683169e-06,5.629495e-06,2.0827322e-08,1.8859508e-11,1.7187319e-06,1.786873e-06,0.99998116
Shylet/shlt110.wav,val,9.041353e-06,7.533646e-09,2.1037067e-06,1.1492659e-05,2.8593414e-08,1.9435863e-11,1.8484975e-06,1.0380281e-06,0.9999745
Shylet/shlt112.wav,val,8.32495e-06,1.699917e-08,4.3735686e-06,2.418301e-06,2.3701157e-08,3.085813e-11,1.9774866e-06,6.5117893e-06,0.9999764
Shylet/shlt113.wav,test,8.114745e-06,1.887772e-08,2.5411498e-06,7.899907e-06,3.321267e-08,2.4353299e-11,1.3436613e-06,2.2131858e-06,0.9999778
Shylet/shlt117.wav,val,4.4431295e-06,1.1390339e-08,7.0668234e-06,1.1613654e-06,1.6640344e-08,4.8393706e-11,3.4206412e-06,1.0099962e-05,0.9999738
Shylet/shlt119.wav,test,8.024196e-06,7.8334175e-09,2.498748e-06,1.1072672e-05,2.3158773e-08,1.852372e-11,1.7678352e-06,1.0103058e-06,0.9999757
Shylet/shlt121.wav,test,7.652954e-06,6.040619e-09,3.2758212e-06,6.655746e-06,1.8403714e-08,2.0524494e-11,2.2679071e-06,1.4856968e-06,0.99997866
Shylet/shlt125.wav,test,2.3169017e-05,1.1230135e-08,1.6539424e-06,3.4230616e-05,4.604781e-08,2.0098971e-11,1.8393978e-06,5.609194e-07,0.9999386
Shylet/shlt129.wav,test,1.706883e-05,8.266523e-09,2.7351048e-06,4.085199e-05,2.6890415e-08,1.8140461e-11,2.050821e-06,4.918765e-07,0.9999368
Shylet/shlt134.wav,test,6.2496038e-06,4.790291e-09,2.7507476e-06,5.619011e-06,1.9209228e-08,1.6530048e-11,1.9659026e-06,1.7393526e-06,0.99998164
Shylet/shlt136.wav,val,1.2448074e-05,7.648544e-09,1.9480976e-06,1.8683528e-05,3.0969012e-08,1.6990579e-11,1.7845833e-06,7.681592e-07,0.9999645
Shylet/shlt137.wav,val,1.0575676e-05,5.7344387e-09,1.7175344e-06,8.746949e-06,3.3538843e-08,1.7221568e-11,2.1002168e-06,1.3367421e-06,0.99997544
Shylet/shlt138.wav,val,1.46108505e-05,7.1281754e-09,2.218677e-06,2.4113238e-05,2.76958e-08,1.752496e-11,2.1512217e-06,5.612e-07,0.99995625
Shylet/shlt139.wav,test,8.76782e-06,6.410004e-09,1.9701322e-06,8.569289e-06,2.834118e-08,1.7148507e-11,1.9374102e-06,1.3765024e-06,0.99997735
Shylet/shlt142.wav,test,9.593199e-06,6.029172e-09,4.4348158e-06,1.0460219e-05,1.42052e-08,2.03337e-11,2.519891e-06,1.0393818e-06,0.999972
Shylet/shlt148.wav,val,7.834816e-06,4.1666834e-09,4.749333e-06,2.0383952e-06,1.538688e-08,2.9968163e-11,4.602549e-06,4.543789e-06,0.9999763
Shylet/shlt156.wav,test,2.2381993e-05,6.055258e-09,9.059665e-06,2.183167e-06,2.4476764e-08,9.20102e-11,1.4151314e-05,7.750191e-06,0.99994445
Shylet/shlt159.wav,test,1.4735368e-05,7.565542e-09,4.9925015e-06,1.0390144e-05,1.5413613e-08,2.8504294e-11,3.3565025e-06,1.2418102e-06,0.9999652
Shylet/shlt16.wav,val,1.52147895e-05,7.543148e-09,3.107476e-06,3.5630821e-06,3.366243e-08,4.065294e-11,4.883094e-06,4.4763447e-06,0.99996865
Shylet/shlt166.wav,test,8.665856e-06,8.953298e-09,3.5608616e-06,7.9894e-06,1.949651e-08,2.258898e-11,2.560286e-06,1.5570591e-06,0.9999757
Shylet/shlt167.wav,test,6.6114694e-06,4.5783928e-09,3.8684666e-06,4.2028664e-06,1.2801806e-08,1.8343695e-11,2.7093672e-06,1.862025e-06,0.9999808
Shylet/shlt171.wav,val,2.2069074e-05,1.4014123e-08,2.2152544e-06,7.460811e-05,3.2215873e-08,1.7327962e-11,1.4679002e-06,2.986817e-07,0.99989927
Shylet/shlt176.wav,val,6.19052e-06,2.737575e-08,3.1601292e-06,7.368361e-06,2.8926964e-08,2.3680585e-11,1.1161459e-06,2.7352864e-06,0.9999794
Shylet/shlt182.wav,val,1.0811322e-05,5.5105693e-09,2.5342888e-06,6.836032e-06,2.7690088e-08,2.2024908e-11,2.9350026e-06,1.7538645e-06,0.9999751
Shylet/shlt183.wav,val,1.2771715e-05,1.7075967e-08,3.431856e-06,6.8652735e-06,4.572913e-08,4.7051696e-11,2.905055e-06,2.978147e-06,0.99997103
Shylet/shlt184.wav,test,7.784817e-06,9.091236e-09,3.2182672e-06,2.379315e-06,2.4641706e-08,2.5654723e-11,2.3220489e-06,5.211617e-06,0.99997914
Shylet/shlt185.wav,val,5.8236983e-06,8.884308e-09,6.5245467e-06,1.5262352e-06,1.469891e-08,4.0571463e-11,3.353514e-06,6.125919e-06,0.99997663
Shylet/shlt19.wav,test,1.0281886e-05,3.2975631e-09,2.564617e-06,9.278304e-06,1.8263059e-08,1.5471248e-11,2.9540101e-06,1.0074418e-06,0.999974
Shylet/shlt190.wav,val,5.2027435e-06,1.0394071e-08,4.8937286e-06,2.6176708e-06,1.5614244e-08,3.1376644e-11,2.3478576e-06,3.7483642e-06,0.99998116
Shylet/shlt192.wav,test,1.2989735e-05,9.769851e-09,6.7437054e-06,2.401579e-06,2.5355133e-08,6.563704e-11,8.348675e-06,6.2500008e-06,0.99996316
Shylet/shlt196.wav,test,7.834051e-06,1.6254177e-08,1.768215e-06,1.3398526e-05,2.9374188e-08,1.5103852e-11,8.995812e-07,1.0806758e-06,0.99997497
Shylet/shlt204.wav,val,1.0223987e-05,8.267009e-09,3.2611454e-06,8.857385e-06,2.9316526e-08,2.962423e-11,3.0407714e-06,1.8196121e-06,0.9999727
Shylet/shlt207.wav,test,1.5441929e-05,8.631852e-09,6.6907023e-06,4.6370387e-06,1.818105e-08,4.5689216e-11,5.4082084e-06,2.621929e-06,0.9999652
Shylet/shlt208.wav,test,9.988607e-06,7.446829e-09,2.3304335e-06,7.5661956e-06,2.5648632e-08,1.7851044e-11,1.9418314e-06,1.4700565e-06,0.99997663
Shylet/shlt210.wav,test,9.921395e-06,5.725442e-09,3.6359634e-06,6.5613203e-06,2.0143718e-08,2.4584529e-11,3.1690608e-06,1.6190008e-06,0.9999751
Shylet/shlt212.wav,test,8.293322e-06,6.6647763e-09,4.8446173e-06,2.0376058e-06,2.213368e-08,3.946411e-11,4.0125037e-06,5.5824357e-06,0.9999752
Shylet/shlt214.wav,test,5.443113e-06,5.88053e-09,4.8335655e-06,2.4998842e-06,1.5737145e-08,2.941169e-11,3.1107884e-06,3.8629564e-06,0.9999802
Shylet/shlt218.wav,test,6.614975e-06,5.775114e-09,3.823062e-06,4.1891126e-06,1.5350684e-08,2.1811903e-11,2.5692461e-06,2.102025e-06,0.9999807
Shylet/shlt219.wav,test,5.1368306e-06,5.298933e-09,5.1517104e-06,3.4640425e-06,1.4273458e-08,2.7182121e-11,3.09367e-06,3.0927881e-06,0.9999801
Shylet/shlt225.wav,test,8.808699e-06,8.403198e-09,1.7149279e-06,8.39629e-06,3.7799197e-08,1.6234618e-11,1.4876493e-06,1.7659502e-06,0.9999778
Shylet/shlt229.wav,val,6.30964e-06,4.6366435e-09,5.2623072e-06,1.5755307e-06,1.6684842e-08,3.8075695e-11,4.9000028e-06,5.9966615e-06,0.9999759
Shylet/shlt230.wav,test,1.1439773e-05,5.632727e-09,3.072473e-06,3.7500465e-06,2.2796083e-08,2.580255e-11,3.334133e-06,2.4117958e-06,0.9999759
Shylet/shlt233.wav,test,1.18318485e-05,4.326531e-09,2.8837258e-06,3.4320421e-06,2.6982939e-08,2.7984712e-11,4.2249917e-06,2.8504285e-06,0.9999747
Shylet/shlt234.wav,test,1.3159438e-05,6.488338e-09,1.622605e-06,7.980567e-06,3.85606e-08,1.8338355e-11,1.9897134e-06,1.4505957e-06,0.9999739
Shylet/shlt236.wav,test,1.2056142e-05,3.8953716e-09,1.9693764e-06,7.735063e-06,2.80425e-08,1.6951383e-11,2.6294374e-06,1.3131705e-06,0.99997425
Shylet/shlt238.wav,test,1.260073e-05,3.7206236e-09,2.0277807e-06,6.142447e-06,2.6968127e-08,1.7239866e-11,2.7987805e-06,1.502969e-06,0.99997497
Shylet/shlt240.wav,val,8.75803e-06,5.074216e-09,2.0995249e-06,5.205505e-06,2.653051e-08,1.772712e-11,2.1796013e-06,2.0229945e-06,0.99997973
Shylet/shlt248.wav,test,7.91773e-06,9.343508e-09,2.017106e-05,3.957e-07,1.5582565e-08,1.3528155e-10,1.1454803e-05,4.152548e-05,0.9999186
Shylet/shlt250.wav,test,7.2569337e-06,6.7512738e-09,4.9405185e-06,1.671806e-06,1.7077621e-08,3.3955148e-11,3.6192791e-06,6.0941024e-06,0.9999764
Shylet/shlt254.wav,val,6.233268e-06,4.332187e-09,3.95802e-06,4.6988043e-06,1.5467712e-08,2.0561006e-11,2.7467463e-06,2.04556e-06,0.99998033
Shylet/shlt256.wav,val,4.7976596e-06,7.682318e-09,4.5499073e-06,3.062293e-06,1.6346908e-08,2.697043e-11,2.3273558e-06,3.485977e-06,0.99998176
Shylet/shlt257.wav,test,5.8431674e-06,5.911596e-09,4.323959e-06,3.629749e-06,1.5643845e-08,2.3906587e-11,2.4836634e-06,2.592571e-06,0.99998116
Shylet/shlt26.wav,test,1.4994614e-05,6.175897e-09,4.381529e-06,2.570514e-06,2.7069374e-08,5.1141178e-11,7.1269014e-06,5.9533695e-06,0.99996483
Shylet/shlt270.wav,test,1.1463517e-05,5.8342873e-09,2.966605e-06,5.9180793e-06,2.3492497e-08,2.6382974e-11,3.5145852e-06,1.8855451e-06,0.99997425
Shylet/shlt274.wav,test,1.4052212e-05,8.2686435e-09,2.0547325e-06,1.2756075e-05,3.0566614e-08,1.9328681e-11,1.9031262e-06,9.592654e-07,0.9999683
Shylet/shlt28.wav,test,1.3944311e-05,7.412066e-09,5.0244057e-06,1.93346e-06,2.5744441e-08,5.7024472e-11,7.0113792e-06,7.221537e-06,0.99996483
Shylet/shlt281.wav,test,1.0638874e-05,7.4389015e-09,6.18891e-06,6.184361e-06,1.2675012e-08,3.0365276e-11,3.5139572e-06,1.5361696e-06,0.999972
Shylet/shlt286.wav,val,8.4992025e-06,5.0152296e-09,4.156437e-06,8.247559e-06,1.3282352e-08,1.9731931e-11,2.8183765e-06,1.1515525e-06,0.9999751
Shylet/shlt289.wav,val,9.459293e-06,9.577064e-09,2.039994e-06,1.9495716e-05,3.4338285e-08,1.801405e-11,1.4680315e-06,8.943251e-07,0.99996674
Shylet/shlt292.wav,val,3.2070453e-05,1.31678695e-08,2.651291e-06,4.3110962e-05,4.383797e-08,3.0595387e-11,2.8794127e-06,5.618254e-07,0.9999188
Shylet/shlt293.wav,test,1.4428384e-05,5.613962e-09,2.473283e-06,1.1940181e-05,2.8953329e-08,2.2802111e-11,2.8902236e-06,1.0730577e-06,0.9999672
Shylet/shlt295.wav,val,8.21795e-06,1.4335892e-08,6.9294338e-06,3.1690877e-06,1.688511e-08,4.505326e-11,3.1300765e-06,3.59103e-06,0.99997497
Shylet/shlt298.wav,val,1.00513425e-05,5.7811094e-09,2.7936367e-06,1.0735803e-05,1.9877731e-08,1.814683e-11,2.2826673e-06,1.0080415e-06,0.99997306
Shylet/shlt304.wav,val,6.4234323e-06,7.104814e-09,8.468451e-06,6.466867e-07,1.8133404e-08,6.894587e-11,6.732855e-06,2.1498156e-05,0.99995613
Shylet/shlt305.wav,val,6.8358618e-06,4.746716e-09,4.788818e-06,1.8128678e-06,1.4948752e-08,3.1616657e-11,3.96551e-06,4.907242e-06,0.9999778
Shylet/shlt308.wav,test,4.5766647e-06,1.6136035e-08,1.3421991e-05,8.630873e-07,1.3830371e-08,6.89634e-11,4.201611e-06,1.8383376e-05,0.9999585
Shylet/shlt309.wav,test,6.1516344e-06,1.7718175e-08,7.100808e-06,1.2146742e-06,2.3686262e-08,6.234457e-11,3.1515688e-06,1.28533175e-05,0.9999695
Shylet/shlt311.wav,val,6.910587e-06,1.9667738e-07,0.006893454,2.6217262e-07,1.2139247e-08,1.2762702e-08,0.00031604688,0.0054546534,0.9873284
Shylet/shlt318.wav,test,6.9813627e-06,1.1578796e-08,4.063906e-06,4.6959776e-06,1.9779016e-08,2.5032185e-11,1.7035902e-06,2.1413769e-06,0.99998045
Shylet/shlt320.wav,test,7.0416777e-06,5.252041e-09,3.686278e-06,4.0814703e-06,1.9118138e-08,2.4658369e-11,3.0494666e-06,2.4696537e-06,0.9999796
Shylet/shlt327.wav,val,7.4668233e-06,4.9878346e-09,4.3283044e-06,4.070069e-06,1.25677415e-08,1.9990029e-11,2.6793925e-06,1.851529e-06,0.9999795
Shylet/shlt33.wav,val,7.8574485e-06,3.7277204e-09,2.6857024e-06,6.2778718e-06,1.9446546e-08,1.758697e-11,2.6231958e-06,1.5935692e-06,0.9999789
Shylet/shlt334.wav,test,9.162304e-06,3.918134e-09,4.1287153e-06,3.9809124e-06,1.2738511e-08,1.9575364e-11,3.1171237e-06,1.8084386e-06,0.9999777
Shylet/shlt345.wav,test,1.0320684e-05,5.377104e-09,3.1916268e-06,7.0216565e-06,1.5693226e-08,1.7602527e-11,2.1750063e-06,1.1279631e-06,0.99997616
Shylet/shlt347.wav,val,9.790965e-06,4.7823345e-09,4.7215885e-06,6.56585e-06,1.1678273e-08,2.0155174e-11,2.968257e-06,1.1106351e-06,0.99997485
Shylet/shlt350.wav,val,3.203287e-05,7.811677e-09,1.7605547e-06,6.433865e-05,4.4090772e-08,1.899188e-11,2.2956335e-06,3.2957917e-07,0.99989915
Shylet/shlt351.wav,val,2.7766331e-05,6.108344e-09,2.1642647e-06,2.5378908e-05,2.7815291e-08,1.8866023e-11,2.791178e-06,4.6718318e-07,0.99994135
Shylet/shlt357.wav,val,4.6225407e-05,4.5225437e-09,3.0369254e-06,4.4387856e-05,2.827132e-08,2.5265902e-11,4.86435e-06,3.4566955e-07,0.9999012
Shylet/shlt37.wav,val,1.1761205e-05,2.5697355e-09,3.0695714e-06,7.4011355e-06,2.0179524e-08,2.047805e-11,4.8156344e-06,1.4197027e-06,0.9999715
Shylet/shlt370.wav,val,9.352826e-06,4.7826885e-09,5.4188376e-06,3.104772e-06,1.1874374e-08,2.6271003e-11,3.535914e-06,2.241305e-06,0.9999764
Shylet/shlt375.wav,val,6.770276e-06,6.232661e-09,5.148998e-06,4.3037157e-06,1.1358538e-08,2.0351783e-11,2.1339101e-06,1.8578228e-06,0.99997973
Shylet/shlt38.wav,test,5.774199e-06,3.4480416e-09,3.5731027e-06,4.182096e-06,1.32992755e-08,1.806983e-11,2.7496203e-06,1.920632e-06,0.9999819
Shylet/shlt381.wav,test,1.9767296e-05,3.6673329e-09,4.114728e-06,8.552194e-06,1.6366274e-08,2.1553564e-11,4.3484656e-06,1.0262726e-06,0.9999622
Shylet/shlt385.wav,val,9.127995e-06,5.8731344e-09,6.7564856e-06,3.236166e-06,9.993073e-09,2.8366432e-11,3.634434e-06,2.2706386e-06,0.99997497
Shylet/shlt387.wav,val,2.5593592e-05,6.1852057e-09,2.6774537e-06,3.071252e-05,2.77445e-08,2.1570593e-11,3.0956069e-06,5.022541e-07,0.9999374
Shylet/shlt389.wav,val,1.4250908e-05,6.4122507e-09,3.4354873e-06,4.853693e-06,1.7343286e-08,2.249905e-11,2.5218817e-06,1.9466563e-06,0.99997294
Shylet/shlt407.wav,val,7.80097e-06,6.032846e-09,5.0350563e-06,3.687037e-06,1.3715114e-08,2.5694865e-11,2.813614e-06,2.2004085e-06,0.99997854
Shylet/shlt409.wav,test,1.5057343e-05,4.0761896e-09,2.2176862e-06,1.3248265e-05,2.046677e-08,1.4512148e-11,2.402228e-06,6.392341e-07,0.9999664
Shylet/shlt414.wav,val,6.235354e-06,7.167918e-09,4.2550955e-06,4.6808996e-06,1.2364705e-08,1.8891692e-11,1.8815127e-06,1.9815393e-06,0.99998105
Shylet/shlt416.wav,test,7.330386e-06,1.1044147e-08,2.5801323e-06,1.0746471e-05,1.9241048e-08,1.5296363e-11,1.0623818e-06,9.829794e-07,0.99997735
Shylet/shlt418.wav,test,9.1322145e-06,9.327533e-09,4.2126835e-06,2.9784667e-06,2.170028e-08,3.2862938e-11,2.6614482e-06,3.5827636e-06,0.99997735
Shylet/shlt423.wav,test,9.388676e-06,5.6408815e-09,3.2237704e-06,7.0545025e-06,1.7423092e-08,1.8793711e-11,2.36296e-06,1.2232541e-06,0.99997675
Shylet/shlt425.wav,val,6.0454813e-06,5.4420433e-09,5.644803e-06,2.1866215e-06,1.1513249e-08,2.5012313e-11,3.011374e-06,3.2844239e-06,0.99997973
Shylet/shlt426.wav,val,1.1378965e-05,6.4931136e-09,4.01941e-06,1.2007469e-05,1.3185655e-08,1.7063578e-11,2.1385742e-06,7.7273563e-07,0.9999697
Shylet/shlt43.wav,test,1.0463281e-05,2.856335e-09,2.715277e-06,8.329479e-06,1.645282e-08,1.6383618e-11,3.5210287e-06,1.053357e-06,0.9999739
Shylet/shlt432.wav,val,1.0361778e-05,1.24352155e-08,1.2126108e-05,1.7907633e-06,1.0683147e-08,5.5267145e-11,4.0882687e-06,5.1910047e-06,0.9999664
Shylet/shlt442.wav,test,1.3354437e-05,4.451801e-09,2.5540553e-06,9.752432e-06,2.2834067e-08,2.0081516e-11,3.2308062e-06,1.0258725e-06,0.9999701
Shylet/shlt443.wav,val,9.010134e-06,5.4748877e-09,3.4959328e-06,5.8731403e-06,1.6796527e-08,2.1411258e-11,2.7174808e-06,1.5100874e-06,0.99997735
Shylet/shlt445.wav,test,8.488377e-06,6.103482e-09,5.579548e-06,2.3908592e-06,1.4063703e-08,3.251191e-11,3.5831642e-06,3.3314209e-06,0.99997663
Shylet/shlt446.wav,val,5.8671326e-06,9.255394e-09,5.243768e-06,5.3468916e-06,1.20258985e-08,2.2510625e-11,1.9047917e-06,1.6734567e-06,0.99998
Shylet/shlt447.wav,val,8.140347e-06,5.200868e-09,3.1178827e-06,3.5918042e-06,1.6078637e-08,1.8496912e-11,2.275879e-06,2.124365e-06,0.9999808
Shylet/shlt455.wav,test,1.0019238e-05,7.75694e-09,3.0989174e-06,3.8635676e-06,2.2594458e-08,2.480996e-11,2.415977e-06,2.4582205e-06,0.9999782
Shylet/shlt457.wav,val,4.5514694e-06,6.8717103e-09,4.8653037e-06,4.254011e-06,1.0196412e-08,1.8501608e-11,1.6669292e-06,1.75995e-06,0.99998283
Shylet/shlt460.wav,test,7.768797e-06,4.6548676e-09,4.304209e-06,4.688217e-06,1.183179e-08,1.887984e-11,2.6801915e-06,1.5520311e-06,0.999979
Shylet/shlt461.wav,val,1.2303503e-05,6.9338637e-09,5.47846e-06,2.9044065e-06,1.4663179e-08,3.0553882e-11,3.5975486e-06,2.9540604e-06,0.9999728
Shylet/shlt464.wav,val,1.0767939e-05,4.8146753e-09,3.3360604e-06,1.0513988e-05,1.4678057e-08,1.6679505e-11,2.44087e-06,7.795763e-07,0.9999722
Shylet/shlt466.wav,val,9.867649e-06,8.875692e-09,4.2492634e-06,7.744512e-06,1.108862e-08,1.6447985e-11,1.7223811e-06,1.0126312e-06,0.9999753
Shylet/shlt469.wav,val,1.0990222e-05,4.7281814e-09,2.6401497e-06,7.685637e-06,1.623894e-08,1.5042106e-11,2.2283891e-06,9.70629e-07,0.99997544
Shylet/shlt472.wav,test,6.513851e-06,4.640667e-09,4.721713e-06,6.209985e-06,9.015879e-09,1.3613641e-11,1.9739912e-06,1.2858156e-06,0.99997926
Shylet/shlt473.wav,test,9.0200165e-06,4.042432e-09,3.8923868e-06,4.57144e-06,1.3161917e-08,1.9765736e-11,3.002705e-06,1.5724866e-06,0.9999778
Shylet/shlt475.wav,test,1.0223621e-05,4.9879842e-09,4.2047704e-06,9.054284e-06,1.071949e-08,1.6959904e-11,2.5235975e-06,7.95489e-07,0.9999732
Shylet/shlt48.wav,test,8.624583e-06,3.7085992e-09,2.9147675e-06,1.0512028e-05,1.36241205e-08,1.3672415e-11,2.4094961e-06,8.0761214e-07,0.9999747
Shylet/shlt480.wav,test,8.353223e-06,4.095297e-09,4.6007467e-06,4.862133e-06,1.11691785e-08,2.0246159e-11,3.121309e-06,1.4131545e-06,0.9999776
Shylet/shlt481.wav,test,1.682637e-05,4.5071027e-09,3.5103817e-06,1.9718265e-05,1.7023748e-08,1.8794976e-11,3.1750362e-06,5.072312e-07,0.99995625
Shylet/shlt485.wav,test,6.9666344e-06,6.0055996e-09,4.6704376e-06,2.503818e-06,1.3622763e-08,2.5842353e-11,2.7995393e-06,3.0730596e-06,0.99998
Shylet/shlt490.wav,val,8.774318e-06,4.51538e-09,3.8033093e-06,8.5832735e-06,1.300966e-08,1.7182816e-11,2.492459e-06,9.42846e-07,0.9999753
Shylet/shlt492.wav,test,6.3928587e-06,4.669131e-09,6.0442035e-06,1.4993404e-06,1.1387642e-08,2.8063088e-11,3.90133e-06,4.8862616e-06,0.99997723
Shylet/shlt503.wav,val,6.7501146e-06,4.7664432e-09,8.650762e-06,1.5647207e-06,8.527464e-09,3.0623018e-11,4.0954633e-06,4.100411e-06,0.9999747
Shylet/shlt504.wav,test,7.5320027e-06,9.058159e-09,2.8517255e-05,9.60615e-07,7.4978415e-09,9.785082e-11,8.919636e-06,1.1366967e-05,0.9999428
Shylet/shlt51.wav,test,1.0303376e-05,3.0462952e-09,2.666122e-06,5.080889e-06,2.0249601e-08,2.090392e-11,3.9013853e-06,1.8419862e-06,0.9999763
Shylet/shlt511.wav,test,9.821868e-06,4.7020086e-09,3.792352e-06,5.271083e-06,1.4411643e-08,1.9101767e-11,2.7982871e-06,1.4218012e-06,0.999977
Shylet/shlt512.wav,test,1.4122144e-05,4.834526e-09,2.7239128e-06,1.3391532e-05,1.8432901e-08,1.6099164e-11,2.3228442e-06,6.6613853e-07,0.99996686
Shylet/shlt516.wav,test,6.894758e-06,4.890824e-09,5.1393654e-06,5.230719e-06,1.1103511e-08,2.1536203e-11,2.7374654e-06,1.5360388e-06,0.9999784
Shylet/shlt522.wav,test,8.348004e-06,3.715813e-09,4.2259535e-06,6.5707204e-06,1.3116536e-08,1.9255241e-11,3.1846191e-06,1.4090012e-06,0.9999763
Shylet/shlt523.wav,test,1.0811292e-05,3.8007357e-09,2.9855473e-06,4.319573e-06,1.721489e-08,1.8082123e-11,2.9427836e-06,1.7715929e-06,0.9999771
Shylet/shlt524.wav,test,9.042733e-06,3.991218e-09,3.448669e-06,3.2931607e-06,1.7573138e-08,2.3586574e-11,3.3841889e-06,2.5500824e-06,0.9999783
Shylet/shlt527.wav,test,2.3297065e-05,6.60757e-09,1.4061362e-06,5.4580116e-05,3.691098e-08,1.2929032e-11,1.6756475e-06,2.7878122e-07,0.9999188
Shylet/shlt530.wav,test,7.143153e-06,5.721859e-09,4.703643e-06,2.8794443e-06,1.0928095e-08,2.053154e-11,2.2873342e-06,2.482184e-06,0.99998045
Shylet/shlt534.wav,val,8.9934765e-06,4.447474e-09,2.6550233e-06,4.212782e-06,2.0119623e-08,1.7950285e-11,2.4794147e-06,1.9007811e-06,0.99997985
Shylet/shlt536.wav,test,1.9617435e-05,9.403956e-09,3.6470124e-06,3.277372e-05,1.9138312e-08,2.0578409e-11,2.1763894e-06,4.0538552e-07,0.99994135
Shylet/shlt544.wav,test,5.995683e-06,5.4585603e-09,3.98139e-06,4.9726395e-06,1.2858344e-08,1.7399467e-11,2.078889e-06,1.5513629e-06,0.9999814
Shylet/shlt55.wav,test,8.527461e-06,2.8363667e-09,3.8804214e-06,5.5359483e-06,1.5991452e-08,2.1882968e-11,4.4549374e-06,1.8291817e-06,0.9999757
Shylet/shlt550.wav,test,9.026939e-06,4.2962554e-09,4.3859354e-06,7.658806e-06,1.1487928e-08,1.7466528e-11,2.6512257e-06,9.54892e-07,0.9999753
Shylet/shlt557.wav,val,7.8985e-06,7.018204e-09,8.801965e-06,1.4632369e-06,1.3228033e-08,4.732844e-11,4.978881e-06,6.5060945e-06,0.9999703
Shylet/shlt558.wav,test,1.2566753e-05,7.1626247e-09,3.799091e-06,9.004106e-06,1.8036845e-08,2.5267233e-11,2.6559871e-06,1.126578e-06,0.9999709
Shylet/shlt570.wav,val,8.79172e-06,3.0471945e-09,3.7101584e-06,6.98514e-06,1.3067985e-08,1.7379735e-11,3.3866859e-06,1.2156135e-06,0.9999758
Shylet/shlt572.wav,test,1.3006319e-05,3.0589211e-09,3.3412455e-06,5.9224053e-06,1.970688e-08,2.3170264e-11,4.4873555e-06,1.5960337e-06,0.9999716
Shylet/shlt576.wav,val,7.8624125e-06,2.9476834e-09,4.1004528e-06,5.0133253e-06,1.3252216e-08,2.070877e-11,3.9725896e-06,1.769356e-06,0.99997723
Shylet/shlt580.wav,val,7.5386442e-06,2.9503024e-09,3.8560293e-06,4.8940597e-06,1.4167434e-08,1.9686057e-11,3.7135057e-06,1.7898782e-06,0.9999783
Shylet/shlt593.wav,val,9.0534195e-06,3.2442293e-09,3.527943e-06,6.6380603e-06,1.41106336e-08,1.8020297e-11,3.6379815e-06,1.2661882e-06,0.9999759
Shylet/shlt594.wav,test,8.374077e-06,3.153885e-09,3.833336e-06,4.673058e-06,1.550479e-08,2.24549e-11,4.0306945e-06,1.9839024e-06,0.9999771
Shylet/shlt600.wav,val,7.31092e-06,3.086757e-09,4.02367e-06,5.284618e-06,1.2946944e-08,1.9245803e-11,3.7458904e-06,1.5688679e-06,0.99997807
Shylet/shlt608.wav,test,7.1155923e-06,3.0514729e-09,3.430754e-06,5.607968e-06,1.4596856e-08,1.7893421e-11,3.2724934e-06,1.6404458e-06,0.9999789
Shylet/shlt609.wav,val,5.497508e-06,6.317363e-09,4.0794557e-06,2.6879525e-06,1.4856406e-08,2.4383141e-11,2.6293596e-06,3.2626901e-06,0.9999819
Shylet/shlt614.wav,val,6.643561e-06,2.8890916e-09,3.2878886e-06,4.3069167e-06,1.5822048e-08,1.8153054e-11,3.4357024e-06,2.1107865e-06,0.9999802
Shylet/shlt615.wav,test,7.721842e-06,2.989951e-09,3.1034779e-06,6.522983e-06,1.5088693e-08,1.6100484e-11,2.9597386e-06,1.4027238e-06,0.9999782
Shylet/shlt616.wav,val,9.238325e-06,3.8318824e-09,4.8216352e-06,3.0855695e-06,1.4815161e-08,2.785877e-11,4.9580276e-06,2.8822533e-06,0.9999751
Shylet/shlt617.wav,test,1.0105507e-05,2.3435e-09,4.656331e-06,3.936554e-06,1.3530227e-08,2.317176e-11,5.827401e-06,2.180452e-06,0.9999733
Shylet/shlt618.wav,val,7.762431e-06,3.485601e-09,3.0232195e-06,6.3333123e-06,1.5542414e-08,1.694822e-11,3.0977242e-06,1.389283e-06,0.9999784
Shylet/shlt62.wav,val,1.5091257e-05,7.90098e-09,2.1689202e-06,5.461221e-06,4.0344503e-08,2.6028417e-11,3.1152908e-06,2.9760038e-06,0.99997115
Shylet/shlt635.wav,val,8.755438e-06,2.7761555e-09,3.8243797e-06,4.3809873e-06,1.4449482e-08,2.1205189e-11,4.5036863e-06,2.0039245e-06,0.9999765
Shylet/shlt636.wav,test,1.0873897e-05,3.0038823e-09,3.157036e-06,8.282726e-06,1.580914e-08,1.7083756e-11,3.7050768e-06,1.1171128e-06,0.9999728
Shylet/shlt645.wav,val,7.761309e-06,2.892561e-09,2.7801273e-06,5.696432e-06,1.7656468e-08,1.6857666e-11,3.4344364e-06,1.611024e-06,0.9999788
Shylet/shlt649.wav,test,8.2718425e-06,2.8314273e-09,4.1710377e-06,5.223647e-06,1.4835024e-08,2.2948999e-11,4.5546517e-06,1.868858e-06,0.9999759
Shylet/shlt65.wav,test,7.6775155e-05,5.3742053e-08,2.6132977e-06,0.00071270403,1.03877206e-07,3.5434183e-11,1.7156053e-06,1.6832932e-07,0.9992059
Shylet/shlt650.wav,val,7.410815e-06,3.3232264e-09,3.7696093e-06,4.600484e-06,1.5803804e-08,2.1783214e-11,3.5274145e-06,2.1272735e-06,0.99997866
Shylet/shlt654.wav,val,6.8694762e-06,2.9879792e-09,2.9383284e-06,4.8636266e-06,1.5968238e-08,1.713901e-11,3.1024874e-06,1.8313667e-06,0.99998033
Shylet/shlt666.wav,test,1.304203e-05,1.4623182e-08,3.648045e-06,5.0907356e-06,3.345735e-08,4.5989008e-11,3.5915045e-06,3.7991013e-06,0.9999708
Shylet/shlt667.wav,val,7.873983e-06,3.5483694e-09,3.5021585e-06,4.8187026e-06,1.4173417e-08,1.8521098e-11,3.0678884e-06,1.7342218e-06,0.999979
Shylet/shlt671.wav,test,1.5529531e-05,1.8076136e-08,2.3260031e-06,8.047668e-06,4.387881e-08,3.6599463e-11,2.3956404e-06,2.867165e-06,0.99996877
Shylet/shlt672.wav,val,8.27602e-06,2.6116698e-09,3.9826077e-06,5.082813e-06,1.3936671e-08,2.0487875e-11,4.6329174e-06,1.8087276e-06,0.9999763
Shylet/shlt676.wav,val,7.5447438e-06,3.4913028e-09,3.0451354e-06,6.8982695e-06,1.639619e-08,1.6842873e-11,2.7996762e-06,1.4069643e-06,0.9999783
Shylet/shlt679.wav,test,1.24644075e-05,4.438529e-09,1.8343214e-06,1.5180666e-05,2.7144516e-08,1.4709801e-11,2.3825223e-06,7.7995844e-07,0.99996734
Shylet/shlt689.wav,val,9.581126e-06,2.9721177e-09,2.6364107e-06,7.963976e-06,1.9548263e-08,1.5543856e-11,3.1396658e-06,1.3895216e-06,0.99997544
Shylet/shlt690.wav,test,1.8161361e-05,3.5221925e-09,2.1686783e-06,2.0060395e-05,2.4018455e-08,1.4969774e-11,3.0986623e-06,5.754367e-07,0.999956
Shylet/shlt697.wav,val,2.0069201e-05,4.2193022e-09,1.8555055e-06,3.193392e-05,2.9728728e-08,1.45027315e-11,2.814987e-06,4.4611878e-07,0.9999429
Shylet/shlt699.wav,val,5.4594425e-06,3.137051e-09,3.2180403e-06,3.0399328e-06,1.2750613e-08,1.6256269e-11,2.886174e-06,2.3569771e-06,0.9999831
Shylet/shlt70.wav,test,8.4928515e-06,4.825653e-09,2.8614445e-06,8.662679e-06,1.7699382e-08,1.7119991e-11,2.4954109e-06,1.1784563e-06,0.9999763
Shylet/shlt701.wav,val,1.0217571e-05,3.6601764e-09,2.5729125e-06,1.0138986e-05,1.872823e-08,1.5384579e-11,2.6930074e-06,9.862357e-07,0.9999734
Shylet/shlt704.wav,test,1.0266385e-05,3.7093144e-09,1.910808e-06,1.1636423e-05,2.4357954e-08,1.3758693e-11,2.4277645e-06,9.2873984e-07,0.99997294
Shylet/shlt708.wav,test,1.328089e-05,3.7797054e-09,2.0963441e-06,2.2285958e-05,1.5631164e-08,1.0738813e-11,2.0319003e-06,4.2825718e-07,0.9999598
Shylet/shlt709.wav,val,7.669331e-06,3.5889338e-09,2.3100797e-06,6.277567e-06,1.7100305e-08,1.28857055e-11,2.3024497e-06,1.3442321e-06,0.9999801
Shylet/shlt711.wav,val,1.0602247e-05,4.7181103e-09,2.3278856e-06,1.2275831e-05,1.85982e-08,1.4442973e-11,2.0966372e-06,7.9152636e-07,0.99997187
Shylet/shlt715.wav,test,8.311242e-06,7.373045e-09,1.7294193e-06,1.2206042e-05,2.2915955e-08,1.3038508e-11,1.3578951e-06,9.002416e-07,0.99997544
Shylet/shlt718.wav,test,8.433606e-06,3.2942502e-09,2.6589325e-06,6.413521e-06,1.866829e-08,1.7254882e-11,3.1603474e-06,1.4314609e-06,0.9999778
Shylet/shlt719.wav,test,8.138354e-06,3.4214898e-09,2.4331362e-06,7.148391e-06,1.9086341e-08,1.5534801e-11,2.8254901e-06,1.3139686e-06,0.9999782
Shylet/shlt724.wav,test,0.024558166,6.590709e-06,9.165962e-06,0.40278003,3.5384957e-05,1.2658059e-08,2.8342489e-05,1.1675621e-07,0.5725822
Shylet/shlt725.wav,val,9.041028e-06,1.3644496e-08,2.4418284e-06,1.3641472e-05,2.9172758e-08,2.2145818e-11,1.6834842e-06,1.1924469e-06,0.99997187
Shylet/shlt728.wav,val,1.829602e-05,5.965032e-09,2.217403e-06,3.7747635e-05,2.5298482e-08,1.6568639e-11,2.5174247e-06,3.9318653e-07,0.99993885
Shylet/shlt732.wav,val,0.00014054218,1.388675e-07,1.6954286e-06,0.0026276698,1.9460377e-07,4.4729782e-11,1.1035122e-06,6.1235205e-08,0.99722856
Shylet/shlt736.wav,val,5.8503674e-06,2.3264517e-08,2.6286739e-06,3.856036e-05,1.78541e-08,1.28602e-11,5.5561816e-07,4.819286e-07,0.99995184
Shylet/shlt74.wav,val,5.2264266e-05,1.3519741e-08,2.4263375e-06,0.00019622281,6.168542e-08,2.9444967e-11,3.273911e-06,2.2916444e-07,0.9997454
Shylet/shlt740.wav,test,0.00066400674,8.492568e-08,3.3200238e-06,0.0045005796,4.578783e-07,1.8596419e-10,6.916127e-06,8.494918e-08,0.99482465
Shylet/shlt748.wav,test,8.8410625e-06,2.7883478e-09,2.6777855e-06,6.4321944e-06,1.787558e-08,1.5924794e-11,3.3211866e-06,1.3849295e-06,0.99997735
Shylet/shlt75.wav,test,1.847231e-05,7.67668e-09,4.5144784e-06,4.138102e-06,2.3623615e-08,3.9437665e-11,5.3784e-06,2.710903e-06,0.9999647
Shylet/shlt750.wav,val,2.1039283e-05,4.2769503e-08,3.858092e-06,7.7977355e-05,3.862834e-08,4.2890913e-11,2.0941766e-06,6.275236e-07,0.99989426
Shylet/shlt758.wav,test,6.8757645e-06,4.5603605e-09,5.5022124e-06,2.2032107e-06,1.3384409e-08,3.3555866e-11,5.3485173e-06,4.931662e-06,0.9999751
Shylet/shlt76.wav,test,4.518185e-06,4.5067567e-09,4.4183057e-06,2.4732738e-06,1.2274726e-08,2.1791983e-11,2.8642116e-06,3.2031671e-06,0.9999825
Shylet/shlt765.wav,test,5.158381e-06,6.182119e-09,3.8733583e-06,2.7977405e-06,1.5849318e-08,2.4506511e-11,2.7929818e-06,3.5280918e-06,0.9999819
Shylet/shlt768.wav,val,3.9167382e-05,1.1179476e-08,4.2959205e-06,3.6092042e-05,3.0193856e-08,3.7578447e-11,4.866087e-06,6.0846077e-07,0.9999149
Shylet/shlt778.wav,test,1.1099503e-05,8.39179e-09,3.0195108e-06,2.0748354e-05,1.9356998e-08,1.7985231e-11,2.3213695e-06,7.2453884e-07,0.9999621
Shylet/shlt781.wav,val,8.924832e-06,1.20257475e-08,2.3852738e-06,1.4801513e-05,2.6915663e-08,1.7056414e-11,1.4017086e-06,1.1855112e-06,0.9999713
Shylet/shlt784.wav,test,9.626995e-05,1.1014328e-07,1.0123748e-06,0.00021539308,5.654913e-07,6.217871e-11,1.3804664e-06,1.1226496e-06,0.9996841
Shylet/shlt791.wav,test,1.5610374e-05,1.1806697e-08,2.7932476e-06,5.5846654e-06,6.308593e-08,4.2341144e-11,3.756604e-06,8.60618e-06,0.9999635
Shylet/shlt795.wav,test,1.399218e-05,5.172978e-09,1.4944276e-06,2.0171983e-05,3.4818232e-08,1.4399995e-11,2.2291401e-06,7.195853e-07,0.9999615
Shylet/shlt796.wav,test,5.6151507e-06,4.4927218e-09,2.2542868e-06,3.0450071e-06,2.1360401e-08,1.6776152e-11,2.2094857e-06,3.0156543e-06,0.9999839
Shylet/shlt806.wav,test,1.1763937e-05,4.3911963e-09,2.0172688e-06,1.2872095e-05,3.0039246e-08,1.7829542e-11,2.9995392e-06,1.052059e-06,0.99996924
Shylet/shlt809.wav,test,1.4608521e-05,3.920528e-09,2.0026268e-06,1.0182794e-05,2.9790966e-08,1.9162838e-11,3.5237708e-06,1.120064e-06,0.9999685
Shylet/shlt815.wav,test,1.1159581e-05,3.5840884e-09,2.3576902e-06,9.869479e-06,2.4014346e-08,1.8776133e-11,3.5648404e-06,1.1242962e-06,0.99997187
Shylet/shlt817.wav,val,6.686855e-06,4.9252455e-09,2.1644646e-06,3.4626196e-06,2.5452136e-08,1.921401e-11,2.5809643e-06,2.8453655e-06,0.99998224
Shylet/shlt818.wav,test,1.4106835e-05,4.1234918e-09,1.5065613e-06,1.3739528e-05,4.1859455e-08,1.7834834e-11,3.0888289e-06,1.0356833e-06,0.9999665
Shylet/shlt823.wav,test,1.0565292e-05,3.8079815e-09,1.9660588e-06,8.552764e-06,3.1698534e-08,1.8750702e-11,3.0575372e-06,1.4043701e-06,0.99997437
Shylet/shlt832.wav,val,9.2294695e-06,5.73059e-09,3.3383976e-06,1.2690284e-06,3.436964e-08,3.8616242e-11,4.24495e-06,1.2236393e-05,0.9999697
Shylet/shlt835.wav,val,5.0366125e-05,8.6157925e-09,1.9629858e-06,4.88114e-05,7.9195814e-08,3.0003215e-11,4.007303e-06,6.704351e-07,0.999894
Shylet/shlt838.wav,val,1.1370337e-05,6.696849e-09,1.1505985e-06,1.1904175e-05,3.7261373e-08,1.1884832e-11,1.3915526e-06,1.0318345e-06,0.9999732
Shylet/shlt841.wav,test,0.00013820865,4.8705004e-08,1.2434466e-06,0.00061297964,2.8115633e-07,3.6245833e-11,1.7092876e-06,2.2672332e-07,0.9992454
Shylet/shlt845.wav,val,1.2660184e-05,4.370932e-09,2.211059e-06,8.978837e-06,3.1747497e-08,2.2306424e-11,3.7817258e-06,1.4034925e-06,0.99997103
Shylet/shlt856.wav,test,1.0070064e-05,4.424975e-09,1.7465203e-06,3.556634e-06,4.120632e-08,2.5240051e-11,4.0934146e-06,4.4895237e-06,0.99997604
Shylet/shlt858.wav,val,8.98955e-06,3.111792e-09,2.5687102e-06,7.731206e-06,2.0425592e-08,1.7200573e-11,3.2338562e-06,1.3157954e-06,0.99997616
Shylet/shlt861.wav,test,1.1812789e-05,2.8959652e-09,2.3416676e-06,5.3027225e-06,2.3422437e-08,2.0040967e-11,4.3349123e-06,1.8095539e-06,0.99997437
Shylet/shlt864.wav,test,1.3834872e-05,3.4051848e-09,2.6673938e-06,5.273342e-06,2.3525079e-08,2.1740599e-11,4.507884e-06,2.1122908e-06,0.9999716
Shylet/shlt865.wav,test,1.3655457e-05,3.0863567e-09,2.708634e-06,6.6673615e-06,2.4259135e-08,2.369289e-11,4.9588084e-06,1.5684027e-06,0.99997044
Shylet/shlt87.wav,test,8.680618e-06,8.0838625e-09,4.1475732e-06,2.7140181e-06,2.275476e-08,3.4213923e-11,3.2650162e-06,3.7980794e-06,0.99997735
Shylet/shlt871.wav,test,1.0852537e-05,4.227836e-09,2.0479636e-06,1.3234512e-05,2.5661581e-08,1.5427019e-11,2.6820724e-06,9.349911e-07,0.9999702
Shylet/shlt872.wav,test,2.1399046e-05,8.329609e-09,1.5707927e-06,6.990035e-05,5.020323e-08,1.6516953e-11,2.2159506e-06,3.7996298e-07,0.9999044
Shylet/shlt874.wav,test,5.3110343e-06,7.73097e-09,2.5336044e-06,2.7854026e-06,2.4862421e-08,2.0501583e-11,1.8087368e-06,4.1851936e-06,0.9999833
Shylet/shlt884.wav,test,5.7824946e-06,1.0884555e-08,1.6108651e-06,7.318909e-06,3.594848e-08,1.4054132e-11,9.63375e-07,2.0441244e-06,0.9999821
Shylet/shlt896.wav,test,6.2115264e-06,1.03046025e-08,1.3417593e-06,3.3909482e-06,6.6928656e-08,2.1245918e-11,1.4805736e-06,6.933306e-06,0.99998045
Shylet/shlt898.wav,test,8.836509e-06,1.6273447e-08,1.128556e-06,1.6468406e-05,5.7921177e-08,1.4389292e-11,8.331178e-07,1.4126323e-06,0.9999714
Shylet/shlt899.wav,val,5.491842e-06,9.7052295e-09,1.4291883e-06,6.8129007e-06,3.0312954e-08,1.12375656e-11,8.2971997e-07,1.8266753e-06,0.99998355
Shylet/shlt90.wav,val,7.8045105e-06,5.904689e-09,4.266205e-06,6.1126884e-06,1.45135495e-08,2.236054e-11,2.8659679e-06,1.549875e-06,0.99997747
Shylet/shlt902.wav,val,8.4446465e-06,1.1739664e-08,1.1349255e-06,2.3220755e-05,5.632519e-08,1.3188494e-11,1.0128257e-06,9.481618e-07,0.9999652
Shylet/shlt903.wav,test,1.2898083e-05,1.1021267e-08,1.2227723e-06,1.6302014e-05,5.3729476e-08,1.434019e-11,1.1133533e-06,1.2622311e-06,0.9999672
Shylet/shlt904.wav,val,8.785827e-06,5.7832428e-09,1.9626034e-06,9.5397545e-06,3.451253e-08,1.8180554e-11,2.3765922e-06,1.5851626e-06,0.9999758
Shylet/shlt910.wav,test,1.1344863e-05,9.110278e-09,1.8577721e-06,9.516542e-06,4.3646548e-08,2.054534e-11,1.9197169e-06,1.916585e-06,0.9999734
Shylet/shlt911.wav,val,1.7959712e-05,1.5465083e-08,1.3785304e-06,3.6291378e-05,7.332916e-08,1.9701869e-11,1.4208485e-06,8.4994997e-07,0.99994195
Shylet/shlt914.wav,val,8.720435e-06,1.20606645e-08,1.3160478e-06,2.2474635e-05,4.5560338e-08,1.2743077e-11,9.0925624e-07,9.3237514e-07,0.99996567
Shylet/shlt916.wav,test,4.138135e-05,7.8559275e-08,1.4206558e-06,0.00085504324,1.8819975e-07,2.586424e-11,7.482476e-07,2.194086e-07,0.9991009
Shylet/shlt924.wav,test,1.2152046e-05,4.0821124e-09,2.127762e-06,1.3479789e-05,2.4386626e-08,1.4923182e-11,2.6158145e-06,8.340465e-07,0.99996877
Shylet/shlt927.wav,test,7.869469e-06,5.263609e-09,1.7863781e-06,4.9574783e-06,3.113636e-08,1.7105541e-11,2.2416568e-06,2.3763819e-06,0.9999807
Shylet/shlt932.wav,test,8.154437e-06,3.555043e-09,2.6672592e-06,5.198429e-06,1.928271e-08,1.7197998e-11,2.997016e-06,1.7156893e-06,0.99997926
Shylet/shlt934.wav,test,6.429614e-06,3.5883778e-09,4.3248883e-06,3.3279157e-06,1.4890612e-08,2.3137856e-11,3.6372421e-06,2.6851612e-06,0.9999796
Shylet/shlt935.wav,test,2.1200198e-05,4.3546957e-09,2.306338e-06,2.573435e-05,3.120258e-08,1.9663656e-11,3.9540773e-06,6.812063e-07,0.999946
Shylet/shlt938.wav,test,3.0001416e-05,2.8253542e-08,1.3588519e-06,3.294716e-05,1.292775e-07,3.582691e-11,1.7709962e-06,1.7098278e-06,0.99993205
Shylet/shlt94.wav,val,9.41888e-06,8.677364e-09,4.2699794e-06,5.5154974e-06,1.6467183e-08,2.4755377e-11,2.2941572e-06,1.775325e-06,0.99997675
Shylet/shlt947.wav,val,7.3132346e-06,1.1217432e-08,1.7329204e-06,4.4675585e-06,4.125366e-08,2.099774e-11,1.4483002e-06,3.254737e-06,0.99998176
Shylet/shlt948.wav,test,7.908243e-06,3.0824914e-08,1.3809453e-06,4.639619e-05,4.518227e-08,1.1482415e-11,4.7028905e-07,6.529859e-07,0.99994314
Shylet/shlt950.wav,val,7.071518e-06,8.581048e-09,2.149947e-06,8.242313e-06,3.403464e-08,2.0277757e-11,1.8191669e-06,1.9578777e-06,0.9999788
Shylet/shlt952.wav,test,9.985223e-06,1.04870574e-08,1.7953179e-06,2.275178e-05,4.056842e-08,1.5725988e-11,1.4372189e-06,9.3025795e-07,0.99996305
Shylet/shlt96.wav,val,5.754068e-06,7.0402653e-09,3.1761986e-06,3.0391288e-06,1.750978e-08,2.0745294e-11,1.9976364e-06,3.4267646e-06,0.9999827
Rajshahi/raj1.wav,test,0.02564445,0.28064716,0.00067278935,0.015694475,0.33385804,0.002518981,0.0004850793,0.3250783,0.015400664
Rajshahi/raj101.wav,test,3.9887396e-09,2.4875297e-07,1.4722456e-06,1.1823294e-10,2.4365324e-06,3.8414174e-07,6.996898e-07,0.9999845,1.0275025e-05
Rajshahi/raj105.wav,val,3.9054635e-09,9.5021363e-07,1.3739715e-07,1.4139868e-10,6.347469e-05,3.642805e-06,6.8076776e-07,0.99992955,1.4647158e-06
Rajshahi/raj106.wav,test,1.7687526e-09,2.6068102e-07,5.894437e-07,6.583249e-11,4.3153445e-06,7.705117e-07,5.791839e-07,0.9999896,3.794835e-06
Rajshahi/raj115.wav,val,2.3150797e-09,2.522819e-07,6.2886e-07,7.90898e-11,4.8622323e-06,6.687607e-07,6.383575e-07,0.99998844,4.4589815e-06
Rajshahi/raj121.wav,test,2.2845011e-08,4.885478e-06,4.2138856e-07,1.0480611e-09,4.3648237e-05,6.161524e-07,4.0960728e-07,0.9999075,4.2460935e-05
Rajshahi/raj123.wav,test,5.2064304e-09,3.9570623e-06,1.0467138e-06,3.6463446e-10,6.810308e-06,8.402524e-07,3.6122094e-07,0.9999758,1.1153943e-05
Rajshahi/raj127.wav,test,3.6129173e-09,3.20387e-07,1.4673416e-06,1.14762554e-10,2.3104983e-06,7.2032094e-07,9.232519e-07,0.9999877,6.5206937e-06
Rajshahi/raj13.wav,test,6.401157e-08,1.6959382e-07,3.8482912e-07,2.530655e-10,4.170669e-05,1.1477827e-06,9.156538e-06,0.99992895,1.838592e-05
Rajshahi/raj130.wav,test,2.6866962e-09,4.4590993e-06,5.14975e-07,1.6406249e-10,1.2427989e-05,1.8135212e-06,1.759225e-07,0.99997854,1.9860086e-06
Rajshahi/raj133.wav,test,0.00019288539,0.00040490762,0.0011294003,1.1186058e-06,6.454865e-05,4.1667394e-05,7.903237e-05,0.9962525,0.0018340502
Rajshahi/raj134.wav,val,2.4442087e-08,2.4420666e-07,9.3647907e-07,2.352288e-10,9.602559e-06,5.680006e-07,2.7296494e-06,0.99996305,2.2854923e-05
Rajshahi/raj14.wav,val,2.9354059e-08,6.569325e-07,7.8547e-06,4.9582305e-10,2.4340106e-06,1.1164221e-06,8.374125e-06,0.9999323,4.7187074e-05
Rajshahi/raj149.wav,test,4.9112843e-09,2.3111708e-07,9.556143e-07,9.790953e-11,3.6581537e-06,4.7385848e-07,9.544984e-07,0.9999856,8.1633825e-06
Rajshahi/raj157.wav,test,3.5855277e-09,1.5057942e-07,4.572906e-07,5.4640185e-11,7.6167075e-06,7.483379e-07,1.0918856e-06,0.9999862,3.726509e-06
Rajshahi/raj158.wav,val,5.432578e-09,4.3789714e-07,6.211375e-07,1.4134764e-10,8.19257e-06,6.541938e-07,5.42859e-07,0.99998415,5.4366756e-06
Rajshahi/raj159.wav,val,5.178772e-09,3.9474256e-07,1.2534093e-06,1.1812064e-10,3.9735796e-06,8.9067896e-07,9.835816e-07,0.99998796,4.5288825e-06
Rajshahi/raj165.wav,test,6.8233597e-09,7.0033343e-07,1.1866277e-06,1.5760267e-10,5.7420684e-06,1.2414519e-06,7.4396553e-07,0.9999865,3.9422416e-06
Rajshahi/raj176.wav,val,4.9524647e-09,8.6711987e-07,3.4817112e-05,2.2788921e-10,3.6538577e-07,1.8742064e-06,2.0091984e-06,0.9999546,5.4549982e-06
Rajshahi/raj190.wav,test,6.4838215e-09,2.682795e-07,1.9198642e-06,1.0595612e-10,1.9192325e-06,5.306198e-07,1.4421058e-06,0.9999796,1.4230658e-05
Rajshahi/raj194.wav,val,1.7312612e-08,2.3768742e-07,1.4298805e-06,2.399754e-10,5.0755148e-06,6.762824e-07,3.1138582e-06,0.9999652,2.4173965e-05
Rajshahi/raj199.wav,test,6.6907866e-09,2.909139e-07,3.595109e-06,1.0815701e-10,1.1832121e-06,6.685741e-07,1.5559068e-06,0.99998116,1.1538718e-05
Rajshahi/raj202.wav,test,8.095298e-09,9.939029e-07,2.2243865e-05,2.11296e-10,4.7382804e-07,2.0602006e-06,2.4061758e-06,0.99996424,7.487952e-06
Rajshahi/raj205.wav,test,5.524184e-09,3.651688e-07,1.9804104e-06,9.3349745e-11,2.0459722e-06,7.619937e-07,1.16757e-06,0.9999862,7.5900016e-06
Rajshahi/raj207.wav,val,5.0158637e-09,3.123743e-07,3.0190106e-06,9.5690136e-11,1.5940428e-06,1.0181716e-06,1.4330709e-06,0.9999871,5.563014e-06
Rajshahi/raj208.wav,val,6.8963075e-09,2.6848912e-07,4.2368997e-06,1.2136372e-10,1.2421183e-06,7.1281175e-07,1.6010987e-06,0.9999815,1.0445893e-05
Rajshahi/raj210.wav,val,2.6312293e-08,1.4946824e-06,6.3256855e-05,7.4681816e-10,5.164183e-07,1.7865274e-06,6.463358e-06,0.99989164,3.469659e-05
Rajshahi/raj214.wav,test,1.0634425e-08,2.0121318e-07,2.390374e-06,1.5532416e-10,2.210513e-06,5.6806306e-07,2.7539916e-06,0.99997294,1.8992849e-05
Rajshahi/raj215.wav,test,2.2657707e-08,9.1284926e-07,1.7217122e-05,5.341179e-10,1.0158776e-06,1.3874494e-06,3.88495e-06,0.9999546,2.0959124e-05
Rajshahi/raj216.wav,val,4.374435e-09,1.5326744e-07,9.649293e-07,7.9874454e-11,4.0661043e-06,7.215437e-07,1.635985e-06,0.9999863,6.15739e-06
Rajshahi/raj225.wav,val,1.26894735e-08,2.8722897e-07,7.547532e-07,2.1512585e-10,1.0199911e-05,8.0126284e-07,1.767373e-06,0.99997354,1.2597852e-05
Rajshahi/raj227.wav,val,2.4651548e-08,2.6011253e-07,9.3918067e-07,2.9175296e-10,9.308403e-06,3.617682e-07,2.5448269e-06,0.99993217,5.438413e-05
Rajshahi/raj236.wav,val,1.4694383e-08,5.732751e-07,1.838235e-06,2.80461e-10,5.5390856e-06,1.0587864e-06,2.1971289e-06,0.9999776,1.118481e-05
Rajshahi/raj237.wav,val,1.4527266e-08,1.7845623e-07,5.9441516e-07,1.9430638e-10,1.0728353e-05,4.5402473e-07,2.7123792e-06,0.99995697,2.8356162e-05
Rajshahi/raj24.wav,test,5.113418e-08,3.1812087e-07,2.8799268e-06,4.710832e-10,5.9375216e-06,7.908304e-07,1.386549e-05,0.99993145,4.4779736e-05
Rajshahi/raj241.wav,test,4.291788e-08,7.4685295e-07,2.1299857e-06,8.999607e-10,8.320167e-06,3.5363385e-07,2.0237892e-06,0.99985564,0.00013075244
Rajshahi/raj245.wav,test,1.0985053e-08,3.0777997e-07,7.913981e-07,1.8134674e-10,7.2345756e-06,3.3948686e-07,1.2122239e-06,0.99995863,3.1460317e-05
Rajshahi/raj247.wav,test,3.1278898e-08,4.240812e-07,6.7249715e-07,3.1182365e-10,1.7463664e-05,6.446338e-07,2.1670044e-06,0.9999552,2.3439652e-05
Rajshahi/raj253.wav,val,1.3357354e-08,7.949903e-07,7.776222e-07,3.6785816e-10,1.8445593e-05,1.6654931e-06,1.5774228e-06,0.9999697,6.9809353e-06
Rajshahi/raj256.wav,test,2.55609e-08,3.9973835e-07,9.260538e-07,3.423993e-10,1.1023375e-05,5.170493e-07,1.7010968e-06,0.9999529,3.2431402e-05
Rajshahi/raj257.wav,test,4.8364663e-09,2.5517153e-07,1.6465743e-06,8.829149e-11,1.8844898e-06,5.3889323e-07,1.1972676e-06,0.99998283,1.1647651e-05
Rajshahi/raj258.wav,val,9.504327e-09,1.5288325e-07,8.054126e-07,1.1688325e-10,5.16477e-06,4.5732872e-07,1.927581e-06,0.99997413,1.7360742e-05
Rajshahi/raj259.wav,val,6.373476e-09,1.471693e-07,7.844237e-07,1.0166803e-10,4.451949e-06,4.5321957e-07,1.5295506e-06,0.9999769,1.5764213e-05
Rajshahi/raj262.wav,test,5.12457e-09,1.777795e-07,6.491342e-07,8.9777984e-11,4.7813946e-06,3.3793683e-07,9.772037e-07,0.99997616,1.6930368e-05
Rajshahi/raj266.wav,test,7.654965e-09,1.9264164e-07,1.3435395e-06,1.4890288e-10,3.929269e-06,7.1478667e-07,2.2535464e-06,0.9999778,1.368309e-05
Rajshahi/raj269.wav,val,5.8243135e-09,2.0541948e-07,1.276421e-06,9.7869386e-11,2.832569e-06,4.1868222e-07,1.3117923e-06,0.99997985,1.4081432e-05
Rajshahi/raj270.wav,test,3.677448e-09,1.5597884e-07,4.9234103e-07,6.695977e-11,6.677399e-06,5.5173825e-07,9.801432e-07,0.9999852,5.906608e-06
Rajshahi/raj275.wav,val,6.7196977e-09,1.490838e-07,4.306406e-07,1.0390722e-10,1.04821365e-05,5.6676e-07,1.7883873e-06,0.99997663,9.899068e-06
Rajshahi/raj276.wav,test,2.3038135e-08,1.4483071e-06,3.290212e-06,7.107237e-10,7.0183355e-06,2.3861974e-06,2.1907235e-06,0.9999752,8.493701e-06
Rajshahi/raj281.wav,test,3.7554322e-08,5.726713e-07,1.2499371e-06,7.8257456e-10,1.3477673e-05,5.5712354e-07,2.14723e-06,0.9999119,7.010155e-05
Rajshahi/raj283.wav,val,4.486012e-09,1.6030891e-07,5.2637813e-07,7.9465705e-11,6.3964553e-06,4.7519617e-07,1.083016e-06,0.9999827,8.6615455e-06
Rajshahi/raj285.wav,val,8.631107e-09,2.1619935e-07,8.9787505e-07,1.6519441e-10,5.880028e-06,5.714681e-07,1.9353397e-06,0.99997437,1.6041495e-05
Rajshahi/raj286.wav,test,2.1341881e-08,9.053439e-07,2.2434333e-06,3.907374e-10,5.4545358e-06,1.1663869e-06,1.4365149e-06,0.9999747,1.4115026e-05
Rajshahi/raj297.wav,val,2.4604963e-08,7.951079e-07,2.9316487e-07,4.4439635e-10,7.269234e-05,2.2425818e-06,1.5935748e-06,0.9999156,6.751615e-06
Rajshahi/raj305.wav,val,5.250273e-09,1.9211379e-07,1.4260512e-06,1.0080336e-10,2.6114758e-06,5.1402117e-07,1.7730982e-06,0.99998057,1.2924519e-05
Rajshahi/raj316.wav,test,2.4578249e-08,7.3698055e-07,1.13839e-06,4.0838125e-10,1.3508321e-05,1.1590639e-06,2.0810708e-06,0.999966,1.5290985e-05
Rajshahi/raj317.wav,test,9.770269e-09,2.943378e-07,3.1095549e-06,1.965611e-10,1.8187707e-06,4.582051e-07,1.9067971e-06,0.9999641,2.8272549e-05
Rajshahi/raj321.wav,test,6.22379e-09,1.751108e-07,1.0662318e-06,9.403003e-11,3.641246e-06,4.6051022e-07,1.8151628e-06,0.9999802,1.26477025e-05
Rajshahi/raj322.wav,test,2.566824e-08,3.566744e-07,1.4950266e-06,2.9389993e-10,7.018308e-06,5.36477e-07,2.3668938e-06,0.99995697,3.1285686e-05
Rajshahi/raj330.wav,val,5.210238e-09,1.8688348e-07,4.994631e-07,7.930531e-11,6.9444877e-06,4.6452237e-07,9.118285e-07,0.9999821,8.894502e-06
Rajshahi/raj339.wav,test,5.2918385e-09,2.1817473e-07,4.163987e-07,1.0193273e-10,9.406228e-06,4.934526e-07,8.036682e-07,0.99997926,9.396375e-06
Rajshahi/raj34.wav,test,2.3687663e-08,2.0992525e-07,4.304013e-06,2.0377769e-10,2.237518e-06,9.630919e-07,7.4628624e-06,0.9999658,1.8981615e-05
Rajshahi/raj342.wav,val,1.2647166e-08,2.4219926e-07,1.0828069e-06,1.3932687e-10,3.9703673e-06,2.975635e-07,1.4938445e-06,0.9999584,3.445844e-05
Rajshahi/raj346.wav,test,3.6162866e-08,6.1144385e-07,6.06781e-07,5.3633603e-10,3.0350093e-05,1.0525671e-06,1.8231915e-06,0.9999485,1.7057639e-05
Rajshahi/raj352.wav,test,3.5581863e-08,3.226179e-07,3.824619e-07,4.6445878e-10,5.0987408e-05,7.143142e-07,3.305098e-06,0.9999107,3.351917e-05
Rajshahi/raj357.wav,val,8.63398e-09,1.2896291e-07,1.0392899e-06,1.2286479e-10,4.798658e-06,5.0131126e-07,2.5022882e-06,0.9999753,1.573574e-05
Rajshahi/raj367.wav,val,2.0427909e-07,8.570521e-07,8.274472e-07,2.528787e-09,9.1254304e-05,6.4710156e-07,4.511648e-06,0.9997335,0.00016819054
Rajshahi/raj373.wav,val,4.52351e-09,3.0905994e-07,1.9185293e-06,8.156805e-11,2.3085277e-06,9.2391883e-07,1.1458269e-06,0.9999889,4.5108004e-06
Rajshahi/raj384.wav,test,2.8769573e-09,3.9402704e-07,2.539026e-06,8.9370934e-11,1.399737e-06,8.015699e-07,9.533768e-07,0.99998856,5.3879226e-06
Rajshahi/raj387.wav,val,5.243458e-08,1.8196907e-07,9.1301706e-07,5.137996e-10,1.4838588e-05,3.669659e-07,5.294809e-06,0.999858,0.00012021796
Rajshahi/raj388.wav,test,2.3920787e-08,5.673363e-07,6.99498e-07,3.144115e-10,2.0690419e-05,1.8154069e-06,1.7207182e-06,0.99996686,7.679754e-06
Rajshahi/raj389.wav,test,5.0650337e-09,1.5350555e-07,6.514595e-07,7.159981e-11,5.1550005e-06,5.4973236e-07,1.7448082e-06,0.99998236,9.363932e-06
Rajshahi/raj394.wav,val,7.664337e-09,1.4937228e-07,6.106371e-07,1.1901759e-10,6.6239763e-06,3.5844445e-07,1.724221e-06,0.9999691,2.1414622e-05
Rajshahi/raj395.wav,val,1.0711876e-08,4.541957e-07,5.003912e-07,1.8413758e-10,1.3168127e-05,6.015199e-07,9.637806e-07,0.9999683,1.594149e-05
Rajshahi/raj397.wav,test,1.7393974e-08,3.2092788e-07,3.1911046e-07,2.4582245e-10,3.168975e-05,7.789698e-07,1.8466908e-06,0.9999503,1.4779804e-05
Rajshahi/raj405.wav,test,2.4212193e-07,8.4124815e-07,7.1028767e-06,3.6559842e-09,9.095823e-06,6.8931706e-07,8.606407e-06,0.99964,0.00033345868
Rajshahi/raj409.wav,val,1.17292505e-08,6.7413265e-07,1.722951e-06,2.8084277e-10,5.125971e-06,8.219422e-07,1.3218893e-06,0.99997616,1.4149845e-05
Rajshahi/raj41.wav,test,3.535236e-08,1.5080573e-07,2.5651576e-07,1.9889382e-10,5.6444045e-05,9.945654e-07,5.4782754e-06,0.999923,1.3650422e-05
Rajshahi/raj416.wav,test,6.652736e-09,2.606181e-07,1.9407419e-06,1.3618061e-10,2.5545314e-06,6.127707e-07,1.5277067e-06,0.99998283,1.0283321e-05
Rajshahi/raj417.wav,val,4.7291815e-09,2.3226701e-07,6.075385e-07,1.04682894e-10,7.382828e-06,8.4199274e-07,1.2476416e-06,0.99998295,6.723661e-06
Rajshahi/raj421.wav,test,3.2941982e-09,1.62051e-07,5.8703375e-07,6.673523e-11,4.735237e-06,4.1709703e-07,7.286521e-07,0.999985,8.408819e-06
Rajshahi/raj422.wav,test,4.7685855e-09,1.8956332e-07,2.9662638e-07,9.0171294e-11,1.1943258e-05,4.900757e-07,8.070472e-07,0.9999778,8.4356325e-06
Rajshahi/raj423.wav,test,6.734152e-09,1.9567618e-07,2.5377454e-07,1.1207942e-10,1.750526e-05,3.6463393e-07,9.680233e-07,0.9999604,2.0290678e-05
Rajshahi/raj436.wav,val,7.182934e-09,1.5336158e-07,7.8316396e-07,7.4055394e-11,5.168079e-06,5.38059e-07,1.5282379e-06,0.9999833,8.445307e-06
Rajshahi/raj440.wav,test,5.236859e-09,3.3299344e-07,2.7322797e-06,8.989537e-11,1.9080135e-06,8.514931e-07,1.0604342e-06,0.9999877,5.362508e-06
Rajshahi/raj442.wav,val,2.0134716e-07,9.71058e-07,2.1845724e-06,1.1717814e-09,2.3718341e-05,1.6354156e-06,1.3450849e-05,0.9999033,5.4504988e-05
Rajshahi/raj444.wav,test,8.943522e-09,1.3271496e-07,1.3203811e-06,1.0586848e-10,3.4543368e-06,4.673724e-07,2.452895e-06,0.99997616,1.6025711e-05
Rajshahi/raj446.wav,test,9.204864e-09,1.5410711e-07,5.68822e-07,8.205523e-11,7.936812e-06,6.017924e-07,2.206509e-06,0.9999796,8.987901e-06
Rajshahi/raj448.wav,val,1.5282582e-08,4.267477e-07,4.4911844e-06,1.6431083e-10,1.7817481e-06,9.759021e-07,2.440916e-06,0.99997854,1.12690195e-05
Rajshahi/raj449.wav,test,7.498055e-09,1.9560088e-07,1.2672224e-06,9.4851654e-11,3.758181e-06,5.965374e-07,1.9073454e-06,0.9999827,9.519526e-06
Rajshahi/raj46.wav,val,1.9172e-05,3.3175197e-06,1.5548642e-07,8.3951456e-08,0.09926087,2.4315292e-05,5.0467e-05,0.90052325,0.000118390264
Rajshahi/raj460.wav,test,1.520567e-08,2.0684043e-07,1.2335049e-06,1.3741201e-10,4.1186336e-06,3.32553e-07,2.0062243e-06,0.9999591,3.2876418e-05
Rajshahi/raj465.wav,val,1.6311954e-08,4.2365974e-07,2.3229211e-05,2.3220625e-10,8.0877896e-07,4.0872187e-06,2.118534e-05,0.99994123,9.040492e-06
Rajshahi/raj466.wav,val,6.4526797e-09,1.9587029e-07,6.410793e-07,8.0136814e-11,6.0657253e-06,5.378562e-07,1.285113e-06,0.99998295,8.3258055e-06
Rajshahi/raj467.wav,test,8.859673e-09,6.3556627e-07,1.0827273e-05,1.6476123e-10,6.849818e-07,9.314205e-07,1.6323744e-06,0.9999732,1.2152749e-05
Rajshahi/raj468.wav,val,3.1433714e-08,8.342438e-07,1.7881746e-05,3.8836007e-10,8.222191e-07,9.847349e-07,3.9732267e-06,0.9999411,3.4371562e-05
Rajshahi/raj475.wav,val,9.006323e-09,1.8863234e-07,1.264233e-06,9.927999e-11,3.2550022e-06,4.7471215e-07,1.754934e-06,0.99997735,1.5641617e-05
Rajshahi/raj476.wav,val,9.091558e-09,1.9424432e-07,1.3874094e-06,1.00464734e-10,3.338834e-06,5.461705e-07,1.7559654e-06,0.9999802,1.2629297e-05
Rajshahi/raj477.wav,test,1.5314836e-08,1.1881869e-07,1.1038452e-06,1.1074046e-10,4.951797e-06,4.4554054e-07,3.4157279e-06,0.9999678,2.2091921e-05
Rajshahi/raj480.wav,val,6.969682e-09,1.5713577e-07,1.1432988e-06,7.631425e-11,3.3403724e-06,5.2294735e-07,1.8692117e-06,0.99998116,1.1737105e-05
Rajshahi/raj487.wav,test,1.7488093e-08,2.0645538e-07,1.4400304e-06,1.3709697e-10,4.5623706e-06,6.644065e-07,3.1993777e-06,0.99996793,2.1999582e-05
Rajshahi/raj490.wav,test,7.058448e-09,2.2255047e-07,1.7198687e-06,9.053248e-11,2.7259953e-06,7.5383326e-07,1.4540761e-06,0.9999852,7.864531e-06
Rajshahi/raj492.wav,test,5.383074e-09,5.6082837e-07,4.888738e-06,9.3291624e-11,1.0300516e-06,1.2031962e-06,1.7114456e-06,0.9999852,5.342882e-06
Rajshahi/raj498.wav,val,9.136423e-09,1.3564797e-07,5.99844e-07,7.9229553e-11,6.960041e-06,5.6318646e-07,2.0430718e-06,0.9999801,9.629464e-06
Rajshahi/raj5.wav,test,2.0589145e-08,1.6022423e-07,4.491194e-06,1.868343e-10,2.0850468e-06,1.0546942e-06,1.2877953e-05,0.99996173,1.7629794e-05
Rajshahi/raj500.wav,val,7.0256267e-09,2.3323062e-07,7.167421e-07,8.526935e-11,5.8303544e-06,5.624067e-07,1.3081587e-06,0.99998224,9.084198e-06
Rajshahi/raj503.wav,test,4.720326e-09,1.6778675e-07,7.1774645e-07,7.507241e-11,5.2135138e-06,5.778877e-07,1.112045e-06,0.99998546,6.745714e-06
Rajshahi/raj508.wav,test,1.2072605e-08,1.4745014e-07,3.785112e-07,1.0749534e-10,1.4343844e-05,4.9220216e-07,1.7685184e-06,0.9999691,1.3761832e-05
Rajshahi/raj509.wav,val,8.794276e-09,1.4464682e-07,8.146683e-07,8.454913e-11,5.40198e-06,4.417202e-07,1.6330212e-06,0.9999802,1.13143e-05
Rajshahi/raj518.wav,test,1.0270898e-08,9.891533e-08,6.6649045e-07,7.9597245e-11,7.795374e-06,6.30312e-07,3.2800774e-06,0.99997723,1.0350324e-05
Rajshahi/raj519.wav,test,5.833476e-09,2.2303846e-07,3.7617936e-06,8.581443e-11,1.2084813e-06,9.007612e-07,2.73265e-06,0.999984,7.1330355e-06
Rajshahi/raj522.wav,test,9.638543e-09,1.44672e-07,8.2433314e-07,7.571983e-11,5.728476e-06,7.073431e-07,2.6153396e-06,0.99998176,8.251847e-06
Rajshahi/raj523.wav,test,7.617667e-09,2.736602e-07,4.3270024e-06,1.0587395e-10,1.3680178e-06,8.6629893e-07,2.245194e-06,0.999982,8.851016e-06
Rajshahi/raj525.wav,test,2.153699e-08,1.6677237e-07,6.044881e-07,1.235267e-10,1.3480688e-05,8.006127e-07,4.548311e-06,0.9999658,1.4582328e-05
Rajshahi/raj532.wav,test,1.774427e-08,1.2749396e-06,0.00011057426,3.7118655e-10,2.1702337e-07,1.6011803e-06,3.695872e-06,0.999858,2.4559115e-05
Rajshahi/raj533.wav,test,1.18999886e-08,3.311464e-07,3.0420279e-06,1.6674706e-10,2.2267332e-06,7.7570706e-07,2.402766e-06,0.9999758,1.5436675e-05
Rajshahi/raj536.wav,val,6.6646346e-09,2.482844e-07,9.4884047e-07,8.8353304e-11,4.5517595e-06,7.3507573e-07,1.9570155e-06,0.9999845,7.055257e-06
Rajshahi/raj541.wav,test,6.46922e-09,1.7593206e-07,1.2722156e-06,8.163795e-11,3.0475417e-06,5.208148e-07,1.6257802e-06,0.9999833,1.0007343e-05
Rajshahi/raj544.wav,test,1.61924e-08,8.2329143e-07,4.134382e-06,2.7234234e-10,2.201381e-06,6.0396707e-07,1.8347171e-06,0.9999646,2.5745703e-05
Rajshahi/raj546.wav,test,5.5043596e-09,3.0627697e-07,4.157352e-06,9.319374e-11,1.080891e-06,6.208948e-07,1.4928992e-06,0.9999825,9.8803475e-06
Rajshahi/raj547.wav,test,5.8133365e-09,2.6863339e-07,9.201058e-07,7.764066e-11,4.1297203e-06,6.753224e-07,1.1524654e-06,0.9999856,7.3172873e-06
Rajshahi/raj548.wav,test,8.0867215e-09,3.3468783e-07,2.28287e-06,1.2556065e-10,2.1851504e-06,5.955944e-07,1.370648e-06,0.9999819,1.1316886e-05
Rajshahi/raj55.wav,test,3.752072e-08,1.0196855e-07,3.1929252e-07,1.818924e-10,3.819901e-05,7.3810776e-07,6.5648446e-06,0.9999342,1.9787358e-05
Rajshahi/raj558.wav,val,9.1862935e-09,2.5606252e-07,3.9405995e-06,1.1699566e-10,1.3320308e-06,5.842038e-07,1.7771991e-06,0.99997807,1.39860085e-05
Rajshahi/raj562.wav,test,9.196516e-09,1.6820645e-07,1.4803868e-06,1.0535685e-10,3.0628141e-06,5.078668e-07,2.5571842e-06,0.9999764,1.5761709e-05
Rajshahi/raj564.wav,test,3.0806955e-08,3.4816213e-07,1.33298e-05,2.7118188e-10,8.285763e-07,4.8160047e-07,4.5980178e-06,0.9999136,6.684519e-05
Rajshahi/raj565.wav,test,6.7559394e-09,5.414017e-07,2.8397221e-06,1.6035771e-10,2.4994777e-06,1.1903405e-06,1.0221003e-06,0.9999863,5.609314e-06
Rajshahi/raj567.wav,val,6.419912e-09,2.8691616e-07,1.8365234e-06,1.04143756e-10,2.8315692e-06,9.1678515e-07,1.5927563e-06,0.9999864,6.134064e-06
Rajshahi/raj571.wav,val,1.184563e-08,1.9433669e-07,1.016915e-06,1.1171822e-10,5.378532e-06,6.325265e-07,2.4215144e-06,0.9999788,1.1608292e-05
Rajshahi/raj573.wav,test,1.137473e-08,1.6797948e-07,6.074946e-07,8.51188e-11,1.0216142e-05,9.908792e-07,3.2027117e-06,0.9999776,7.150589e-06
Rajshahi/raj575.wav,test,1.6563062e-08,4.233116e-07,1.8329621e-06,1.345796e-10,3.997274e-06,8.776752e-07,1.9079596e-06,0.99998224,8.718767e-06
Rajshahi/raj581.wav,val,1.0502935e-08,2.1626894e-07,9.796033e-07,1.4029476e-10,5.1667785e-06,5.136208e-07,1.7414405e-06,0.99997675,1.4663469e-05
Rajshahi/raj582.wav,test,9.3833075e-09,2.6096274e-07,2.1422557e-06,1.1625832e-10,2.273438e-06,6.640722e-07,1.8597369e-06,0.99998057,1.2197261e-05
Rajshahi/raj584.wav,val,7.1772788e-09,1.4019427e-07,7.4471427e-07,9.776246e-11,5.179393e-06,3.508119e-07,1.3602494e-06,0.9999758,1.6425987e-05
Rajshahi/raj588.wav,val,8.249387e-09,1.4548309e-07,3.624098e-07,9.571474e-11,1.4287233e-05,5.642519e-07,1.5324478e-06,0.9999733,9.843549e-06
Rajshahi/raj59.wav,test,3.102938e-09,5.551054e-07,7.97146e-06,9.1601636e-11,7.626842e-07,1.7369549e-06,1.4266724e-06,0.999984,3.5204532e-06
Rajshahi/raj590.wav,test,1.872849e-08,2.3568485e-07,1.2874185e-06,1.6504946e-10,4.9048367e-06,6.377093e-07,2.6942753e-06,0.999972,1.8227309e-05
Rajshahi/raj591.wav,val,4.717082e-09,3.4150963e-07,1.3805958e-06,8.375947e-11,2.8432346e-06,7.0816986e-07,8.1842535e-07,0.99998844,5.4121365e-06
Rajshahi/raj599.wav,val,6.7880954e-09,2.5001916e-07,2.4711992e-06,8.853016e-11,1.7892456e-06,7.386976e-07,1.512994e-06,0.99998534,7.948878e-06
Rajshahi/raj6.wav,val,1.5755624e-08,1.4344681e-07,2.0319778e-06,1.10774015e-10,3.0876506e-06,8.5021975e-07,5.841767e-06,0.9999751,1.294548e-05
Rajshahi/raj602.wav,val,1.7237262e-08,2.4709155e-07,2.2989957e-06,1.9644744e-10,3.0130232e-06,5.515374e-07,3.1175794e-06,0.99996364,2.7019169e-05
Rajshahi/raj606.wav,val,4.982464e-09,1.8777094e-07,1.0612707e-06,7.8961e-11,3.2597757e-06,4.6867117e-07,1.2617115e-06,0.99998367,9.979119e-06
Rajshahi/raj608.wav,val,1.0918786e-08,6.8708255e-07,3.6490823e-05,2.242251e-10,3.752381e-07,1.7668852e-06,3.954344e-06,0.99994457,1.2043648e-05
Rajshahi/raj612.wav,test,9.992878e-09,1.6744029e-07,2.574785e-07,9.0875446e-11,2.2494218e-05,6.419046e-07,1.5644697e-06,0.99996686,7.995275e-06
Rajshahi/raj617.wav,test,1.9917698e-08,3.101745e-07,2.3934974e-06,1.7189543e-10,3.1655966e-06,9.0345725e-07,3.9560155e-06,0.9999733,1.5992535e-05
Rajshahi/raj621.wav,test,5.4346354e-09,1.8432598e-07,1.0732068e-06,6.901366e-11,3.3803447e-06,6.245494e-07,1.4645096e-06,0.9999852,8.056555e-06
Rajshahi/raj624.wav,test,3.7203586e-07,3.386432e-06,1.4340636e-05,2.6180758e-09,9.752678e-06,2.3026648e-06,3.7287773e-05,0.99975973,0.00017281283
Rajshahi/raj631.wav,val,1.2422725e-08,2.1962215e-07,2.1726137e-06,1.2563778e-10,2.1282199e-06,3.650025e-07,1.7551326e-06,0.9999627,3.0647985e-05
Rajshahi/raj633.wav,val,1.2039233e-08,1.5829734e-07,5.034989e-07,1.2397694e-10,1.1221912e-05,4.7151804e-07,1.8010917e-06,0.99997044,1.5478796e-05
Rajshahi/raj639.wav,test,1.2064696e-08,3.0181016e-07,1.8002302e-06,1.1247474e-10,3.255322e-06,5.1745013e-07,1.4397255e-06,0.9999794,1.3245304e-05
Rajshahi/raj647.wav,test,3.8368535e-09,2.3840772e-07,1.3484464e-06,6.9200624e-11,1.990973e-06,4.2289236e-07,8.998692e-07,0.99998605,8.977636e-06
Rajshahi/raj649.wav,test,1.9907944e-09,5.5233755e-07,2.7716837e-07,6.21018e-11,9.214858e-06,5.832946e-07,2.2584554e-07,0.9999856,3.550463e-06
Rajshahi/raj651.wav,val,5.6994156e-09,3.031724e-07,7.477116e-07,1.3004368e-10,4.853216e-06,3.8415408e-07,7.30786e-07,0.9999814,1.1543465e-05
Rajshahi/raj665.wav,test,2.7869649e-09,4.3614537e-07,1.9539057e-06,8.600641e-11,1.8963187e-06,1.0841436e-06,7.215793e-07,0.9999907,3.2306602e-06
Rajshahi/raj671.wav,val,3.945524e-09,3.2459732e-07,1.2377884e-06,5.530703e-11,2.131334e-06,6.6416686e-07,7.3351225e-07,0.9999896,5.278403e-06
Rajshahi/raj673.wav,val,6.0480865e-09,2.5469456e-07,7.557564e-07,1.1079042e-10,4.700972e-06,3.3832896e-07,8.2187177e-07,0.9999782,1.49249345e-05
Rajshahi/raj676.wav,test,6.9382113e-09,2.0232113e-07,7.444652e-07,1.061973e-10,4.611813e-06,4.5506937e-07,1.4141417e-06,0.99997973,1.276648e-05
Rajshahi/raj681.wav,val,6.915322e-09,3.4349915e-07,5.6669035e-07,1.04099666e-10,6.8385675e-06,5.032991e-07,9.079277e-07,0.9999807,1.0182743e-05
Rajshahi/raj682.wav,val,1.1234567e-08,2.831502e-07,6.9059286e-07,2.0541652e-10,7.798909e-06,3.4748842e-07,1.0904962e-06,0.999967,2.2796e-05
Rajshahi/raj687.wav,val,4.2484825e-09,2.3304999e-07,2.824948e-06,8.3541465e-11,1.240045e-06,6.273829e-07,1.361118e-06,0.9999857,8.009543e-06
Rajshahi/raj690.wav,val,2.1329751e-09,3.8460692e-07,1.0255716e-06,6.165949e-11,2.053211e-06,4.8284153e-07,3.872484e-07,0.99999034,5.3595413e-06
Rajshahi/raj70.wav,val,2.4595796e-08,5.089857e-07,2.2106713e-06,2.9271668e-10,5.8873593e-06,1.7941242e-06,7.468556e-06,0.9999702,1.19536835e-05
Rajshahi/raj701.wav,test,5.037828e-09,2.504794e-07,3.4773595e-07,7.781672e-11,9.424832e-06,4.4309638e-07,5.948496e-07,0.9999809,8.023099e-06
Rajshahi/raj708.wav,test,4.008855e-09,2.6423962e-07,1.1995805e-06,6.0542064e-11,2.3410769e-06,6.9800086e-07,9.5345194e-07,0.99998915,5.4258517e-06
Rajshahi/raj710.wav,test,4.2125152e-09,4.2483532e-07,6.4862303e-07,7.2515306e-11,4.07533e-06,5.3362675e-07,4.980389e-07,0.99998665,7.1311433e-06
Rajshahi/raj712.wav,val,2.4882807e-09,4.941935e-07,5.0631766e-06,7.0361404e-11,6.592738e-07,1.3001503e-06,2.124907e-06,0.9999832,7.2217867e-06
Rajshahi/raj720.wav,val,4.891241e-09,2.397496e-07,1.3632495e-06,9.81612e-11,2.5594516e-06,4.8146796e-07,9.995351e-07,0.99998546,8.86463e-06
Rajshahi/raj724.wav,test,3.3516603e-09,8.3996537e-07,1.0224679e-05,1.5069926e-10,5.566119e-07,1.0684824e-06,9.1586804e-07,0.9999802,6.189959e-06
Rajshahi/raj726.wav,val,3.7459733e-09,4.2608866e-07,1.4259128e-06,8.3064236e-11,2.2372742e-06,7.9999126e-07,7.8362973e-07,0.99998844,5.901481e-06
Rajshahi/raj730.wav,test,3.8807606e-09,3.0997626e-07,5.6131057e-07,6.803254e-11,4.8143784e-06,5.8941873e-07,6.2663815e-07,0.99998724,5.836314e-06
Rajshahi/raj731.wav,test,4.17118e-09,2.9357656e-07,1.138257e-06,9.751006e-11,2.9662262e-06,4.8278815e-07,7.247612e-07,0.99998665,7.650279e-06
Rajshahi/raj737.wav,test,3.9090944e-09,3.12611e-07,1.5546556e-06,1.134668e-10,2.3684197e-06,5.626869e-07,7.7318407e-07,0.99998724,7.1758527e-06
Rajshahi/raj738.wav,test,3.1512084e-09,3.5695444e-07,8.6704745e-07,6.6857e-11,3.2900261e-06,7.894308e-07,6.5646395e-07,0.9999902,3.7958616e-06
Rajshahi/raj741.wav,test,2.9779816e-09,4.1890831e-07,2.5256152e-06,8.331534e-11,1.3574754e-06,7.3555555e-07,7.1924177e-07,0.9999895,4.7154977e-06
Rajshahi/raj743.wav,val,7.187313e-09,7.1477774e-07,7.647026e-07,1.4235985e-10,5.74668e-06,5.7981424e-07,4.7313722e-07,0.9999825,9.174029e-06
Rajshahi/raj744.wav,test,7.979752e-09,3.358693e-07,1.5665074e-06,1.5520962e-10,2.8505253e-06,5.148024e-07,1.2410485e-06,0.99997914,1.4398247e-05
Rajshahi/raj745.wav,test,3.366811e-09,7.014053e-07,6.1399387e-06,1.4754582e-10,8.4662696e-07,9.888495e-07,7.811396e-07,0.9999852,5.2863898e-06
Rajshahi/raj746.wav,test,3.7050967e-09,5.703925e-07,2.6474452e-06,1.1761024e-10,1.2952289e-06,5.509686e-07,5.6590784e-07,0.99998546,9.0015665e-06
Rajshahi/raj748.wav,val,2.9812774e-09,2.6182727e-07,9.5261964e-07,7.032614e-11,2.6388975e-06,5.6210456e-07,6.839237e-07,0.9999894,5.544536e-06
Rajshahi/raj750.wav,val,2.840489e-09,4.0104635e-07,2.4739593e-06,7.9609326e-11,1.2974053e-06,7.53836e-07,7.406238e-07,0.99998975,4.527578e-06
Rajshahi/raj752.wav,val,3.2106633e-09,1.5908078e-06,1.6309783e-05,2.0622679e-10,3.925168e-07,7.948909e-07,5.219782e-07,0.9999726,7.818836e-06
Rajshahi/raj753.wav,val,4.5092103e-09,2.2104216e-06,6.3331817e-07,1.8801047e-10,8.264049e-06,7.230417e-07,1.9479026e-07,0.99998116,6.8055915e-06
Rajshahi/raj755.wav,test,2.641322e-09,9.848599e-07,2.5970724e-06,1.1969027e-10,1.6446539e-06,1.1542369e-06,4.773434e-07,0.99998987,3.300855e-06
Rajshahi/raj77.wav,val,7.0956e-09,3.2482959e-07,5.8485335e-07,1.4966262e-10,7.122669e-06,3.1443025e-07,5.439882e-07,0.9999783,1.2892137e-05
Rajshahi/raj775.wav,test,4.062991e-09,8.7554133e-07,1.2404129e-06,1.0012507e-10,2.9583327e-06,7.1036294e-07,3.825752e-07,0.99998856,5.351809e-06
Rajshahi/raj781.wav,test,3.1795053e-09,5.440043e-06,3.704118e-07,1.2716515e-10,2.301598e-05,4.7115313e-06,1.36127e-07,0.9999653,9.887656e-07
Rajshahi/raj79.wav,val,1.01155875e-08,1.3099434e-06,4.26335e-07,3.1715794e-10,1.7167078e-05,3.6307156e-07,2.8265472e-07,0.9999609,1.9492663e-05
Rajshahi/raj790.wav,test,5.8922898e-09,4.7339157e-07,2.0601703e-06,9.803428e-11,1.9203887e-06,7.6749166e-07,8.7442237e-07,0.99998677,7.129696e-06
Rajshahi/raj794.wav,test,2.1106072e-09,5.127922e-07,4.960791e-07,5.384255e-11,4.551186e-06,6.684399e-07,2.6908356e-07,0.9999901,3.4260484e-06
Rajshahi/raj798.wav,test,3.75294e-09,7.1433993e-07,1.9621405e-06,1.3509072e-10,2.342834e-06,7.6214684e-07,4.620684e-07,0.9999888,5.0234917e-06
Rajshahi/raj800.wav,val,2.617282e-09,4.4911496e-07,1.8779093e-06,9.667228e-11,1.3186483e-06,3.8944614e-07,4.3604837e-07,0.99998665,8.836795e-06
Rajshahi/raj802.wav,test,1.1884393e-08,3.1718156e-07,1.8256612e-06,2.484673e-10,2.6510575e-06,3.3663972e-07,1.295792e-06,0.99995565,3.796351e-05
Rajshahi/raj803.wav,test,3.976112e-09,3.5521313e-07,1.0893203e-06,9.908048e-11,2.5346444e-06,4.111567e-07,5.931898e-07,0.9999838,1.1297649e-05
Rajshahi/raj807.wav,test,3.1503247e-09,2.3099067e-06,4.148548e-06,9.2879815e-11,1.6269654e-06,3.6204162e-06,5.343609e-07,0.9999863,1.4006953e-06
Rajshahi/raj808.wav,val,2.8724576e-09,6.020462e-07,2.8423156e-06,9.278448e-11,1.3622215e-06,6.9066294e-07,4.463382e-07,0.9999893,4.7426324e-06
Rajshahi/raj817.wav,val,4.6879713e-09,1.5574456e-06,8.2685494e-07,1.4016546e-10,6.230501e-06,1.0917494e-06,3.5227265e-07,0.99998546,4.447319e-06
Rajshahi/raj823.wav,val,1.2718948e-08,2.0912951e-07,1.9163542e-06,1.3286433e-10,3.5757787e-06,8.331853e-07,3.0760768e-06,0.99998,1.0408865e-05
Rajshahi/raj825.wav,test,2.3484477e-08,9.952654e-07,5.0396295e-05,6.1263705e-10,4.807683e-07,7.4537525e-07,9.6076765e-06,0.99987495,6.269133e-05
Rajshahi/raj826.wav,val,6.900193e-08,2.341748e-07,1.5611147e-05,6.591668e-10,1.8899482e-06,9.124934e-07,7.626532e-05,0.99981374,9.1296795e-05
Rajshahi/raj83.wav,val,3.4011827e-09,2.593049e-07,6.045999e-07,1.0641531e-10,5.5973364e-06,4.1894353e-07,5.499913e-07,0.9999858,6.6790017e-06
Rajshahi/raj833.wav,val,1.7455944e-08,1.4748447e-07,1.7012788e-06,1.08595716e-10,3.7173206e-06,7.805024e-07,4.875224e-06,0.99997604,1.2719584e-05
Rajshahi/raj834.wav,val,7.519491e-07,2.3668213e-07,2.3742605e-06,8.141987e-10,2.3688966e-05,1.7388625e-06,4.6206667e-05,0.99983144,9.347535e-05
Rajshahi/raj838.wav,test,0.043374587,0.02503063,0.00014694125,0.0009995651,0.0013069774,0.9273164,0.0018169879,7.4063173e-06,4.849135e-07
Rajshahi/raj839.wav,test,0.000586672,0.007322858,0.0009987945,3.1660504e-06,0.0038228028,0.023637213,0.0020266501,0.9613818,0.00022007924
Rajshahi/raj844.wav,test,6.8951223e-09,1.5159813e-07,1.0343551e-06,9.349023e-11,4.894065e-06,7.604553e-07,2.825488e-06,0.9999832,7.074908e-06
Rajshahi/raj849.wav,test,4.471756e-08,3.3105863e-07,1.2904956e-06,2.1584708e-10,1.417003e-05,1.9376662e-06,4.2009183e-06,0.99996924,8.811168e-06
Rajshahi/raj850.wav,test,8.823144e-09,5.4958565e-07,3.847435e-06,1.4276144e-10,1.964931e-06,1.3413985e-06,1.9036848e-06,0.99998426,6.107736e-06
Rajshahi/raj852.wav,val,1.0737983e-08,2.953413e-07,2.1987194e-06,1.6006309e-10,3.0470642e-06,8.584465e-07,2.8836043e-06,0.9999783,1.239131e-05
Rajshahi/raj853.wav,val,1.337927e-08,1.2246362e-07,8.747929e-07,1.2101685e-10,7.3555684e-06,6.8895804e-07,5.795932e-06,0.99996877,1.6305492e-05
Rajshahi/raj856.wav,test,4.081811e-08,3.8860094e-06,7.629465e-06,7.5447565e-10,5.3284957e-06,4.453195e-06,2.2237082e-06,0.99996877,7.66776e-06
Rajshahi/raj857.wav,test,6.0306724e-09,8.0699016e-07,6.2741565e-05,1.8870229e-10,2.0817929e-07,2.0657174e-06,2.68285e-06,0.99992335,8.178357e-06
Rajshahi/raj858.wav,test,1.145812e-08,2.5631352e-06,3.5777684e-05,5.6200883e-10,8.601934e-07,4.3880295e-06,3.2842672e-06,0.99994636,6.7831106e-06
Rajshahi/raj860.wav,test,1.26303386e-08,1.0715392e-07,2.8862705e-06,1.2025168e-10,2.588132e-06,1.4580613e-06,2.452682e-05,0.9999546,1.3800508e-05
Rajshahi/raj91.wav,val,2.2354444e-08,1.2909376e-06,4.9858016e-07,8.9027036e-10,3.4631415e-05,5.881857e-07,7.5740786e-07,0.9999398,2.2320926e-05
Rajshahi/raj95.wav,val,5.675323e-09,1.2998095e-06,3.2828464e-07,2.542875e-10,2.179215e-05,5.831036e-07,2.428043e-07,0.99996996,5.7731504e-06
Dhaka/dhk1.wav,val,7.245195e-07,9.663839e-07,0.99994016,1.1927276e-06,5.3002698e-12,6.987086e-07,3.745747e-05,9.36983e-07,1.7910334e-05
Dhaka/dhk103.wav,val,2.0544324e-07,1.6248e-06,0.9999858,1.1535972e-06,2.7340333e-12,7.536591e-07,5.463145e-06,3.705512e-07,4.6194127e-06
Dhaka/dhk104.wav,test,2.3456892e-07,1.4702606e-06,0.99998474,1.0418065e-06,3.119575e-12,7.331436e-07,6.6487823e-06,4.6378878e-07,4.658227e-06
Dhaka/dhk106.wav,test,2.358213e-07,1.0547974e-06,0.9999795,8.532655e-07,3.3350156e-12,8.1563326e-07,1.20702625e-05,6.526727e-07,4.897642e-06
Dhaka/dhk109.wav,test,4.6509606e-07,1.4533836e-05,0.9999442,1.8162559e-06,2.8844255e-11,1.3988316e-06,1.170995e-05,6.4731116e-06,1.94057e-05
Dhaka/dhk110.wav,test,2.860452e-07,2.4654512e-06,0.99997413,7.1333693e-07,5.5913264e-12,6.563745e-07,8.607692e-06,2.3529403e-06,1.0833502e-05
Dhaka/dhk111.wav,test,3.0776758e-07,7.1151217e-06,0.99995756,1.1923469e-06,9.683698e-12,7.7689964e-07,6.765827e-06,2.981011e-06,2.329246e-05
Dhaka/dhk117.wav,test,1.1892676e-07,2.0898976e-06,0.9999852,1.6869542e-06,3.689034e-12,5.3605334e-07,3.810706e-06,5.131914e-07,6.031521e-06
Dhaka/dhk119.wav,test,8.46743e-08,2.4130795e-06,0.99998736,9.224946e-07,2.9916855e-12,5.969396e-07,3.0135861e-06,6.192739e-07,4.9929736e-06
Dhaka/dhk120.wav,val,1.6849133e-07,2.9607397e-06,0.99998736,1.763466e-06,3.2652943e-12,1.4230476e-06,3.617031e-06,2.1942952e-07,2.5818097e-06
Dhaka/dhk124.wav,val,1.1834433e-07,1.7074566e-06,0.9999863,1.170741e-06,3.0095156e-12,6.1847413e-07,4.220909e-06,4.3077085e-07,5.5254686e-06
Dhaka/dhk126.wav,test,9.3020915e-08,3.1255843e-06,0.9999883,1.0433414e-06,2.7318094e-12,9.1433424e-07,2.4447577e-06,3.9174213e-07,3.5899207e-06
Dhaka/dhk128.wav,test,8.4339895e-08,1.2123946e-06,0.9999689,6.241188e-07,3.7353497e-12,2.0965388e-06,2.3073511e-05,7.5092584e-07,3.2056387e-06
Dhaka/dhk13.wav,test,8.788985e-08,8.7814493e-07,0.99997854,3.5944876e-07,3.2114185e-12,7.53081e-07,1.0989984e-05,1.7756363e-06,6.6391544e-06
Dhaka/dhk134.wav,test,1.773544e-07,2.6697921e-06,0.99998343,3.4593033e-06,3.965864e-12,8.043402e-07,4.2528495e-06,2.2749441e-07,4.978106e-06
Dhaka/dhk139.wav,val,1.4824363e-07,5.3796325e-06,0.9999851,9.959238e-07,3.3877406e-12,3.2322725e-06,3.3446092e-06,2.8626337e-07,1.4974688e-06
Dhaka/dhk150.wav,val,2.5008805e-07,3.3236622e-06,0.99998534,2.8432532e-06,3.777857e-12,9.821457e-07,3.2497983e-06,1.85215e-07,3.793248e-06
Dhaka/dhk153.wav,test,3.7384294e-07,2.6420935e-06,0.9999808,4.8338447e-06,3.6615945e-12,6.941608e-07,5.219958e-06,1.5141974e-07,5.2574574e-06
Dhaka/dhk155.wav,val,2.0368748e-07,6.074769e-06,0.9999802,3.1094953e-06,4.2930507e-12,8.124974e-07,3.86275e-06,3.6323652e-07,5.407965e-06
Dhaka/dhk159.wav,val,3.6991764e-07,5.083252e-06,0.9999788,6.9255825e-06,3.935464e-12,9.2338973e-07,3.4786838e-06,1.2302614e-07,4.252615e-06
Dhaka/dhk16.wav,test,1.5048363e-07,1.1840473e-06,0.99998677,7.0776497e-07,2.0849895e-12,7.224165e-07,6.0412067e-06,3.7148777e-07,4.0323066e-06
Dhaka/dhk163.wav,test,3.93831e-07,2.6320595e-06,0.99996865,1.9774523e-06,4.5268815e-12,1.2958978e-06,1.380161e-05,3.251854e-07,1.0889262e-05
Dhaka/dhk17.wav,val,1.6695337e-07,1.5021548e-06,0.9999862,1.1358677e-06,2.4779688e-12,7.424938e-07,5.8995656e-06,3.0356907e-07,4.1000744e-06
Dhaka/dhk177.wav,val,2.4763287e-07,1.6854441e-06,0.9999566,1.2067194e-06,6.4524753e-12,9.031716e-07,2.5932108e-05,9.2460823e-07,1.2413668e-05
Dhaka/dhk178.wav,val,1.02354214e-07,1.5862588e-06,0.9999881,6.528564e-07,2.7149994e-12,1.2920766e-06,4.8758734e-06,4.531987e-07,2.9973426e-06
Dhaka/dhk18.wav,test,3.251382e-07,7.425472e-07,0.9999579,7.648005e-07,3.5619593e-12,4.83316e-07,1.9835004e-05,8.1501463e-07,1.915999e-05
Dhaka/dhk184.wav,val,1.7425299e-07,3.7606085e-06,0.9999865,2.0451378e-06,3.2788843e-12,1.0429654e-06,2.6688103e-06,2.2481514e-07,3.6159108e-06
Dhaka/dhk192.wav,test,6.327378e-08,3.0594972e-05,0.9999614,1.4619127e-06,7.385936e-12,1.6469662e-06,7.535645e-07,1.1360637e-06,3.0537822e-06
Dhaka/dhk201.wav,val,1.5993297e-07,4.3341593e-06,0.99998474,2.429945e-06,4.5909166e-12,8.6645656e-07,2.4640624e-06,3.9318772e-07,4.6093082e-06
Dhaka/dhk205.wav,test,1.378788e-07,2.027067e-06,0.9999863,1.7809447e-06,2.9296014e-12,6.710164e-07,3.5914197e-06,2.841891e-07,5.169825e-06
Dhaka/dhk210.wav,test,1.4554408e-07,2.2831086e-06,0.9999882,1.1802484e-06,3.1832688e-12,9.816682e-07,3.1179266e-06,3.6441705e-07,3.7918594e-06
Dhaka/dhk211.wav,test,1.7120011e-07,1.5093057e-06,0.999987,8.990714e-07,3.2301516e-12,1.2874526e-06,5.7196958e-06,4.015355e-07,2.9888643e-06
Dhaka/dhk212.wav,val,1.7541629e-07,2.7731023e-06,0.9999875,1.591144e-06,3.6858355e-12,1.3997635e-06,3.3289227e-06,2.6914546e-07,2.8903155e-06
Dhaka/dhk227.wav,val,1.3694786e-07,2.5772881e-06,0.9999864,1.7872795e-06,3.1547035e-12,7.013546e-07,3.4767268e-06,3.1361014e-07,4.5845422e-06
Dhaka/dhk237.wav,test,1.8383896e-07,3.951363e-06,0.99998593,2.3152895e-06,3.5506906e-12,1.7563322e-06,3.6923354e-06,1.8298607e-07,1.9912577e-06
Dhaka/dhk24.wav,test,2.9739059e-07,1.3060078e-06,0.99998176,1.1361813e-06,2.662104e-12,6.018098e-07,7.5302705e-06,3.3690253e-07,7.1174654e-06
Dhaka/dhk243.wav,val,1.5453327e-07,3.1179611e-06,0.99998784,1.1536733e-06,2.5912532e-12,1.1088462e-06,3.2396817e-06,2.5406987e-07,3.230457e-06
Dhaka/dhk246.wav,test,1.2351387e-07,2.2366294e-06,0.9999852,1.4888099e-06,2.3505707e-12,5.067561e-07,3.144611e-06,2.913068e-07,7.0266506e-06
Dhaka/dhk249.wav,test,8.452461e-08,5.0919834e-06,0.99998796,1.5737265e-06,3.3881704e-12,1.120214e-06,1.823519e-06,3.5755428e-07,2.1097483e-06
Dhaka/dhk25.wav,test,2.5278544e-07,5.6169455e-07,0.9999454,1.1331306e-06,3.63135e-12,5.708949e-07,3.5998575e-05,5.744404e-07,1.547466e-05
Dhaka/dhk257.wav,test,1.9888245e-07,4.0528184e-06,0.9999882,1.2427521e-06,2.6113582e-12,1.2131502e-06,2.679263e-06,2.3806038e-07,2.19233e-06
Dhaka/dhk258.wav,test,1.8445687e-07,3.2931714e-06,0.99998736,1.7849102e-06,2.7091107e-12,7.805015e-07,2.9702337e-06,2.2343136e-07,3.4277186e-06
Dhaka/dhk26.wav,test,1.8063197e-07,1.5619617e-06,0.9999665,5.1614046e-07,6.389113e-12,8.0330085e-07,1.6125176e-05,3.838984e-06,1.048965e-05
Dhaka/dhk260.wav,test,0.0035784426,0.00021977437,0.94614804,0.03315513,5.8802833e-08,8.693024e-06,0.0015859508,5.551165e-06,0.015298367
Dhaka/dhk261.wav,val,2.6824193e-07,1.8459458e-06,0.9999778,2.362771e-06,4.3336983e-12,5.9913026e-07,8.60188e-06,3.96118e-07,8.11206e-06
Dhaka/dhk263.wav,val,1.432397e-06,1.472787e-06,0.99986017,1.2950995e-05,1.3858641e-11,3.429007e-07,2.5329675e-05,7.0397925e-07,9.7458236e-05
Dhaka/dhk264.wav,test,2.822797e-07,2.3802309e-06,0.9999759,5.802201e-06,4.9191705e-12,5.7269926e-07,6.602471e-06,2.4898577e-07,8.21036e-06
Dhaka/dhk266.wav,val,4.285457e-07,2.6763273e-06,0.9999467,8.951507e-06,5.3498902e-12,2.6803e-07,6.182265e-06,2.7424306e-07,3.455057e-05
Dhaka/dhk268.wav,test,1.6371074e-07,3.4346153e-06,0.99998796,1.2653948e-06,2.69818e-12,1.45223e-06,3.0406204e-06,2.3004081e-07,2.2801466e-06
Dhaka/dhk27.wav,test,6.8756684e-08,2.4315889e-06,0.99996114,3.3527124e-07,8.130527e-12,7.0819175e-07,1.1711432e-05,1.1571668e-05,1.2061446e-05
Dhaka/dhk281.wav,test,2.9577532e-07,2.0121248e-05,0.9999695,4.219377e-06,5.6001163e-12,2.0654502e-06,1.5447583e-06,1.9234429e-07,2.1240025e-06
Dhaka/dhk287.wav,test,1.05750516e-07,2.761381e-06,0.9999889,9.950921e-07,2.4260737e-12,1.1004272e-06,3.5283858e-06,2.8276997e-07,2.2238444e-06
Dhaka/dhk291.wav,test,9.40235e-08,1.518357e-06,0.9999856,9.780819e-07,3.4613991e-12,6.37276e-07,4.9582263e-06,6.772869e-07,5.49929e-06
Dhaka/dhk292.wav,val,1.2588973e-07,2.01785e-06,0.9999856,1.4623217e-06,2.5937887e-12,5.336964e-07,3.4771783e-06,3.309766e-07,6.4911155e-06
Dhaka/dhk295.wav,test,1.1360271e-07,2.976888e-06,0.9999869,1.900713e-06,5.8927533e-12,1.5269205e-06,3.5869105e-06,4.846459e-07,2.4572412e-06
Dhaka/dhk30.wav,test,1.5819123e-07,1.5174493e-06,0.9999751,2.3538068e-06,4.2948306e-12,4.4673214e-07,1.0139641e-05,5.590386e-07,9.766115e-06
Dhaka/dhk301.wav,test,1.1208673e-07,1.6857025e-06,0.99998593,9.329811e-07,2.7426464e-12,7.207306e-07,5.1428456e-06,4.447747e-07,4.9932e-06
Dhaka/dhk302.wav,val,1.6792664e-07,2.128079e-06,0.9999862,1.8804891e-06,3.623071e-12,8.2003453e-07,4.0280647e-06,3.0584786e-07,4.491094e-06
Dhaka/dhk309.wav,test,1.7136323e-07,3.9972524e-06,0.99998844,1.0938976e-06,2.7939695e-12,1.8997083e-06,2.410147e-06,2.4476122e-07,1.6969669e-06
Dhaka/dhk316.wav,test,2.2702443e-07,1.7602582e-05,0.99997437,2.8985337e-06,4.516454e-12,2.0875802e-06,1.2063773e-06,2.1300384e-07,1.4738603e-06
Dhaka/dhk318.wav,test,5.2783196e-07,1.7361e-06,0.99997616,2.0396083e-06,3.819818e-12,5.976244e-07,1.0447072e-05,3.5655611e-07,8.082408e-06
Dhaka/dhk320.wav,test,3.1801648e-07,8.433118e-06,0.99996567,1.2329327e-05,6.8224653e-12,7.190957e-07,4.6208615e-06,2.0633681e-07,7.6782435e-06
Dhaka/dhk326.wav,val,5.8047976e-07,1.8355957e-05,0.99994504,3.8648986e-06,7.0037474e-12,5.356608e-07,2.7962371e-06,9.356605e-07,2.784968e-05
Dhaka/dhk330.wav,val,1.540368e-07,2.7071023e-06,0.9999876,1.2074534e-06,2.8190672e-12,8.595917e-07,4.0020136e-06,3.3324056e-07,3.0432795e-06
Dhaka/dhk336.wav,val,1.8349905e-07,2.6165387e-06,0.99998534,2.285941e-06,3.3938922e-12,6.8093493e-07,4.1429375e-06,2.9400627e-07,4.454394e-06
Dhaka/dhk339.wav,val,2.4432413e-07,4.3036125e-06,0.9999844,2.904368e-06,3.4800164e-12,8.006987e-07,2.603903e-06,1.9475856e-07,4.53698e-06
Dhaka/dhk34.wav,test,1.0521245e-07,2.4062192e-06,0.99995756,4.979199e-07,9.064223e-12,6.325119e-07,1.4628618e-05,8.612911e-06,1.5550533e-05
Dhaka/dhk342.wav,val,5.624767e-07,6.3635503e-06,0.99996924,1.0199391e-05,6.2160958e-12,3.159076e-06,8.651902e-06,8.9860755e-08,1.7554187e-06
Dhaka/dhk343.wav,test,2.5039802e-07,7.044e-06,0.9999794,5.069656e-06,4.258079e-12,1.8935918e-06,4.3400546e-06,1.3930968e-07,1.8392869e-06
Dhaka/dhk349.wav,val,0.00013624164,6.7862225e-06,0.8597203,0.0001031492,9.958899e-09,0.00024772467,0.1396221,1.740173e-05,0.00014631418
Dhaka/dhk35.wav,val,0.000109605055,8.324869e-05,0.9862487,0.011004071,2.4793512e-09,2.1893757e-06,0.00032257018,8.5576255e-07,0.0022287504
Dhaka/dhk353.wav,val,0.00016410447,0.920671,0.059622888,0.0004734033,3.3008982e-05,0.0009550632,2.468423e-05,0.017864255,0.00019156869
Dhaka/dhk357.wav,test,2.1514316e-07,7.183212e-07,0.99975115,6.065033e-07,2.2668407e-11,7.0393776e-06,0.00022876803,6.1667133e-06,5.25149e-06
Dhaka/dhk363.wav,test,6.918818e-07,4.1532744e-06,0.999972,9.643208e-06,4.9030953e-12,1.4071379e-06,8.2938805e-06,1.062931e-07,3.6608294e-06
Dhaka/dhk365.wav,test,1.2068598e-06,3.589062e-05,0.99992514,1.6431972e-05,2.1277672e-11,3.4080726e-06,1.219384e-05,3.691053e-07,5.3254334e-06
Dhaka/dhk366.wav,test,2.6477235e-07,2.7105114e-06,0.99998534,2.7745539e-06,3.1498062e-12,1.2218491e-06,4.8794795e-06,1.7021993e-07,2.6414757e-06
Dhaka/dhk372.wav,test,1.133913e-06,4.154637e-06,0.99995565,8.417944e-06,7.480399e-12,4.118203e-06,2.3436154e-05,1.2593398e-07,2.935581e-06
Dhaka/dhk375.wav,val,2.535827e-07,5.526802e-06,0.99998057,4.6034943e-06,3.6913116e-12,1.3684896e-06,5.267825e-06,1.4558614e-07,2.277246e-06
Dhaka/dhk382.wav,val,3.876847e-06,6.713281e-06,0.9998437,8.9235116e-05,2.7254412e-11,1.8180904e-06,4.101468e-05,1.2027844e-07,1.3532636e-05
Dhaka/dhk393.wav,val,9.581207e-08,1.8994134e-06,0.99998677,1.1834636e-06,2.2590597e-12,4.2864133e-07,3.6317292e-06,5.3685943e-07,5.4682946e-06
Dhaka/dhk394.wav,val,7.581961e-08,5.2823007e-06,0.99998486,2.0811415e-06,2.3188994e-12,6.9068557e-07,2.0877037e-06,4.1481601e-07,4.4893413e-06
Dhaka/dhk400.wav,test,4.9831106e-05,0.00043561624,0.018657409,0.98078054,1.152197e-08,1.2216548e-06,2.1334624e-06,3.7028998e-09,7.329729e-05
Dhaka/dhk405.wav,test,3.5633778e-07,7.984056e-06,0.9999788,6.2658423e-06,4.67093e-12,1.1423881e-06,2.7340304e-06,1.4451258e-07,2.6416292e-06
Dhaka/dhk406.wav,test,8.205517e-07,1.9448396e-06,0.99997485,3.2462426e-06,4.679151e-12,2.5009438e-06,1.33025e-05,1.2929868e-07,3.1090426e-06
Dhaka/dhk407.wav,test,2.3444343e-07,7.721678e-06,0.9999808,1.0863603e-06,4.691413e-12,1.2794447e-06,4.618539e-06,7.0569433e-07,3.4969019e-06
Dhaka/dhk409.wav,val,5.5074812e-05,6.206731e-05,0.99807644,0.00014059756,2.3206042e-09,7.38865e-05,0.0015603265,6.2552404e-06,2.5355646e-05
Dhaka/dhk414.wav,val,1.7107641e-07,3.5020225e-06,0.999984,3.1617776e-06,2.973698e-12,6.168952e-07,3.8338558e-06,2.2769706e-07,4.4447897e-06
Dhaka/dhk420.wav,val,1.5532532e-07,3.6259732e-06,0.9999732,1.7890806e-06,8.5605195e-12,1.2951265e-06,1.3662372e-05,1.5131776e-06,4.6882737e-06
Dhaka/dhk421.wav,test,2.7958097e-07,1.7232757e-06,0.99998057,1.282852e-06,2.4124782e-12,1.0847677e-06,1.04718165e-05,2.5272757e-07,4.3144205e-06
Dhaka/dhk422.wav,test,6.5476905e-07,2.4202475e-06,0.9999733,6.7405003e-06,3.7211796e-12,1.0545283e-06,1.0546867e-05,1.05753514e-07,5.1943093e-06
Dhaka/dhk423.wav,test,4.305782e-07,1.6816616e-06,0.9999739,4.5609927e-06,3.147428e-12,9.272857e-07,1.3183846e-05,1.286846e-07,5.1214442e-06
Dhaka/dhk427.wav,test,3.5532267e-07,3.0183824e-06,0.9999802,5.357351e-06,3.2368338e-12,7.467957e-07,5.7170123e-06,1.4323061e-07,4.404446e-06
Dhaka/dhk429.wav,test,3.644383e-07,1.6135195e-06,0.9999778,2.8479212e-06,3.0816807e-12,6.616019e-07,1.0088066e-05,2.766808e-07,6.3331454e-06
Dhaka/dhk43.wav,test,1.795399e-07,9.592072e-07,0.99996865,1.3585051e-06,3.2504936e-12,3.8475855e-07,1.4013647e-05,7.264684e-07,1.3612669e-05
Dhaka/dhk433.wav,val,2.380342e-07,2.0681352e-06,0.999984,2.987177e-06,2.737159e-12,1.0569793e-06,6.5030144e-06,1.6303049e-07,2.805436e-06
Dhaka/dhk436.wav,test,6.4131103e-07,5.2939104e-06,0.99997437,8.561381e-06,5.298531e-12,2.2155689e-06,6.5365957e-06,1.0958989e-07,2.2463528e-06
Dhaka/dhk437.wav,test,1.3544279e-06,3.2611547e-06,0.99995935,1.3555709e-05,6.265863e-12,1.4969577e-06,1.5023817e-05,8.7715335e-08,5.971897e-06
Dhaka/dhk438.wav,val,9.919311e-07,3.4203367e-06,0.99997056,7.186937e-06,4.978857e-12,1.7837214e-06,1.2289251e-05,1.08893545e-07,3.7044606e-06
Dhaka/dhk443.wav,val,1.1597718e-06,2.3387454e-06,0.99996924,3.827027e-06,4.7270443e-12,3.2393898e-06,1.7443219e-05,1.0497254e-07,2.6677387e-06
Dhaka/dhk444.wav,val,8.890421e-07,2.7435162e-06,0.9999777,4.005548e-06,3.723972e-12,2.0465343e-06,9.557411e-06,1.0471286e-07,2.9391083e-06
Dhaka/dhk445.wav,test,1.1860615e-06,4.769532e-06,0.9999716,5.669677e-06,5.0601533e-12,2.2665356e-06,1.1454537e-05,1.1782525e-07,2.8550965e-06
Dhaka/dhk448.wav,test,3.9263373e-06,3.687357e-07,0.97706985,3.1564748e-06,2.785725e-10,4.8184203e-05,0.02284237,7.4746918e-06,2.4561008e-05
Dhaka/dhk449.wav,val,7.83105e-07,6.7850306e-06,0.9999547,2.0470132e-05,9.781872e-12,1.8298831e-06,1.1368598e-05,1.3426894e-07,3.9871506e-06
Dhaka/dhk455.wav,val,2.0638025e-07,1.3368971e-06,0.9999788,1.8108843e-06,2.476297e-12,3.8727495e-07,5.590607e-06,2.500917e-07,1.1597525e-05
Dhaka/dhk458.wav,test,9.302191e-07,4.915662e-06,0.99994695,1.8736373e-05,8.42705e-12,1.0191216e-06,1.0942544e-05,1.1960623e-07,1.6387445e-05
Dhaka/dhk46.wav,val,1.2009774e-07,1.5250569e-06,0.9999548,3.7965106e-07,8.725455e-12,8.5972005e-07,2.003433e-05,7.148449e-06,1.5174802e-05
Dhaka/dhk470.wav,val,8.1695487e-07,1.152481e-06,0.9999715,1.915432e-06,3.839215e-12,1.3678091e-06,1.7864852e-05,1.6422705e-07,5.2013734e-06
Dhaka/dhk480.wav,test,4.172025e-07,2.403164e-06,0.9999727,2.311563e-06,3.2499615e-12,3.093044e-07,4.2675924e-06,3.480692e-07,1.7231594e-05
Dhaka/dhk484.wav,test,5.7479565e-07,1.7186483e-06,0.999962,5.7938146e-06,3.903938e-12,3.868255e-07,1.256935e-05,2.0082851e-07,1.6874548e-05
Dhaka/dhk486.wav,val,2.8626704e-07,3.1951347e-06,0.9999522,2.2784175e-06,5.2122907e-12,3.656188e-07,1.1944204e-05,1.2134931e-06,2.8614699e-05
Dhaka/dhk49.wav,val,1.0660261e-07,8.642313e-07,0.9999728,6.8307406e-07,4.2508453e-12,5.227515e-07,1.4159653e-05,1.7147948e-06,9.1196825e-06
Dhaka/dhk492.wav,test,2.189195e-07,5.9331234e-07,0.999951,1.2623551e-06,3.4330663e-12,4.2853975e-07,2.8901315e-05,6.9976244e-07,1.6983324e-05
Dhaka/dhk493.wav,val,3.5212574e-07,4.6813802e-05,0.9990013,2.3883176e-06,3.546824e-11,2.0343258e-07,4.4585922e-06,1.9295692e-05,0.00092526176
Dhaka/dhk495.wav,val,2.1002165e-06,8.6751993e-07,0.9999504,1.4251123e-06,6.0671e-12,9.920597e-07,3.1053147e-05,4.0725266e-07,1.2653031e-05
Dhaka/dhk507.wav,val,5.88488e-07,1.0843911e-06,0.99995756,3.996306e-06,3.6838974e-12,4.2934437e-07,1.831478e-05,2.0902135e-07,1.7823846e-05
Dhaka/dhk509.wav,test,5.898188e-07,1.3243362e-06,0.99995816,4.2550137e-06,4.4648703e-12,3.911834e-07,1.3739978e-05,3.6696028e-07,2.1261036e-05
Dhaka/dhk510.wav,test,5.484284e-06,1.5169803e-06,0.9996278,1.0776741e-05,2.1001163e-11,3.5862703e-07,6.983539e-05,1.0100373e-06,0.00028316127
Dhaka/dhk516.wav,test,3.876921e-06,7.895048e-09,2.3679366e-05,6.902661e-07,6.9894504e-09,5.816299e-11,5.921027e-06,2.1016462e-05,0.9999448
Dhaka/dhk517.wav,val,3.7652654e-07,7.060001e-07,0.999962,1.3148925e-06,3.4137762e-12,3.0626575e-07,1.4031272e-05,5.375403e-07,2.0698526e-05
Dhaka/dhk539.wav,test,1.1418056e-06,1.998511e-06,0.9999522,7.905078e-06,7.2684207e-12,8.1733884e-07,2.4945071e-05,2.2774454e-07,1.0742246e-05
Dhaka/dhk542.wav,test,1.0612862e-06,2.2697498e-06,0.99995255,1.2094745e-05,7.107231e-12,8.8406955e-07,2.22263e-05,1.3792256e-07,8.835744e-06
Dhaka/dhk549.wav,test,8.063545e-07,1.3848385e-06,0.99996126,3.2280798e-06,4.4447727e-12,4.1969224e-07,1.1308917e-05,2.6721466e-07,2.1365147e-05
Dhaka/dhk552.wav,test,7.2164767e-07,1.6504728e-06,0.99995863,4.302751e-06,5.0574536e-12,3.7811904e-07,1.04672135e-05,2.893797e-07,2.3517274e-05
Dhaka/dhk557.wav,val,2.5136484e-07,2.2763963e-06,0.99996686,1.8010062e-06,3.1390845e-12,2.2667592e-07,3.998158e-06,4.9363666e-07,2.4030047e-05
Dhaka/dhk559.wav,val,4.267501e-07,2.187743e-06,0.9999727,6.24012e-06,4.5580727e-12,4.130362e-07,6.8454165e-06,1.934614e-07,1.0983297e-05
Dhaka/dhk565.wav,val,3.941346e-07,9.460669e-07,0.9999677,1.0472535e-06,3.2559263e-12,4.287963e-07,1.200804e-05,5.996146e-07,1.6899174e-05
Dhaka/dhk566.wav,val,3.067478e-07,9.0811346e-07,0.99996305,7.6860806e-07,3.3659091e-12,5.287132e-07,1.6984823e-05,7.929541e-07,1.6774316e-05
Dhaka/dhk567.wav,val,2.3728144e-06,1.1463233e-06,0.99991274,4.8775896e-06,9.809188e-12,7.750333e-07,4.5094523e-05,4.828146e-07,3.2556563e-05
Dhaka/dhk582.wav,val,4.4369864e-07,9.789287e-07,0.99990106,2.3366574e-06,5.6865064e-12,3.101559e-07,3.6883568e-05,7.539618e-07,5.722246e-05
Dhaka/dhk589.wav,val,2.5350832e-07,2.2503918e-06,0.9999846,2.081977e-06,2.439022e-12,5.772819e-07,4.2878373e-06,1.961903e-07,5.7355064e-06
Dhaka/dhk59.wav,val,1.6181747e-07,1.0725487e-06,0.999984,1.4786485e-06,2.6072614e-12,7.314928e-07,7.914141e-06,2.8840182e-07,4.3554915e-06
Dhaka/dhk596.wav,test,2.986542e-07,1.4483966e-06,0.99997973,2.1618782e-06,2.6020488e-12,4.0881025e-07,5.705169e-06,2.323241e-07,9.963236e-06
Dhaka/dhk598.wav,test,2.6631986e-07,1.7607193e-06,0.9999802,2.5142874e-06,2.3266064e-12,4.0313046e-07,5.6767053e-06,2.0296555e-07,8.875919e-06
Dhaka/dhk600.wav,val,1.206351e-07,6.9040316e-06,0.9999826,1.1026673e-06,3.0020684e-12,7.979743e-07,2.6299183e-06,6.4386074e-07,5.2858873e-06
Dhaka/dhk604.wav,val,2.3927482e-06,0.00042232446,0.99411386,7.891094e-07,2.5030495e-09,1.9026516e-05,1.411418e-05,0.0052981814,0.00012939044
Dhaka/dhk620.wav,test,2.2090758e-07,1.1785266e-05,0.9999782,4.850604e-06,3.8909995e-12,9.703392e-07,1.5660294e-06,1.6888038e-07,2.334697e-06
Dhaka/dhk625.wav,val,2.5857597e-07,3.45957e-06,0.99998415,4.1924404e-06,3.462094e-12,8.159778e-07,3.7185882e-06,1.50463e-07,3.3031129e-06
Dhaka/dhk626.wav,test,2.7161707e-07,6.4814544e-06,0.9999753,1.0454937e-05,4.5652193e-12,9.1715714e-07,3.1787538e-06,1.09704395e-07,3.2200787e-06
Dhaka/dhk630.wav,test,1.9642997e-07,2.5967795e-06,0.99998474,2.8771208e-06,3.4122267e-12,7.993851e-07,5.070476e-06,2.0687945e-07,3.4942323e-06
Dhaka/dhk633.wav,test,2.5040617e-07,4.7474246e-06,0.99998343,4.7070034e-06,4.0175753e-12,8.7702773e-07,2.7092067e-06,1.6179592e-07,3.115335e-06
Dhaka/dhk635.wav,test,2.255659e-07,5.0432036e-06,0.99998355,4.6974037e-06,3.5996698e-12,8.2397077e-07,2.6502037e-06,1.5599316e-07,2.9098687e-06
Dhaka/dhk636.wav,test,2.7612455e-07,2.767413e-06,0.9999832,4.1708176e-06,3.469157e-12,6.133761e-07,4.2377224e-06,1.7377594e-07,4.5365855e-06
Dhaka/dhk640.wav,test,3.1734925e-07,0.00042332572,0.9995383,2.0096793e-05,2.605093e-10,6.740383e-06,2.7059816e-06,4.8044994e-06,3.7133657e-06
Dhaka/dhk641.wav,val,2.0907895e-07,4.130987e-06,0.9999851,3.4179147e-06,3.4747394e-12,7.95953e-07,3.2235178e-06,2.0609833e-07,2.851358e-06
Dhaka/dhk644.wav,val,1.8481147e-07,3.037126e-06,0.99998057,4.1696694e-06,5.5266746e-12,7.882075e-07,6.788805e-06,3.1616418e-07,4.13442e-06
Dhaka/dhk648.wav,test,2.6102822e-07,5.1924217e-06,0.99998367,4.2058336e-06,3.465812e-12,8.5797393e-07,2.8948507e-06,1.4807668e-07,2.788577e-06
Dhaka/dhk653.wav,val,3.1146442e-07,6.56699e-06,0.9999815,5.0090744e-06,4.1694257e-12,1.1185969e-06,2.8601337e-06,1.4266287e-07,2.387501e-06
Dhaka/dhk658.wav,val,2.9727053e-07,3.1346465e-06,0.99998236,4.0258064e-06,4.954286e-12,1.8703249e-06,6.127818e-06,1.770669e-07,2.109294e-06
Dhaka/dhk660.wav,test,1.9479465e-07,3.1985157e-06,0.9999875,2.1358303e-06,3.3493022e-12,1.2679732e-06,3.4507768e-06,2.0842486e-07,2.108213e-06
Dhaka/dhk661.wav,val,1.7266399e-07,4.238449e-06,0.9999858,2.9034584e-06,3.808157e-12,1.3822943e-06,3.1932316e-06,2.021195e-07,2.0569546e-06
Dhaka/dhk663.wav,val,1.8803792e-07,1.6914007e-06,0.99998164,2.0480163e-06,2.668957e-12,9.426335e-07,9.758787e-06,1.9628553e-07,3.494661e-06
Dhaka/dhk664.wav,test,2.5935296e-07,1.3782509e-06,0.99997556,3.2752332e-06,3.038275e-12,9.484936e-07,1.40133425e-05,1.4693659e-07,4.4293533e-06
Dhaka/dhk667.wav,val,2.6149135e-07,3.8380354e-06,0.99997294,9.697583e-06,5.2174914e-12,1.0807727e-06,8.059023e-06,1.3652301e-07,3.8831063e-06
Dhaka/dhk672.wav,val,1.2954175e-07,1.3400458e-05,0.9999789,3.024464e-06,4.122208e-12,1.4964246e-06,1.2709089e-06,2.3623353e-07,1.5468723e-06
Dhaka/dhk678.wav,test,3.7466475e-07,7.796975e-06,0.99997175,1.23968775e-05,6.6419257e-12,1.9107654e-06,3.6150125e-06,9.987539e-08,2.0771608e-06
Dhaka/dhk679.wav,test,2.1244514e-07,5.8600926e-06,0.99998486,3.2686887e-06,3.881767e-12,1.3431646e-06,2.3666146e-06,1.6638555e-07,1.9803435e-06
Dhaka/dhk683.wav,test,1.9067346e-07,5.2286346e-06,0.9999852,3.1964257e-06,3.6729283e-12,1.26229e-06,2.7412643e-06,1.7001615e-07,1.9357503e-06
Dhaka/dhk698.wav,test,2.0102803e-07,6.8088907e-06,0.99998415,3.3735234e-06,3.3648763e-12,9.4628547e-07,1.9156369e-06,1.650555e-07,2.4043218e-06
Dhaka/dhk699.wav,val,1.7811531e-07,7.0648452e-06,0.9999827,4.4019084e-06,3.398923e-12,1.0436212e-06,2.098062e-06,1.406161e-07,2.3462383e-06
Dhaka/dhk70.wav,val,3.6774688e-07,1.4283403e-06,0.9999765,1.1728965e-06,2.6219881e-12,1.0057903e-06,1.4321301e-05,2.854265e-07,4.835368e-06
Dhaka/dhk703.wav,test,2.8840867e-07,9.6424965e-06,0.99997735,6.8407885e-06,4.7484993e-12,1.1960856e-06,2.213339e-06,1.3395082e-07,2.2990514e-06
Dhaka/dhk704.wav,test,1.8306453e-07,6.911205e-06,0.99998355,3.914581e-06,3.64124e-12,9.797556e-07,2.034163e-06,1.7044331e-07,2.3126227e-06
Dhaka/dhk708.wav,test,9.914146e-08,2.9371129e-06,0.99998903,1.3357167e-06,2.850795e-12,7.9837747e-07,2.9194216e-06,3.6933662e-07,2.5763586e-06
Dhaka/dhk71.wav,test,2.8344357e-07,1.9000786e-06,0.99998593,1.4424135e-06,2.7112986e-12,1.0255866e-06,5.337559e-06,2.436137e-07,3.7935326e-06
Dhaka/dhk711.wav,test,2.974487e-07,4.658049e-06,0.9999826,5.1155043e-06,3.968653e-12,8.379679e-07,3.1261834e-06,1.4894614e-07,3.3043868e-06
Dhaka/dhk712.wav,val,2.5586147e-07,5.8696583e-06,0.99998415,3.6941424e-06,3.463871e-12,1.0701091e-06,2.522571e-06,1.4602773e-07,2.4027952e-06
Dhaka/dhk716.wav,test,3.2965747e-07,2.6000524e-05,0.9999516,1.6502825e-05,7.761311e-12,1.9983613e-06,1.6859422e-06,1.05596826e-07,1.7787884e-06
Dhaka/dhk719.wav,val,1.8326419e-07,4.5570714e-06,0.9999864,2.6170583e-06,2.795744e-12,8.6524835e-07,2.51338e-06,1.738589e-07,2.6392522e-06
Dhaka/dhk720.wav,test,3.559171e-07,9.3068065e-06,0.99997425,9.96018e-06,4.8276435e-12,1.0480237e-06,2.2190302e-06,1.0805745e-07,2.7876945e-06
Dhaka/dhk722.wav,test,4.5255587e-07,1.8492156e-05,0.9999428,3.0908785e-05,9.483986e-12,2.0956866e-06,2.8681131e-06,8.125572e-08,2.235726e-06
Dhaka/dhk724.wav,test,6.254771e-07,1.0435053e-05,0.9999466,3.3251206e-05,8.511742e-12,1.5263655e-06,4.2213733e-06,7.096868e-08,3.310466e-06
Dhaka/dhk731.wav,val,3.1898497e-07,5.277529e-06,0.9999833,4.2129773e-06,3.2717397e-12,9.713366e-07,3.0557487e-06,1.2445756e-07,2.6922612e-06
Dhaka/dhk732.wav,test,2.585116e-07,1.0065622e-05,0.99997926,4.8123015e-06,3.5617024e-12,1.5093171e-06,2.168675e-06,1.1841688e-07,1.8322103e-06
Dhaka/dhk739.wav,test,2.9510542e-07,4.554059e-06,0.9999813,6.136244e-06,3.8358414e-12,1.1396044e-06,3.892051e-06,1.120565e-07,2.5334418e-06
Dhaka/dhk745.wav,test,2.0302322e-07,3.6104188e-06,0.9999858,3.1631105e-06,3.445841e-12,8.704488e-07,3.2573928e-06,1.8355374e-07,2.9264731e-06
Dhaka/dhk748.wav,test,2.2101726e-07,4.384139e-06,0.9999844,4.1246612e-06,3.5544118e-12,9.289108e-07,2.9740431e-06,1.6054923e-07,2.7425017e-06
Dhaka/dhk749.wav,test,2.901647e-07,1.9856192e-05,0.99995935,1.385184e-05,9.1161505e-12,1.6723102e-06,2.481985e-06,1.5529044e-07,2.3770904e-06
Dhaka/dhk75.wav,val,2.1953254e-07,6.406281e-07,0.99993503,5.247161e-07,6.5521204e-12,9.986053e-07,5.0179427e-05,2.3588627e-06,9.98326e-06
Dhaka/dhk752.wav,val,1.737051e-07,9.5392825e-06,0.99998164,3.504373e-06,3.6302625e-12,1.1413493e-06,2.0077416e-06,1.7862715e-07,1.8936576e-06
Dhaka/dhk754.wav,test,3.3572914e-07,6.5304966e-06,0.9999813,4.502836e-06,3.513902e-12,1.4405042e-06,3.7570971e-06,1.1746154e-07,1.9316249e-06
Dhaka/dhk756.wav,test,8.465626e-08,4.1323518e-05,0.99993265,1.3106323e-06,1.7606529e-11,8.069225e-06,8.143434e-06,4.565165e-06,3.865982e-06
Dhaka/dhk759.wav,val,4.2299249e-07,6.642189e-06,0.9999739,1.119209e-05,5.2812347e-12,1.3568213e-06,3.927916e-06,9.7124925e-08,2.4671183e-06
Dhaka/dhk78.wav,val,5.293044e-06,4.2687066e-07,0.9912547,7.2831917e-06,1.533726e-10,1.2659628e-05,0.008669535,3.4509865e-06,4.6556073e-05
Dhaka/dhk81.wav,test,2.3265638e-07,8.008917e-07,0.99996424,1.5102361e-06,3.0669677e-12,6.924771e-07,2.5359574e-05,3.684156e-07,6.775713e-06
Dhaka/dhk83.wav,val,1.746611e-07,9.36736e-07,0.99997413,1.3915073e-06,2.4872103e-12,4.4495783e-07,1.4159482e-05,3.8286424e-07,8.448856e-06
Dhaka/dhk86.wav,val,6.63367e-08,1.3854815e-06,0.99998486,6.002262e-07,2.308476e-12,4.133553e-07,4.7952453e-06,1.047711e-06,6.87279e-06
Dhaka/dhk9.wav,test,5.297056e-08,1.0200556e-06,0.9999629,2.890028e-07,5.275931e-12,5.061237e-07,1.3639217e-05,7.242317e-06,1.4329263e-05
Dhaka/dhk90.wav,test,1.3234871e-06,7.9205444e-07,1.2628894e-05,9.068564e-09,0.00019430215,0.00023443908,0.008641439,0.9908731,4.197949e-05
Dhaka/dhk96.wav,val,1.0192405e-07,7.1084565e-07,0.9999727,8.5062317e-07,3.6362452e-12,5.6562163e-07,1.6286083e-05,9.753197e-07,7.736519e-06
Dhaka/dhk98.wav,test,1.173528e-07,8.8408643e-07,0.9999783,1.0028479e-06,3.048639e-12,5.7930174e-07,1.2261028e-05,6.302086e-07,6.25653e-06
Noakhali/nkhl1003.wav,val,2.3734834e-05,3.900092e-10,6.7230285e-06,4.2437392e-07,6.561446e-07,6.0443094e-06,0.9999442,2.320819e-06,1.5862974e-05
Noakhali/nkhl1004.wav,val,3.2849774e-05,3.039743e-10,2.7798303e-06,2.6467626e-07,9.0319344e-07,1.1654817e-05,0.99994457,1.3580695e-06,5.6805593e-06
Noakhali/nkhl1005.wav,val,2.5108271e-05,2.1976822e-10,5.18388e-06,2.836811e-07,6.1308026e-07,3.820305e-06,0.9999443,2.5693168e-06,1.8181165e-05
Noakhali/nkhl101.wav,test,1.9203595e-05,1.1833365e-10,4.7395397e-06,1.2706559e-07,4.3342877e-07,4.3842565e-06,0.99995863,2.6358337e-06,9.7877455e-06
Noakhali/nkhl1017.wav,test,3.0337822e-05,1.3505151e-10,4.0252435e-06,2.1747667e-07,5.2253046e-07,2.8337554e-06,0.9999428,2.0994414e-06,1.7151922e-05
Noakhali/nkhl1030.wav,test,5.5514e-05,7.3859044e-11,2.0122172e-06,1.623646e-07,4.983182e-07,3.3901822e-06,0.99993,7.9423046e-07,7.5983244e-06
Noakhali/nkhl1031.wav,val,6.784002e-05,8.138138e-11,2.1103813e-06,1.8978892e-07,5.850668e-07,2.453026e-06,0.99991405,9.891837e-07,1.1804352e-05
Noakhali/nkhl1032.wav,test,0.018507278,1.0298442e-10,7.9371614e-07,9.898695e-07,2.0720959e-06,1.5183057e-06,0.9814605,1.4430638e-07,2.6553298e-05
Noakhali/nkhl1038.wav,test,1.6519218e-05,1.2036011e-10,3.4017758e-06,1.196295e-07,5.9582015e-07,6.4477517e-06,0.99996316,2.5880852e-06,7.0829956e-06
Noakhali/nkhl1042.wav,test,3.4544857e-05,8.4031414e-11,1.8468915e-06,9.631067e-08,4.45401e-07,8.81316e-06,0.9999511,6.924608e-07,2.4919518e-06
Noakhali/nkhl1045.wav,val,3.7493388e-05,8.081026e-11,2.316131e-06,1.4171849e-07,4.5779848e-07,4.494804e-06,0.9999479,9.176963e-07,6.2232066e-06
Noakhali/nkhl1049.wav,val,1.3174093e-05,1.6649886e-10,2.3217845e-06,9.305383e-08,8.5373523e-07,2.0760652e-05,0.99995863,2.0785465e-06,2.1692922e-06
Noakhali/nkhl1052.wav,val,2.5427402e-05,1.3891252e-10,3.7239927e-06,1.8900562e-07,6.480105e-07,4.0057757e-06,0.9999516,2.3032012e-06,1.2047812e-05
Noakhali/nkhl1055.wav,test,1.1932514e-05,2.1730741e-10,5.31791e-06,1.207187e-07,7.4075155e-07,6.193979e-06,0.99995625,6.808116e-06,1.2611964e-05
Noakhali/nkhl1058.wav,val,1.621782e-05,1.8439526e-10,4.8673787e-06,1.8312467e-07,6.022785e-07,5.9878066e-06,0.9999591,2.9352666e-06,1.0124511e-05
Noakhali/nkhl1059.wav,val,3.3404354e-05,1.4587623e-10,3.5108783e-06,2.0107063e-07,7.1516564e-07,3.282776e-06,0.9999385,2.411273e-06,1.8111557e-05
Noakhali/nkhl1061.wav,val,2.3960152e-05,1.174818e-10,2.6166917e-06,1.24883e-07,8.388779e-07,4.3371565e-06,0.99995506,2.9821608e-06,1.0137282e-05
Noakhali/nkhl1062.wav,val,1.841818e-05,1.1945633e-10,3.454014e-06,1.07830466e-07,6.6861094e-07,5.121842e-06,0.99995995,3.326952e-06,8.985041e-06
Noakhali/nkhl1065.wav,val,0.0001112014,1.0865172e-10,1.5658746e-06,2.5912996e-07,9.735504e-07,3.4089728e-06,0.9998698,8.5897585e-07,1.18462885e-05
Noakhali/nkhl1067.wav,test,8.300239e-05,1.4796858e-10,1.8720992e-06,3.0206772e-07,9.315617e-07,4.121957e-06,0.9998977,9.4306324e-07,1.1059346e-05
Noakhali/nkhl107.wav,test,7.556673e-05,9.059863e-11,2.3391951e-06,2.348535e-07,7.182625e-07,2.0067416e-06,0.99989927,1.3111e-06,1.8525012e-05
Noakhali/nkhl1070.wav,test,6.311223e-05,1.9299655e-10,2.11272e-06,1.9983604e-07,6.2441177e-07,1.3725261e-05,0.99991643,6.1315205e-07,3.1508034e-06
Noakhali/nkhl1075.wav,test,6.240701e-05,1.3066373e-10,2.1734454e-06,3.3449228e-07,7.798524e-07,3.5773314e-06,0.9999182,8.807371e-07,1.1663182e-05
Noakhali/nkhl1076.wav,test,2.7917127e-05,1.4374389e-10,2.293241e-06,1.3853139e-07,5.5282186e-07,1.485552e-05,0.99995124,7.6307094e-07,2.3192024e-06
Noakhali/nkhl1080.wav,test,6.164794e-05,1.5787226e-10,3.5284154e-06,4.2940232e-07,6.2454916e-07,2.4637147e-06,0.9999105,1.0950188e-06,1.9774137e-05
Noakhali/nkhl1082.wav,test,2.2100765e-05,1.3343371e-10,3.2141386e-06,1.5405692e-07,5.860771e-07,6.1829833e-06,0.999959,1.7223858e-06,7.031178e-06
Noakhali/nkhl1088.wav,test,5.9691407e-05,1.0759822e-10,2.4670103e-06,1.404874e-07,4.7033674e-07,4.668998e-06,0.9999244,1.0062569e-06,7.08027e-06
Noakhali/nkhl1092.wav,val,2.8275437e-05,1.2525966e-10,3.7274006e-06,1.7249137e-07,5.0766056e-07,4.082466e-06,0.99995077,1.7701242e-06,1.06903035e-05
Noakhali/nkhl1099.wav,test,1.8161569e-05,2.520902e-09,4.2518204e-06,9.769092e-07,3.6830775e-06,0.00012116533,0.9998473,2.2435454e-06,2.1581686e-06
Noakhali/nkhl1100.wav,val,3.104119e-05,7.0790634e-10,1.3295809e-05,1.1996165e-06,9.873188e-07,2.3954915e-06,0.9998275,6.7318992e-06,0.00011674237
Noakhali/nkhl1101.wav,val,2.282622e-05,1.8300696e-10,5.4690477e-06,2.2443889e-07,6.459825e-07,3.0324775e-06,0.99993944,4.1529534e-06,2.4255343e-05
Noakhali/nkhl1104.wav,val,1.860091e-05,2.4035335e-10,6.621962e-06,2.4811322e-07,5.1997074e-07,4.094421e-06,0.99994814,3.374055e-06,1.8347542e-05
Noakhali/nkhl1106.wav,test,2.0260564e-05,1.6823312e-10,4.3222926e-06,1.9684818e-07,5.744965e-07,4.8147576e-06,0.99995625,2.4200285e-06,1.1208908e-05
Noakhali/nkhl1109.wav,test,2.4732486e-05,1.4306387e-10,4.3395007e-06,2.0428747e-07,5.306167e-07,3.3749013e-06,0.999949,2.3859666e-06,1.5447808e-05
Noakhali/nkhl1117.wav,val,4.5954897e-05,1.304284e-10,3.3391552e-06,2.8985076e-07,6.8932997e-07,2.3163957e-06,0.9999238,1.8524998e-06,2.1728101e-05
Noakhali/nkhl1121.wav,val,4.9318e-05,1.8995863e-10,4.3030755e-06,4.654871e-07,8.2935054e-07,2.2163142e-06,0.9999063,2.162068e-06,3.4419598e-05
Noakhali/nkhl1122.wav,val,0.00014277785,3.6301562e-10,4.562504e-06,1.4029174e-06,1.4818568e-06,1.4416345e-06,0.99975294,2.066857e-06,9.336324e-05
Noakhali/nkhl1128.wav,val,5.445571e-05,1.1880422e-10,2.4067094e-06,2.409331e-07,9.723615e-07,2.4523154e-06,0.9999162,2.063098e-06,2.12495e-05
Noakhali/nkhl1131.wav,test,3.157136e-05,1.4311541e-10,5.018736e-06,1.8877611e-07,5.869195e-07,2.0623484e-06,0.99992764,4.1042276e-06,2.8831379e-05
Noakhali/nkhl1132.wav,val,2.07057e-05,2.1506909e-10,6.29833e-06,1.6546086e-07,7.3443226e-07,3.0713707e-06,0.9999347,7.946179e-06,2.6330985e-05
Noakhali/nkhl1134.wav,test,2.1143738e-05,1.6959155e-10,4.4678104e-06,1.8027836e-07,5.744335e-07,4.2317893e-06,0.9999534,2.9280143e-06,1.303335e-05
Noakhali/nkhl1136.wav,test,2.8417491e-05,1.4571991e-10,3.9391425e-06,2.1989594e-07,6.6126285e-07,2.8717895e-06,0.99994206,2.7515648e-06,1.9021572e-05
Noakhali/nkhl1138.wav,test,2.5454467e-05,1.4812558e-10,4.5189436e-06,2.0340978e-07,6.298743e-07,3.0335948e-06,0.9999435,3.2187172e-06,1.9509713e-05
Noakhali/nkhl1139.wav,val,2.1020562e-05,1.3617951e-10,4.4131216e-06,1.4614326e-07,5.3740575e-07,3.33867e-06,0.99995196,3.3732667e-06,1.5122966e-05
Noakhali/nkhl114.wav,val,8.938064e-05,8.817081e-11,2.906771e-06,1.8621108e-07,4.3987956e-07,1.8877704e-06,0.99988914,1.1047093e-06,1.4929299e-05
Noakhali/nkhl115.wav,test,6.034388e-05,7.72245e-11,2.5399202e-06,1.3317344e-07,4.764565e-07,2.3261387e-06,0.9999211,1.3403217e-06,1.1824885e-05
Noakhali/nkhl1151.wav,val,1.765495e-05,1.5850858e-10,3.8063054e-06,1.699298e-07,5.7883483e-07,6.465371e-06,0.99996173,2.1557228e-06,7.444606e-06
Noakhali/nkhl1154.wav,test,3.6199664e-05,8.184986e-11,3.520143e-06,1.5712043e-07,3.0483434e-07,3.1905704e-06,0.9999474,9.610476e-07,8.138337e-06
Noakhali/nkhl116.wav,val,5.5529563e-05,9.9394076e-11,3.3603142e-06,1.9138432e-07,5.4012065e-07,1.9302017e-06,0.99991655,1.8165695e-06,2.0061689e-05
Noakhali/nkhl1160.wav,val,7.907956e-05,2.4353755e-10,4.6213017e-06,4.3257285e-07,7.610426e-07,2.160374e-06,0.9998778,1.8320244e-06,3.3245014e-05
Noakhali/nkhl1161.wav,test,3.8922204e-05,9.789249e-11,2.5354143e-06,2.1221211e-07,5.123175e-07,4.095736e-06,0.99994504,9.1370015e-07,7.746789e-06
Noakhali/nkhl1164.wav,test,0.00033626222,8.790509e-11,1.3844115e-06,4.4682932e-07,8.1287305e-07,1.7399884e-06,0.99964046,4.1318532e-07,1.8408085e-05
Noakhali/nkhl1166.wav,test,0.99784577,5.384806e-05,2.9067319e-06,0.0006089504,0.0003888632,5.1582203e-05,0.0009870334,5.90428e-07,6.039382e-05
Noakhali/nkhl1168.wav,val,0.00034891767,1.9044998e-07,7.3124315e-06,1.2095209e-06,4.3903936e-05,0.3462495,0.6533476,1.3139382e-06,1.925499e-08
Noakhali/nkhl1172.wav,test,5.775634e-05,1.5394243e-10,4.670785e-06,2.2375723e-07,5.349449e-07,1.7302092e-06,0.9998989,2.7641493e-06,3.3379052e-05
Noakhali/nkhl1177.wav,val,0.00070100935,1.8361497e-09,7.880555e-06,1.5373439e-06,2.553771e-06,4.170299e-06,0.99916863,4.4094036e-06,0.00010985582
Noakhali/nkhl1181.wav,val,0.07217536,1.8637278e-08,1.0548612e-05,6.5955655e-06,2.9884584e-05,8.193829e-06,0.9269004,1.0047047e-05,0.0008590516
Noakhali/nkhl1182.wav,val,5.243658e-05,3.977113e-10,4.9812916e-06,2.8423136e-07,2.1307962e-06,2.1098433e-06,0.9998203,1.8187251e-05,9.9501834e-05
Noakhali/nkhl1187.wav,test,0.00039108808,4.7760167e-08,2.0408508e-05,1.1839054e-05,1.5173418e-05,2.7122904e-05,0.99931264,1.978245e-05,0.00020192942
Noakhali/nkhl1188.wav,val,0.005817786,1.2661576e-07,0.0011042956,2.7787996e-06,2.351267e-06,1.7589642e-05,0.9881196,0.00057126826,0.0043640905
Noakhali/nkhl119.wav,val,3.584375e-05,7.928444e-11,3.4272234e-06,1.3317384e-07,3.884536e-07,2.4998653e-06,0.999944,1.6329323e-06,1.2014617e-05
Noakhali/nkhl1193.wav,test,0.00080107094,4.0010817e-09,8.261782e-06,1.4088969e-06,6.444094e-06,4.365848e-06,0.9989053,2.0001167e-05,0.00025318895
Noakhali/nkhl1195.wav,val,0.019953834,1.4011611e-08,1.2928326e-05,1.4110988e-05,1.8403109e-05,9.0213125e-06,0.9797332,5.257982e-06,0.0002532406
Noakhali/nkhl12.wav,val,5.4098018e-05,1.1640425e-10,5.1104143e-06,1.7132973e-07,4.983396e-07,1.3521609e-06,0.99989593,3.759511e-06,3.9086863e-05
Noakhali/nkhl1200.wav,test,0.0002631447,2.7214908e-09,1.1111681e-05,2.8704665e-06,3.8789844e-06,6.3140724e-06,0.99961483,6.4131073e-06,9.1391e-05
Noakhali/nkhl1202.wav,val,0.007117042,1.399799e-05,0.0016803077,0.0025166352,0.00032688395,0.0006720009,0.9725878,0.00045680092,0.014628395
Noakhali/nkhl1207.wav,test,0.043052856,1.6847812e-08,5.354048e-05,2.8332258e-06,6.50354e-06,1.1082705e-05,0.95616615,2.6856966e-05,0.0006801367
Noakhali/nkhl1208.wav,test,0.73129296,2.9844398e-07,6.214694e-05,3.637871e-05,8.004328e-05,1.3591179e-05,0.26205146,4.672848e-05,0.006416425
Noakhali/nkhl1211.wav,val,0.017349841,0.00039224225,0.46572062,0.0004374456,5.214915e-06,0.0028295494,0.50490093,0.003679092,0.0046850163
Noakhali/nkhl1212.wav,test,5.2081723e-06,1.1596984e-05,0.010006465,1.0525101e-07,1.016599e-06,8.167754e-05,0.0035588176,0.98595446,0.00038057464
Noakhali/nkhl1213.wav,val,5.701994e-05,5.645442e-10,7.1221284e-06,7.539096e-07,1.2970817e-06,2.1960127e-06,0.9998318,5.5952946e-06,9.4077346e-05
Noakhali/nkhl122.wav,test,3.5365952e-05,1.0613564e-10,3.9116367e-06,1.7199716e-07,5.217799e-07,2.1564588e-06,0.9999349,2.5311726e-06,2.0421876e-05
Noakhali/nkhl123.wav,test,3.2933076e-05,9.180422e-11,3.5081744e-06,1.16655436e-07,5.433351e-07,2.3069524e-06,0.9999405,3.174977e-06,1.7004862e-05
Noakhali/nkhl125.wav,val,3.328346e-05,8.118509e-11,3.2672137e-06,1.1948964e-07,4.407589e-07,2.6642526e-06,0.99994636,1.9437978e-06,1.1889935e-05
Noakhali/nkhl127.wav,test,3.1157444e-05,8.6575185e-11,3.4030168e-06,1.1738107e-07,4.4880963e-07,2.8277943e-06,0.9999484,2.1110757e-06,1.1586616e-05
Noakhali/nkhl131.wav,test,2.8796874e-05,1.05941346e-10,4.8431593e-06,1.2559481e-07,4.6251424e-07,2.247622e-06,0.99993944,3.6922834e-06,2.036788e-05
Noakhali/nkhl135.wav,val,7.050341e-05,1.3098801e-10,4.4622934e-06,1.7956444e-07,7.3171765e-07,1.1333053e-06,0.9998622,5.546131e-06,5.5239743e-05
Noakhali/nkhl136.wav,test,2.7000944e-05,1.987706e-10,6.408102e-06,2.3364827e-07,5.676589e-07,2.489241e-06,0.99992883,4.1659996e-06,3.0200512e-05
Noakhali/nkhl137.wav,test,3.4192406e-06,0.0005379221,0.0012944748,1.5742545e-06,3.2156177e-07,0.9979298,0.00023036005,2.1128344e-06,1.0174734e-09
Noakhali/nkhl14.wav,val,0.0058614123,1.7219277e-07,1.0047001e-05,5.890001e-05,7.250976e-05,8.252793e-05,0.9938512,3.183327e-06,6.0078553e-05
Noakhali/nkhl145.wav,val,4.2370528e-05,1.2939709e-10,5.6066797e-06,2.009718e-07,4.4295018e-07,1.6708447e-06,0.999918,2.9163566e-06,2.8857261e-05
Noakhali/nkhl146.wav,test,9.967685e-05,8.738146e-11,3.2595e-06,2.76179e-07,4.6003305e-07,1.2232734e-06,0.99986863,1.1662642e-06,2.5414018e-05
Noakhali/nkhl154.wav,val,4.1470492e-05,1.257175e-10,5.182662e-06,2.4394475e-07,4.3915543e-07,1.7874914e-06,0.9999219,2.20965e-06,2.6807273e-05
Noakhali/nkhl156.wav,val,2.8832124e-05,1.1787407e-10,4.3502523e-06,1.365249e-07,6.271671e-07,2.2404756e-06,0.9999354,4.5896277e-06,2.3954952e-05
Noakhali/nkhl160.wav,test,3.4194712e-05,1.0032007e-10,3.0388342e-06,1.2960976e-07,3.593942e-07,5.000939e-06,0.99995065,1.0515279e-06,5.6090985e-06
Noakhali/nkhl162.wav,val,4.8028025e-05,1.6412545e-10,5.1710836e-06,2.4392725e-07,5.718986e-07,1.8733496e-06,0.9999064,3.1869972e-06,3.4525103e-05
Noakhali/nkhl163.wav,test,3.218755e-05,1.1912328e-10,3.8946696e-06,1.7937738e-07,4.978416e-07,3.441685e-06,0.99994516,1.881752e-06,1.2735408e-05
Noakhali/nkhl164.wav,val,6.515506e-05,2.2125424e-10,7.4926634e-06,2.6575145e-07,5.1889447e-07,1.5072454e-06,0.9998665,4.161118e-06,5.432012e-05
Noakhali/nkhl165.wav,val,7.568591e-05,8.5367435e-11,4.2416627e-06,1.9577126e-07,3.1424338e-07,1.4997491e-06,0.99989593,1.2138773e-06,2.0857799e-05
Noakhali/nkhl173.wav,test,3.986615e-05,1.1039974e-10,3.286709e-06,2.1338158e-07,4.6032483e-07,3.1079112e-06,0.9999399,1.1897373e-06,1.1880167e-05
Noakhali/nkhl178.wav,test,0.00018269625,1.212604e-10,2.7693854e-06,2.4139544e-07,3.5034648e-07,2.6786877e-06,0.9998012,6.001115e-07,9.41209e-06
Noakhali/nkhl184.wav,val,0.0002764637,1.2737798e-10,2.0147872e-06,4.0805975e-07,8.241658e-07,1.6222822e-06,0.9996939,7.1606127e-07,2.414499e-05
Noakhali/nkhl190.wav,val,2.9952442e-05,2.1444158e-10,4.9837154e-06,4.2959056e-07,5.085198e-07,3.5763878e-06,0.9999424,1.5520363e-06,1.6479084e-05
Noakhali/nkhl197.wav,val,0.00060159987,3.6840325e-10,2.7425126e-06,3.44911e-07,1.2819253e-06,2.9138791e-06,0.9993525,1.870199e-06,3.6700887e-05
Noakhali/nkhl205.wav,val,0.0001236848,6.8277815e-09,0.0012687774,9.4968726e-07,6.202958e-08,7.3918604e-06,0.99843067,1.2670264e-05,0.00015569889
Noakhali/nkhl207.wav,val,0.9869082,1.1250368e-07,1.1454371e-06,1.9006113e-05,4.1519263e-05,4.6408572e-06,0.012862634,2.5827512e-07,0.00016250038
Noakhali/nkhl210.wav,val,0.000102714424,4.3108433e-11,2.345537e-06,1.3201456e-07,2.0663958e-07,1.8496195e-06,0.9998851,4.1693923e-07,7.2276302e-06
Noakhali/nkhl221.wav,val,1.45398435e-05,3.030278e-10,2.7201047e-05,1.6699163e-07,1.8173156e-07,4.983963e-06,0.999933,4.62042e-06,1.5349186e-05
Noakhali/nkhl223.wav,val,4.0201485e-05,1.1955917e-10,4.997655e-06,1.2171554e-07,5.151154e-07,1.6927056e-06,0.99991643,4.992486e-06,3.1071464e-05
Noakhali/nkhl231.wav,test,0.003486353,6.166162e-06,0.0007638661,6.388256e-05,1.57632e-05,7.0403763e-07,0.027641837,0.001821291,0.96620005
Noakhali/nkhl242.wav,val,1.6690366e-05,2.6829716e-10,8.356527e-06,3.076334e-07,4.7926693e-07,5.5457494e-06,0.9999516,2.7916192e-06,1.4229038e-05
Noakhali/nkhl248.wav,test,3.545853e-05,1.0822983e-10,4.0510727e-06,1.4590073e-07,4.1133592e-07,2.6814776e-06,0.9999409,1.9803774e-06,1.4380872e-05
Noakhali/nkhl25.wav,test,2.9127057e-05,1.6783568e-10,5.819353e-06,1.9891114e-07,5.962127e-07,2.3796276e-06,0.9999275,4.507982e-06,2.984595e-05
Noakhali/nkhl257.wav,val,5.1967716e-05,1.6999757e-10,4.165261e-06,2.8524337e-07,4.1204638e-07,5.0499593e-06,0.999928,9.1379525e-07,9.25302e-06
Noakhali/nkhl258.wav,val,2.6626516e-05,1.3633429e-10,4.0727064e-06,2.0920167e-07,5.99913e-07,3.4382508e-06,0.9999473,2.3632533e-06,1.5409438e-05
Noakhali/nkhl259.wav,test,1.9383653e-05,1.3931427e-10,3.6594154e-06,1.6534855e-07,6.165777e-07,5.5444443e-06,0.99995947,2.230418e-06,8.78798e-06
Noakhali/nkhl267.wav,test,3.53688e-05,1.2259242e-10,3.2741925e-06,2.5440713e-07,5.2365544e-07,3.937294e-06,0.99994576,1.1009172e-06,9.858995e-06
Noakhali/nkhl269.wav,test,2.034979e-05,1.705712e-10,5.2953574e-06,2.2263096e-07,5.652455e-07,4.14154e-06,0.9999511,2.7786853e-06,1.5573618e-05
Noakhali/nkhl271.wav,test,3.7102396e-05,8.141267e-11,3.079426e-06,1.601219e-07,4.0672637e-07,3.0764638e-06,0.99994564,1.1998646e-06,9.327616e-06
Noakhali/nkhl277.wav,val,0.00028424786,4.2806741e-10,2.8757486e-06,8.4277735e-07,2.1855897e-06,2.064782e-06,0.9996537,2.006813e-06,5.217546e-05
Noakhali/nkhl28.wav,val,1.2457144e-05,2.9065425e-10,5.496881e-06,1.3035304e-07,6.697511e-07,8.639936e-06,0.9999566,6.1517662e-06,9.828629e-06
Noakhali/nkhl284.wav,test,2.8515373e-05,1.19687e-10,5.4626375e-06,2.0822895e-07,3.35767e-07,3.118135e-06,0.9999473,1.5993012e-06,1.3515916e-05
Noakhali/nkhl285.wav,test,2.338269e-05,1.4236717e-10,5.646552e-06,1.9707406e-07,3.9439496e-07,3.5444132e-06,0.99995005,2.225175e-06,1.4604964e-05
Noakhali/nkhl287.wav,val,8.7610475e-05,6.260954e-10,3.4742634e-06,2.9786395e-07,8.58288e-07,4.7945177e-05,0.9998574,7.014454e-07,1.6043389e-06
Noakhali/nkhl288.wav,val,1.9072277e-05,1.4569008e-10,5.2809587e-06,1.1513583e-07,2.4386998e-07,1.3159538e-05,0.99995863,9.767934e-07,2.522945e-06
Noakhali/nkhl29.wav,val,8.621599e-05,1.00892086e-10,3.0141532e-06,2.3981644e-07,5.742439e-07,1.5826996e-06,0.9998838,1.4323639e-06,2.321231e-05
Noakhali/nkhl292.wav,test,3.4009106e-05,7.1318396e-11,2.6813116e-06,1.1954108e-07,4.197818e-07,3.4145355e-06,0.9999505,1.276532e-06,7.693264e-06
Noakhali/nkhl293.wav,val,0.7890029,6.354169e-10,9.695444e-07,3.0504507e-06,5.512533e-06,2.4956244e-06,0.21094391,8.790255e-08,4.1010837e-05
Noakhali/nkhl299.wav,val,2.994387e-05,8.069553e-11,2.6750652e-06,1.2113253e-07,4.7175618e-07,3.8120259e-06,0.99995375,1.4838968e-06,7.811922e-06
Noakhali/nkhl3.wav,test,7.797906e-05,4.4020798e-10,6.223667e-06,4.3460523e-07,1.2948809e-06,1.7184349e-06,0.999813,6.6994144e-06,9.271853e-05
Noakhali/nkhl303.wav,val,3.3855773e-05,9.669892e-11,3.6708147e-06,1.8219164e-07,4.0615578e-07,2.9675161e-06,0.9999455,1.3982119e-06,1.1936825e-05
Noakhali/nkhl305.wav,test,2.831084e-05,9.9690166e-11,3.2378723e-06,1.763162e-07,3.949098e-07,4.766323e-06,0.99995565,1.0067673e-06,6.5059994e-06
Noakhali/nkhl307.wav,test,4.286586e-05,5.890869e-11,2.214847e-06,1.0836224e-07,3.221202e-07,3.976244e-06,0.99994504,7.0402155e-07,4.7257186e-06
Noakhali/nkhl318.wav,val,4.7472484e-05,6.21302e-11,1.9406407e-06,1.405581e-07,4.4716364e-07,3.0234846e-06,0.9999392,8.543303e-07,6.938741e-06
Noakhali/nkhl324.wav,test,4.4751057e-05,5.854789e-11,1.9072027e-06,1.06566105e-07,3.808989e-07,4.056901e-06,0.99994314,7.188951e-07,4.899538e-06
Noakhali/nkhl325.wav,test,3.3190325e-05,6.989792e-11,2.178682e-06,1.1628266e-07,4.5954516e-07,3.9903766e-06,0.9999528,1.1016831e-06,6.172411e-06
Noakhali/nkhl33.wav,test,1.0220855e-05,3.057778e-05,4.798889e-07,1.9556492e-07,4.0426312e-05,0.99989235,2.5491205e-05,1.9837353e-07,4.0307504e-11
Noakhali/nkhl331.wav,test,0.00012362069,1.0257557e-10,2.5909942e-06,2.9804602e-07,6.9568335e-07,1.5820858e-06,0.99984586,1.1082807e-06,2.419188e-05
Noakhali/nkhl334.wav,val,0.00015952146,1.7351834e-09,1.3260566e-05,1.4434464e-06,1.0682222e-06,3.9189076e-06,0.9997758,3.4938585e-06,4.1544623e-05
Noakhali/nkhl339.wav,test,0.0021984088,1.501465e-10,4.5982392e-06,6.847826e-07,3.1868015e-07,2.994661e-06,0.9977823,1.5776892e-07,1.0612298e-05
Noakhali/nkhl34.wav,val,0.00012322508,1.6343907e-10,2.2385798e-06,4.4908435e-07,1.1627407e-06,1.9159152e-06,0.9998431,1.2437383e-06,2.6662132e-05
Noakhali/nkhl340.wav,test,3.1078984e-05,9.851565e-11,4.6376917e-06,1.6571869e-07,2.9426e-07,3.1617171e-06,0.9999486,1.3261308e-06,1.0725235e-05
Noakhali/nkhl343.wav,val,2.9481384e-05,1.3361882e-10,4.4698036e-06,2.0959969e-07,4.8716703e-07,3.4136908e-06,0.9999454,2.0333562e-06,1.45701315e-05
Noakhali/nkhl35.wav,test,0.04569615,3.097727e-08,6.0555485e-06,2.0076193e-05,9.224143e-05,7.449446e-06,0.95319927,8.968616e-06,0.0009698441
Noakhali/nkhl350.wav,test,9.7813536e-05,1.2505112e-10,3.4740037e-06,2.849847e-07,4.6884117e-07,1.7745946e-06,0.9998752,1.1845522e-06,1.9882034e-05
Noakhali/nkhl352.wav,test,0.12278727,2.4178057e-10,1.4082159e-06,2.4146211e-06,2.9747234e-06,2.007565e-06,0.8771584,1.2885491e-07,4.5420347e-05
Noakhali/nkhl361.wav,test,7.6850185e-05,7.8645916e-11,2.1856008e-06,2.062918e-07,5.874964e-07,2.015524e-06,0.99990296,1.0346669e-06,1.4171362e-05
Noakhali/nkhl362.wav,test,6.436282e-05,7.600032e-11,2.8764427e-06,1.8849993e-07,4.464234e-07,1.7485002e-06,0.99991405,1.1900423e-06,1.5138828e-05
Noakhali/nkhl371.wav,test,3.2803346e-05,7.802038e-11,3.1562752e-06,1.2420868e-07,4.0920463e-07,2.9595062e-06,0.9999492,1.5889966e-06,9.809042e-06
Noakhali/nkhl373.wav,test,3.921699e-05,6.69538e-11,2.3307969e-06,1.0552089e-07,4.670293e-07,3.2005728e-06,0.99994564,1.3655047e-06,7.668789e-06
Noakhali/nkhl375.wav,val,5.4879652e-05,1.2191104e-10,2.0215557e-06,2.6497273e-07,8.5674014e-07,3.5121986e-06,0.9999263,1.0833112e-06,1.102037e-05
Noakhali/nkhl383.wav,test,0.00010609148,2.2840745e-10,3.1753304e-06,6.791888e-07,1.3026273e-06,1.6063273e-06,0.9998343,1.9458093e-06,5.076141e-05
Noakhali/nkhl386.wav,test,4.1818937e-05,1.2080208e-10,3.522077e-06,2.6168922e-07,5.9147965e-07,2.4969238e-06,0.99993014,1.7165427e-06,1.930577e-05
Noakhali/nkhl388.wav,val,0.00013518843,1.4338646e-10,2.6171244e-06,4.9462864e-07,9.00051e-07,1.4329066e-06,0.999821,1.1410986e-06,3.726663e-05
Noakhali/nkhl39.wav,test,2.4839659e-05,1.8250236e-10,6.3267444e-06,1.8542227e-07,5.654512e-07,2.7325618e-06,0.99993455,4.6908526e-06,2.611078e-05
Noakhali/nkhl390.wav,val,4.701244e-05,5.2352057e-11,1.901933e-06,9.962432e-08,3.1301238e-07,3.9729953e-06,0.99994195,6.0845923e-07,4.1885705e-06
Noakhali/nkhl393.wav,test,1.6081513e-05,1.275186e-06,7.700972e-07,1.1087744e-07,0.00024798402,0.98648965,0.013235651,8.4198655e-06,1.1449409e-09
Noakhali/nkhl397.wav,test,4.1629006e-05,7.075546e-11,2.1889746e-06,1.3058398e-07,4.994827e-07,3.2192906e-06,0.99994326,1.152376e-06,7.990307e-06
Noakhali/nkhl403.wav,test,0.00018736707,4.713154e-11,1.5503025e-06,1.9787593e-07,4.575327e-07,1.2653526e-06,0.9997955,5.3355876e-07,1.3096363e-05
Noakhali/nkhl409.wav,test,4.0852974e-05,7.211654e-11,1.9194674e-06,1.3468888e-07,5.6458714e-07,3.4415416e-06,0.99994457,1.1411046e-06,7.3391693e-06
Noakhali/nkhl416.wav,test,3.100914e-05,8.089937e-11,2.395589e-06,1.2819551e-07,5.6179266e-07,3.856098e-06,0.99995315,1.5016855e-06,7.438432e-06
Noakhali/nkhl428.wav,test,2.709541e-05,1.01527516e-10,3.9619636e-06,1.567368e-07,3.958638e-07,3.565432e-06,0.99995375,1.6536062e-06,9.478766e-06
Noakhali/nkhl434.wav,val,0.382745,5.69897e-10,1.114297e-06,4.170936e-06,6.7375186e-06,3.936205e-06,0.61719537,9.956286e-08,4.3547905e-05
Noakhali/nkhl435.wav,test,0.9984647,3.4144871e-09,1.533827e-07,4.237802e-06,3.7620612e-06,5.397342e-07,0.0015164498,8.8875405e-09,1.0136518e-05
Noakhali/nkhl442.wav,val,4.0216175e-05,9.2919304e-11,3.9084325e-06,1.8506857e-07,3.713444e-07,2.1509022e-06,0.99993646,1.4861866e-06,1.5188017e-05
Noakhali/nkhl444.wav,val,4.68731e-05,1.0430488e-10,3.101728e-06,2.0738351e-07,4.9501955e-07,3.3061867e-06,0.99993396,1.1241216e-06,1.0904253e-05
Noakhali/nkhl448.wav,val,8.204535e-05,3.5327954e-10,3.1841057e-06,8.1602894e-07,1.3416183e-06,4.6942164e-06,0.9998895,1.1958972e-06,1.7221355e-05
Noakhali/nkhl45.wav,test,3.210501e-05,1.5493233e-10,4.814367e-06,2.3757629e-07,5.5872647e-07,2.3053192e-06,0.9999305,2.979546e-06,2.6568185e-05
Noakhali/nkhl450.wav,test,7.9245736e-05,9.216497e-11,2.4650358e-06,2.5644943e-07,5.919077e-07,1.949563e-06,0.9998971,1.0687504e-06,1.7291957e-05
Noakhali/nkhl451.wav,test,0.0002286583,9.5258884e-11,2.1779229e-06,4.1916329e-07,7.00206e-07,1.2845553e-06,0.99973875,6.9372544e-07,2.7312777e-05
Noakhali/nkhl452.wav,val,4.07852e-05,2.4006294e-10,6.85654e-06,4.1056933e-07,5.541816e-07,2.1988403e-06,0.9999083,2.6301118e-06,3.811004e-05
Noakhali/nkhl453.wav,test,2.210443e-05,1.5726875e-10,3.7069199e-06,1.5992333e-07,2.9665807e-07,1.7289018e-05,0.9999541,6.0862914e-07,1.825378e-06
Noakhali/nkhl460.wav,test,4.0641797e-05,5.182174e-10,6.3324674e-06,5.4984093e-07,8.508229e-07,5.015575e-06,0.9999242,2.9085143e-06,1.9584031e-05
Noakhali/nkhl461.wav,val,2.1694608e-05,1.783902e-10,5.0545846e-06,1.7528244e-07,7.5838693e-07,2.830232e-06,0.99993944,6.1121764e-06,2.4009965e-05
Noakhali/nkhl465.wav,val,7.070973e-05,2.8710587e-10,2.812986e-06,5.0672173e-07,1.1330934e-06,5.739761e-06,0.9999069,1.1178992e-06,1.1016804e-05
Noakhali/nkhl470.wav,test,4.9594903e-05,1.4043411e-10,2.0229304e-06,1.9827775e-07,7.652147e-07,7.636091e-06,0.99993384,9.180825e-07,5.056697e-06
Noakhali/nkhl473.wav,val,6.149393e-05,1.0953295e-09,1.5123495e-05,1.1662265e-06,1.0489108e-06,3.4276486e-06,0.9998029,6.6223765e-06,0.00010823484
Noakhali/nkhl474.wav,val,4.6723373e-05,7.52141e-09,4.1650263e-05,2.3359369e-06,3.1075613e-06,7.8234125e-06,0.999181,8.139442e-05,0.0006358819
Noakhali/nkhl483.wav,val,2.2976614e-05,2.1914684e-10,5.077767e-06,3.283163e-07,5.6549237e-07,4.7320286e-06,0.999951,2.0325106e-06,1.3213336e-05
Noakhali/nkhl488.wav,test,3.0252933e-05,1.8369956e-09,3.500589e-06,1.0561054e-06,2.0488214e-06,0.0001112409,0.99985015,8.548785e-07,1.0077052e-06
Noakhali/nkhl49.wav,test,1.9564459e-05,1.8429788e-10,5.8189157e-06,1.6578427e-07,6.8833543e-07,3.0719202e-06,0.99994004,6.1888186e-06,2.4398943e-05
Noakhali/nkhl50.wav,test,2.3992381e-05,2.6046446e-10,7.595461e-06,2.2307528e-07,7.6822124e-07,2.2350216e-06,0.99990404,9.4512525e-06,5.168707e-05
Noakhali/nkhl505.wav,val,2.0078074e-05,2.0765549e-10,6.2352974e-06,2.642522e-07,5.074531e-07,4.369434e-06,0.999951,2.6170378e-06,1.48908775e-05
Noakhali/nkhl506.wav,test,2.0724146e-05,1.6289349e-10,4.190573e-06,2.1231737e-07,6.7113774e-07,4.7925623e-06,0.9999554,2.6003586e-06,1.132787e-05
Noakhali/nkhl52.wav,test,1.880575e-05,1.8130944e-10,4.626955e-06,1.6624354e-07,7.7005535e-07,3.9115776e-06,0.99994934,4.993308e-06,1.7415663e-05
Noakhali/nkhl520.wav,test,2.4422881e-05,1.0469171e-10,3.6012416e-06,1.5005031e-07,4.0681067e-07,4.94553e-06,0.9999584,1.30495e-06,6.7733604e-06
Noakhali/nkhl525.wav,test,2.318728e-05,2.7457103e-10,3.8055432e-06,2.0686463e-07,1.3397499e-06,3.9748893e-06,0.9999379,7.2477114e-06,2.2355203e-05
Noakhali/nkhl534.wav,test,1.5268242e-05,2.857573e-10,4.4046024e-06,2.46587e-07,1.1333443e-06,6.9826215e-06,0.99995375,4.945804e-06,1.3311699e-05
Noakhali/nkhl536.wav,test,2.6762942e-05,1.7071618e-10,2.915833e-06,2.403253e-07,1.0742832e-06,4.049464e-06,0.99994624,3.1230009e-06,1.5626356e-05
Noakhali/nkhl54.wav,val,3.519458e-05,3.143938e-10,1.4842611e-05,1.5421145e-07,5.85837e-07,1.4346281e-06,0.99980575,2.5299687e-05,0.00011664879
Noakhali/nkhl543.wav,test,5.12221e-05,1.00918135e-10,1.4446404e-06,1.815722e-07,1.0547345e-06,4.498778e-06,0.99993217,1.2266315e-06,8.181222e-06
Noakhali/nkhl545.wav,val,3.5739416e-05,1.3088639e-10,4.3430327e-06,2.2779184e-07,3.6515564e-07,4.6612477e-06,0.9999443,1.0465222e-06,9.338382e-06
Noakhali/nkhl548.wav,val,2.9161756e-05,1.3987658e-10,5.3675794e-06,2.4722155e-07,3.9087286e-07,3.341676e-06,0.9999441,1.6338266e-06,1.578396e-05
Noakhali/nkhl549.wav,test,5.8108155e-05,2.1592163e-10,5.35382e-06,6.4272643e-07,4.950178e-07,3.111897e-06,0.9999083,1.0627068e-06,2.2902044e-05
Noakhali/nkhl551.wav,val,3.269769e-05,1.10964564e-10,4.2006673e-06,1.9238081e-07,3.6419868e-07,3.3757847e-06,0.9999466,1.2840679e-06,1.123861e-05
Noakhali/nkhl557.wav,test,9.256668e-05,1.2864779e-10,2.5888253e-06,2.1542428e-07,4.481114e-07,5.128524e-06,0.9998915,6.427101e-07,6.837671e-06
Noakhali/nkhl558.wav,val,0.000109291796,1.4654671e-09,2.649614e-06,1.3347189e-07,1.6767785e-06,0.0044803675,0.9954057,2.78729e-07,3.1756212e-08
Noakhali/nkhl561.wav,val,8.752876e-05,1.0603379e-10,2.1476362e-06,2.0865241e-07,3.918831e-07,7.1146906e-06,0.99989796,3.7891186e-07,4.1724634e-06
Noakhali/nkhl570.wav,test,3.3963785e-05,1.6217189e-10,5.939213e-06,2.896716e-07,4.1640374e-07,2.6776438e-06,0.99993503,1.8626129e-06,1.9725405e-05
Noakhali/nkhl574.wav,val,3.1747746e-05,1.3103457e-10,5.7566763e-06,1.9681234e-07,3.2576023e-07,3.514847e-06,0.9999448,1.5897779e-06,1.2136119e-05
Noakhali/nkhl576.wav,test,2.2554632e-05,1.6352485e-10,6.115687e-06,2.3532887e-07,3.9750188e-07,4.91361e-06,0.99995196,1.7952501e-06,1.2139517e-05
Noakhali/nkhl577.wav,test,2.5081643e-05,3.1226619e-10,5.8071405e-06,4.057675e-07,5.9754643e-07,5.096374e-06,0.9999447,2.213197e-06,1.6069926e-05
Noakhali/nkhl586.wav,val,2.9303596e-05,3.5969345e-09,0.0010866113,1.1014895e-06,4.1731322e-08,1.0495717e-05,0.99877447,9.168865e-06,8.883519e-05
Noakhali/nkhl590.wav,val,5.4577573e-05,5.287753e-10,6.2847907e-06,9.574195e-07,9.998595e-07,3.8074168e-06,0.9998865,2.2764025e-06,4.4539433e-05
Noakhali/nkhl592.wav,test,0.00010445944,1.2351589e-10,2.4760411e-06,2.7577238e-07,7.843305e-07,2.8471432e-06,0.99987054,1.1768595e-06,1.7464234e-05
Noakhali/nkhl593.wav,test,0.00028258484,1.1107511e-10,1.9873094e-06,3.8272483e-07,1.0493188e-06,1.247845e-06,0.99967587,1.1525756e-06,3.5792298e-05
Noakhali/nkhl594.wav,val,7.1075956e-05,1.8287415e-10,2.6933337e-06,2.8285706e-07,7.9169297e-07,3.552923e-06,0.9999058,1.3244929e-06,1.4416412e-05
Noakhali/nkhl595.wav,test,6.793339e-05,7.919979e-11,2.0460552e-06,1.9378838e-07,4.246948e-07,3.8295507e-06,0.99991906,5.394733e-07,5.9976305e-06
Noakhali/nkhl598.wav,val,3.5361467e-05,3.7210865e-10,5.4763823e-06,5.724928e-07,8.0223884e-07,4.673653e-06,0.99992824,1.9778968e-06,2.2883964e-05
Noakhali/nkhl601.wav,test,0.9961052,2.011741e-09,1.5790397e-07,5.664001e-06,3.9684996e-06,4.9082706e-07,0.0038710285,7.917955e-09,1.351512e-05
Noakhali/nkhl602.wav,val,0.002878209,7.2195444e-11,1.8571774e-06,5.748512e-07,5.576864e-07,8.9997565e-07,0.9970921,2.166221e-07,2.5566882e-05
Noakhali/nkhl606.wav,val,5.802707e-05,1.0187185e-10,2.8436793e-06,2.3576108e-07,5.333188e-07,2.5252778e-06,0.99991965,1.1339814e-06,1.4927035e-05
Noakhali/nkhl608.wav,val,4.1586318e-05,1.16164134e-10,3.4779705e-06,2.385784e-07,6.062857e-07,2.2295978e-06,0.9999292,2.0177172e-06,2.056996e-05
Noakhali/nkhl61.wav,test,1.9900523e-05,1.745371e-10,6.0450834e-06,1.683259e-07,5.023156e-07,2.878959e-06,0.99994254,4.4309395e-06,2.3412658e-05
Noakhali/nkhl624.wav,test,0.00029561436,9.613524e-11,1.7660743e-06,4.3910492e-07,8.6203846e-07,1.312927e-06,0.99967253,6.356685e-07,2.6792206e-05
Noakhali/nkhl625.wav,val,7.137974e-05,8.163451e-11,2.334448e-06,2.1416207e-07,5.755736e-07,2.0596542e-06,0.9999069,1.0703326e-06,1.5357775e-05
Noakhali/nkhl626.wav,test,6.1570725e-05,8.321799e-11,2.1885726e-06,1.9925822e-07,7.089072e-07,1.963647e-06,0.9999151,1.5347965e-06,1.6795826e-05
Noakhali/nkhl629.wav,val,3.224511e-05,1.1562744e-10,3.1646243e-06,2.0515559e-07,6.2588947e-07,3.0423855e-06,0.99994457,2.0314744e-06,1.4120227e-05
Noakhali/nkhl633.wav,test,2.2059749e-05,1.270182e-10,3.7576876e-06,1.5476539e-07,6.1820197e-07,4.290141e-06,0.9999553,2.7065814e-06,1.1016758e-05
Noakhali/nkhl634.wav,test,1.9417419e-05,1.04636425e-10,2.9268062e-06,1.1302212e-07,5.8909217e-07,5.7845086e-06,0.99996233,2.2338538e-06,6.635078e-06
Noakhali/nkhl638.wav,test,0.0001401994,6.580525e-11,2.2405036e-06,2.3530589e-07,4.043846e-07,1.627207e-06,0.999841,5.347701e-07,1.370245e-05
Noakhali/nkhl639.wav,val,2.4263303e-05,9.820069e-11,3.9489005e-06,1.3263708e-07,3.8662134e-07,4.315539e-06,0.9999566,1.6628749e-06,8.756258e-06
Noakhali/nkhl645.wav,test,2.1915968e-05,1.1809045e-10,4.052346e-06,1.5266447e-07,4.937224e-07,4.4015155e-06,0.99995744,2.1160333e-06,9.464709e-06
Noakhali/nkhl649.wav,test,1.5653228e-05,2.776639e-10,1.8202065e-05,2.9044296e-07,1.6536416e-07,5.960301e-06,0.99994695,1.8688003e-06,1.0903116e-05
Noakhali/nkhl652.wav,test,2.4545372e-05,1.15631775e-10,3.7584657e-06,1.6652383e-07,4.985699e-07,4.2941288e-06,0.9999554,1.8009083e-06,9.434159e-06
Noakhali/nkhl669.wav,test,3.24847e-05,3.0920097e-10,5.6907384e-06,2.4686102e-07,9.13836e-07,3.4497943e-06,0.99992394,5.887239e-06,2.7410924e-05
Noakhali/nkhl678.wav,test,7.0878275e-05,1.01805724e-10,2.9639634e-06,2.4868703e-07,5.129919e-07,2.8688432e-06,0.9999074,9.550795e-07,1.4226699e-05
Noakhali/nkhl681.wav,test,0.00011687761,8.304049e-11,3.3110093e-06,2.2258031e-07,3.119851e-07,2.137159e-06,0.9998628,6.0588076e-07,1.3696177e-05
Noakhali/nkhl684.wav,val,3.2623106e-05,1.7958847e-10,7.0158885e-06,3.203794e-07,3.3516258e-07,3.5231e-06,0.9999374,1.5538444e-06,1.722384e-05
Noakhali/nkhl685.wav,val,3.0055702e-05,1.2869983e-10,6.2079193e-06,2.3290211e-07,3.1597116e-07,3.1538157e-06,0.99994314,1.5917277e-06,1.5293319e-05
Noakhali/nkhl686.wav,test,2.4313618e-05,1.1093596e-10,5.204547e-06,1.4348552e-07,2.87739e-07,4.3988316e-06,0.9999559,1.4535109e-06,8.2508695e-06
Noakhali/nkhl689.wav,test,2.781821e-05,1.0757084e-10,5.4809384e-06,1.7676123e-07,2.5176973e-07,3.970506e-06,0.9999522,1.1524356e-06,8.966389e-06
Noakhali/nkhl69.wav,val,2.2386583e-05,1.733735e-10,7.1228355e-06,2.2593598e-07,4.4066977e-07,2.6367718e-06,0.99994063,3.7499358e-06,2.2823851e-05
Noakhali/nkhl690.wav,test,3.831213e-05,7.110999e-11,3.3654005e-06,1.254313e-07,2.3433896e-07,4.3294804e-06,0.999948,7.073907e-07,4.982147e-06
Noakhali/nkhl691.wav,val,3.0699826e-05,1.06724574e-10,5.4938555e-06,1.938638e-07,2.9178216e-07,2.9908995e-06,0.9999467,1.3861886e-06,1.2273475e-05
Noakhali/nkhl693.wav,test,3.6109705e-05,8.687764e-11,4.2830225e-06,1.5541346e-07,3.0624167e-07,2.4872013e-06,0.9999435,1.3843623e-06,1.1746482e-05
Noakhali/nkhl694.wav,test,0.00011917445,5.943775e-11,2.361419e-06,1.8236697e-07,3.9715516e-07,1.5600616e-06,0.9998604,7.394525e-07,1.5173297e-05
Noakhali/nkhl697.wav,test,0.00012686828,1.1614267e-09,1.2115124e-05,8.4036213e-07,1.5369563e-06,2.0549749e-06,0.99970776,9.419902e-06,0.00013934712
Noakhali/nkhl701.wav,test,5.1513038e-05,6.252552e-09,3.554757e-05,2.6345336e-07,8.675764e-06,5.035447e-06,0.99758613,0.0014648789,0.0008479359
Noakhali/nkhl707.wav,val,1.8370669e-05,1.3619585e-10,5.3245803e-06,1.5354874e-07,4.3805673e-07,4.383098e-06,0.99995756,2.5840286e-06,1.1160496e-05
Noakhali/nkhl717.wav,val,7.633531e-05,4.9666028e-11,1.7234727e-06,1.522343e-07,3.3458747e-07,2.845184e-06,0.99991274,4.292768e-07,5.400761e-06
Noakhali/nkhl718.wav,test,1.5023328e-05,1.3800944e-10,5.2390606e-06,1.420882e-07,3.7108947e-07,6.7982423e-06,0.999964,1.94447e-06,6.367499e-06
Noakhali/nkhl721.wav,test,2.2349734e-05,1.5443817e-10,6.902646e-06,2.0180579e-07,3.6943766e-07,2.7792937e-06,0.999946,2.8376317e-06,1.8567373e-05
Noakhali/nkhl725.wav,val,2.259498e-05,9.695961e-11,4.1483154e-06,1.2433684e-07,3.843041e-07,4.0482837e-06,0.9999579,1.896895e-06,8.856722e-06
Noakhali/nkhl728.wav,val,3.4897526e-05,7.408378e-11,2.798462e-06,1.3254666e-07,3.528818e-07,4.0752775e-06,0.99995077,9.266057e-07,6.1471915e-06
Noakhali/nkhl73.wav,val,2.4754048e-05,1.3044535e-10,5.6551507e-06,1.9273692e-07,3.8371863e-07,2.7561346e-06,0.99994683,2.489447e-06,1.695776e-05
Noakhali/nkhl730.wav,test,0.00036552624,7.181986e-11,1.7756884e-06,3.865051e-07,7.1600414e-07,8.5280647e-07,0.9995988,6.896023e-07,3.1261057e-05
Noakhali/nkhl737.wav,test,0.00010721485,9.416298e-11,2.2828415e-06,2.3326588e-07,5.825758e-07,2.432836e-06,0.99987304,8.61286e-07,1.3295844e-05
Noakhali/nkhl738.wav,test,0.00010943765,1.1744863e-10,2.1614044e-06,3.0455453e-07,8.458202e-07,2.4497715e-06,0.9998654,1.1224805e-06,1.8223316e-05
Noakhali/nkhl74.wav,val,1.8481103e-05,2.0861489e-10,6.431524e-06,1.3849998e-07,7.0689345e-07,3.5393043e-06,0.9999391,8.25602e-06,2.3349341e-05
Noakhali/nkhl740.wav,test,5.3912307e-05,5.473174e-11,1.8910881e-06,1.093508e-07,3.6664576e-07,3.823044e-06,0.9999342,6.6773924e-07,5.0228628e-06
Noakhali/nkhl75.wav,test,2.118318e-05,7.1002826e-10,5.5612396e-05,6.046696e-08,3.7057887e-07,3.2604335e-06,0.99966764,0.00014546656,0.00010629324
Noakhali/nkhl750.wav,val,2.3946866e-05,1.4360885e-10,3.874763e-06,1.5773844e-07,6.785971e-07,3.414357e-06,0.9999478,3.414624e-06,1.6600326e-05
Noakhali/nkhl752.wav,test,0.00011728887,5.834444e-11,2.2124423e-06,1.3400705e-07,4.4849665e-07,1.1947074e-06,0.9998573,1.293261e-06,2.0020898e-05
Noakhali/nkhl753.wav,test,3.130821e-05,9.286847e-11,2.8412499e-06,1.37197e-07,5.2189324e-07,3.3156143e-06,0.99994993,1.7448432e-06,1.0119158e-05
Noakhali/nkhl765.wav,test,3.4664008e-05,1.3503983e-10,6.909527e-06,1.3323404e-07,4.683509e-07,1.5768736e-06,0.9999076,6.6893285e-06,4.197442e-05
Noakhali/nkhl766.wav,test,3.5257923e-05,1.3770647e-10,6.5051386e-06,1.9474763e-07,4.1320024e-07,1.9952145e-06,0.9999254,3.0485771e-06,2.7135005e-05
Noakhali/nkhl769.wav,test,1.5952133e-06,6.3136423e-07,0.9982041,8.357196e-06,6.1196305e-11,4.5155166e-06,0.0017566019,1.1705475e-06,2.3034989e-05
Noakhali/nkhl771.wav,val,5.4789234e-05,1.2961332e-10,5.227355e-06,2.0165503e-07,3.789931e-07,1.5466111e-06,0.99990726,2.4628516e-06,2.8174101e-05
Noakhali/nkhl774.wav,test,2.6643067e-05,1.1426807e-10,3.6540966e-06,1.4255839e-07,4.3180972e-07,3.8616085e-06,0.9999536,1.8509639e-06,9.727869e-06
Noakhali/nkhl775.wav,test,5.088321e-05,3.26824e-10,8.728891e-06,4.1367318e-07,4.4433804e-07,2.4366964e-06,0.9999058,2.925826e-06,2.8454373e-05
Noakhali/nkhl778.wav,test,4.796048e-05,7.2641296e-11,2.8160853e-06,1.4191617e-07,4.2969322e-07,2.033667e-06,0.99993145,1.4646307e-06,1.3620173e-05
Noakhali/nkhl78.wav,val,5.7558198e-05,1.4477802e-10,5.016067e-06,3.1905464e-07,5.3578503e-07,1.4996557e-06,0.9998946,2.383824e-06,3.815734e-05
Noakhali/nkhl783.wav,val,2.8207764e-05,3.3949613e-10,8.740992e-06,2.5364636e-07,9.65735e-07,2.0888524e-06,0.99985874,1.4928503e-05,8.607195e-05
Noakhali/nkhl787.wav,test,3.795451e-05,1.04508915e-10,3.3300307e-06,1.5193818e-07,5.453339e-07,2.084176e-06,0.9999331,2.5836353e-06,2.0318532e-05
Noakhali/nkhl789.wav,test,2.8564711e-05,1.15498666e-10,6.089874e-06,1.1941476e-07,3.4411286e-07,2.125282e-06,0.9999385,3.773191e-06,2.0534853e-05
Noakhali/nkhl79.wav,test,1.6955611e-05,2.1022084e-10,4.303718e-06,2.1475373e-07,7.3481044e-07,5.844884e-06,0.9999573,2.9782398e-06,1.1609361e-05
Noakhali/nkhl791.wav,val,3.6011022e-06,6.188081e-09,0.00015481592,5.017949e-08,7.780484e-07,0.000107510336,0.99890363,0.0008132898,1.6316731e-05
Noakhali/nkhl796.wav,test,0.03280895,0.01088554,0.0061832266,0.8161,0.001842848,0.05538847,0.07656103,2.9918454e-05,0.00019995925
Noakhali/nkhl797.wav,test,2.376736e-05,1.3400762e-10,5.6543813e-06,1.3005962e-07,5.015362e-07,2.6100413e-06,0.9999404,4.6671494e-06,2.227983e-05
Noakhali/nkhl802.wav,test,9.346575e-05,3.60702e-10,4.1563776e-06,5.331946e-07,9.0363864e-07,2.6728674e-06,0.9998652,1.8891983e-06,3.118062e-05
Noakhali/nkhl81.wav,test,1.7456894e-05,1.5238816e-10,5.057574e-06,1.65155e-07,4.731565e-07,4.351071e-06,0.99995744,2.7916087e-06,1.2371497e-05
Noakhali/nkhl810.wav,test,3.3063017e-05,1.018631e-10,4.447552e-06,1.623798e-07,3.8056135e-07,2.3162224e-06,0.99994063,2.0169225e-06,1.6982533e-05
Noakhali/nkhl815.wav,test,3.4562265e-05,8.591809e-11,3.12718e-06,1.3599586e-07,4.3900505e-07,2.6959724e-06,0.99994564,1.6893844e-06,1.1766005e-05
Noakhali/nkhl816.wav,val,3.4412136e-05,1.12218235e-10,5.0959575e-06,1.8441496e-07,3.336347e-07,2.3069758e-06,0.9999393,1.8386573e-06,1.6548453e-05
Noakhali/nkhl819.wav,test,0.8998785,1.4033697e-08,1.4393144e-06,7.1259697e-06,2.6937738e-05,2.1772923e-05,0.10002187,2.676601e-07,4.2021875e-05
Noakhali/nkhl826.wav,test,3.6416004e-05,1.237768e-10,9.9914405e-06,1.2418253e-07,2.1111433e-07,1.5620227e-06,0.999915,4.0964255e-06,3.250393e-05
Noakhali/nkhl833.wav,val,3.1019616e-05,1.1916962e-10,4.2593783e-06,1.4867358e-07,5.828521e-07,2.2490171e-06,0.99993336,3.8415264e-06,2.4506939e-05
Noakhali/nkhl841.wav,test,8.916517e-05,1.6225853e-10,2.5204515e-06,3.1418583e-07,8.5654983e-07,2.6495093e-06,0.99988353,1.4160081e-06,1.9464054e-05
Noakhali/nkhl843.wav,test,4.776278e-05,1.6403781e-10,4.924508e-06,1.5201759e-07,2.9559843e-07,6.105565e-06,0.999933,1.1174039e-06,6.63043e-06
Noakhali/nkhl848.wav,test,5.9114547e-05,2.1926587e-10,6.0135976e-06,4.1267262e-07,5.0319267e-07,2.6253006e-06,0.99990463,1.5845814e-06,2.508504e-05
Noakhali/nkhl860.wav,test,0.00010295624,1.5417917e-10,2.8281975e-06,2.0062124e-07,4.4792347e-07,5.240015e-06,0.99987924,7.308667e-07,8.261347e-06
Noakhali/nkhl862.wav,val,3.122314e-05,1.5447696e-10,2.6531216e-06,1.4179815e-07,5.6777225e-07,8.404244e-06,0.999951,1.2732986e-06,4.8561424e-06
Noakhali/nkhl864.wav,test,3.871269e-05,1.2135136e-10,3.5644266e-06,1.2108138e-07,4.6770845e-07,4.0284453e-06,0.99994063,1.988143e-06,1.0470998e-05
Noakhali/nkhl871.wav,test,5.4177253e-08,2.0359774e-07,3.6143963e-05,6.905594e-10,2.054308e-06,1.0939631e-05,0.00063297816,0.99929655,2.1033366e-05
Noakhali/nkhl877.wav,val,5.349589e-05,9.104374e-11,1.5218543e-06,1.4029148e-07,6.2627964e-07,6.7807605e-06,0.99993265,7.202147e-07,4.0533046e-06
Noakhali/nkhl882.wav,val,5.7408277e-05,2.8967e-10,2.710615e-06,1.5259133e-07,9.2145183e-07,1.4646741e-05,0.99991775,1.5588795e-06,4.7865537e-06
Noakhali/nkhl883.wav,val,0.000139173,1.01488304e-10,2.2699476e-06,2.4545096e-07,6.576619e-07,2.0477132e-06,0.99983644,9.62123e-07,1.8191344e-05
Noakhali/nkhl886.wav,val,4.513397e-05,1.5454084e-10,4.0878613e-06,1.8132344e-07,7.891113e-07,1.9367876e-06,0.9999106,4.686662e-06,3.2639968e-05
Noakhali/nkhl891.wav,val,2.7638043e-05,1.7973106e-10,2.9796443e-06,1.6161289e-07,5.080167e-07,1.35936825e-05,0.999951,1.0251694e-06,3.0676883e-06
Noakhali/nkhl892.wav,test,4.194564e-05,2.4953073e-10,2.7163321e-06,3.2353748e-07,8.802951e-07,9.918869e-06,0.99993694,1.1201184e-06,6.1436313e-06
Noakhali/nkhl895.wav,test,1.9324363e-05,2.805821e-10,2.2076345e-06,1.0750878e-07,7.259775e-07,5.858258e-05,0.99991727,9.383654e-07,7.9293824e-07
Noakhali/nkhl9.wav,val,2.881595e-05,1.6842588e-10,5.432423e-06,1.9883146e-07,5.589464e-07,2.124934e-06,0.99993026,4.1042977e-06,2.8419676e-05
Noakhali/nkhl900.wav,test,0.0019708264,7.992133e-06,0.0006144887,0.00027392825,1.8683926e-05,0.0011317363,0.9957852,2.7799279e-05,0.00016932462
Noakhali/nkhl905.wav,val,3.2073065e-05,5.0257143e-10,7.719097e-06,3.4861893e-07,8.3216827e-07,3.967948e-06,0.9999163,5.6911726e-06,3.3008724e-05
Noakhali/nkhl914.wav,test,4.7440408e-05,4.0219833e-10,4.833705e-06,1.7138409e-07,1.2720168e-06,5.5676205e-06,0.9999099,8.168947e-06,2.2560716e-05
Noakhali/nkhl920.wav,test,2.4206245e-05,1.0208698e-10,3.1468587e-06,1.2435626e-07,5.668076e-07,3.82591e-06,0.9999559,2.3205253e-06,9.917345e-06
Noakhali/nkhl927.wav,test,4.4334844e-05,1.3646442e-10,3.0648566e-06,2.9359737e-07,6.7896605e-07,3.2596495e-06,0.9999325,1.3513261e-06,1.45150925e-05
Noakhali/nkhl930.wav,test,2.6987074e-05,1.415415e-10,3.4280517e-06,1.7323556e-07,7.0353036e-07,4.111964e-06,0.9999491,2.518387e-06,1.2930721e-05
Noakhali/nkhl932.wav,test,2.2583537e-05,1.4499012e-10,4.5458023e-06,1.797478e-07,6.0787085e-07,3.6747124e-06,0.9999491,3.1549175e-06,1.614884e-05
Noakhali/nkhl941.wav,val,1.9479055e-05,2.691278e-10,8.49925e-06,8.2958664e-08,8.805024e-07,3.6199713e-06,0.99990916,2.5110765e-05,3.3193213e-05
Noakhali/nkhl947.wav,test,2.8778026e-05,1.3725822e-10,3.1729865e-06,1.7404255e-07,6.1787296e-07,4.1082644e-06,0.99995124,1.9103343e-06,9.980594e-06
Noakhali/nkhl950.wav,test,1.8274466e-05,1.4538241e-10,3.5296464e-06,1.3271294e-07,5.4001265e-07,8.3453115e-06,0.99996173,1.955637e-06,5.401865e-06
Noakhali/nkhl952.wav,val,2.2821925e-05,2.159466e-10,8.763297e-06,2.3098538e-07,3.2917455e-07,3.3796473e-06,0.99994195,3.0217604e-06,1.9439072e-05
Noakhali/nkhl957.wav,val,1.6135107e-05,1.6139082e-10,3.3784497e-06,1.2606532e-07,6.494757e-07,8.295572e-06,0.9999633,2.5372963e-06,5.6184845e-06
Noakhali/nkhl961.wav,test,2.3004182e-05,1.1610923e-10,2.3753041e-06,1.0936759e-07,6.590699e-07,6.0637753e-06,0.99995995,1.9400165e-06,5.8968744e-06
Noakhali/nkhl965.wav,test,1.6203448e-05,1.3648124e-10,3.2358967e-06,1.09363896e-07,4.7820055e-07,1.0888944e-05,0.99996424,1.5371483e-06,3.3199335e-06
Noakhali/nkhl967.wav,test,2.9966433e-05,8.639995e-11,2.4802223e-06,1.2940808e-07,4.4404663e-07,5.2390515e-06,0.99995553,1.0134933e-06,5.1141515e-06
Noakhali/nkhl980.wav,test,5.7549943e-05,3.0739214e-10,7.546657e-06,2.7814446e-07,4.2996376e-07,3.3388592e-06,0.99990666,2.7287278e-06,2.1474143e-05
Noakhali/nkhl984.wav,test,2.5144702e-05,1.8140649e-10,5.9586737e-06,1.9344215e-07,5.91679e-07,2.5394447e-06,0.99993324,4.8714837e-06,2.7425378e-05
Noakhali/nkhl988.wav,test,4.609446e-05,1.0043318e-10,3.4827174e-06,2.0904655e-07,4.8981553e-07,2.0789018e-06,0.9999293,1.5930906e-06,1.6766042e-05
Noakhali/nkhl995.wav,val,2.7276286e-05,1.8118625e-10,5.4052e-06,2.7224985e-07,6.1427795e-07,2.9021073e-06,0.9999372,2.9593405e-06,2.349433e-05
Noakhali/nkhl996.wav,test,3.1300722e-05,1.197707e-10,4.1866842e-06,1.9840923e-07,5.102099e-07,2.4949982e-06,0.99994063,2.2713382e-06,1.8320286e-05
Noakhali/nkhl997.wav,val,1.783607e-05,1.1397901e-10,4.574011e-06,1.2338894e-07,3.3198492e-07,5.441214e-06,0.99996316,1.7330468e-06,6.893187e-06
Chottogram/ctg107.wav,val,1.0357343e-08,0.99996996,8.667938e-06,7.265321e-06,5.907304e-07,1.2859159e-05,5.5783107e-11,6.1169663e-07,7.0591746e-09
Chottogram/ctg112.wav,val,1.8022988e-08,0.9999672,6.9376856e-06,1.4723331e-05,7.626568e-07,9.993326e-06,5.509816e-11,3.4785722e-07,8.4335845e-09
Chottogram/ctg117.wav,test,1.9079673e-08,0.9999702,5.0017957e-06,1.2731877e-05,1.070629e-06,1.0566478e-05,5.654282e-11,4.10854e-07,8.424284e-09
Chottogram/ctg118.wav,val,1.6196706e-08,0.9999672,6.050995e-06,1.7898097e-05,7.642673e-07,7.753266e-06,4.5644537e-11,2.8951632e-07,9.792857e-09
Chottogram/ctg12.wav,val,3.4243758e-08,0.9997985,2.1271396e-06,0.00019180342,5.0989097e-06,2.0188468e-06,4.7131864e-11,3.540783e-07,1.2237889e-07
Chottogram/ctg120.wav,val,1.517449e-08,0.9999682,5.2796495e-06,1.5906075e-05,9.4351924e-07,9.385435e-06,4.845975e-11,3.1629082e-07,7.936057e-09
Chottogram/ctg121.wav,test,1.9316703e-08,0.99996865,3.898663e-06,1.7384702e-05,1.2598879e-06,8.434149e-06,4.8893257e-11,2.7719724e-07,7.769453e-09
Chottogram/ctg126.wav,test,1.5919483e-08,0.9998597,0.00010572229,1.4506549e-05,1.2062372e-07,1.9018971e-05,1.7759653e-10,8.103813e-07,1.3693488e-08
Chottogram/ctg128.wav,test,1.2766902e-08,0.9999552,8.226295e-06,2.615563e-05,6.4048703e-07,9.431376e-06,5.3989164e-11,2.5208325e-07,7.3268995e-09
Chottogram/ctg138.wav,val,1.640495e-08,0.999969,4.8207867e-06,1.1810957e-05,1.0892127e-06,1.2905993e-05,5.5833293e-11,3.7244678e-07,6.2470424e-09
Chottogram/ctg142.wav,val,2.0640362e-08,0.9999666,6.0542125e-06,1.9932912e-05,7.589082e-07,6.3061643e-06,5.5761857e-11,3.1040855e-07,1.3513063e-08
Chottogram/ctg147.wav,test,1.6788617e-08,0.9999659,5.7618677e-06,1.8038416e-05,9.5199243e-07,8.890992e-06,5.3431426e-11,2.8010422e-07,7.332598e-09
Chottogram/ctg150.wav,val,1.0680075e-08,0.9999763,2.5950071e-06,9.153461e-06,1.7739009e-06,9.621561e-06,4.1815117e-11,5.50379e-07,6.900034e-09
Chottogram/ctg152.wav,test,2.2369637e-08,0.9999573,3.5977673e-06,3.1245498e-05,1.4209396e-06,6.190419e-06,5.103964e-11,2.2360476e-07,1.10199805e-08
Chottogram/ctg153.wav,test,3.1904136e-08,0.9999299,1.7057963e-06,9.880676e-06,7.949984e-06,4.9771676e-05,1.10905375e-10,7.616951e-07,4.2388004e-09
Chottogram/ctg156.wav,test,1.3735677e-08,0.99997365,2.5476131e-06,5.036208e-06,2.5047482e-06,1.5168128e-05,3.9395008e-11,1.0294249e-06,5.25234e-09
Chottogram/ctg159.wav,val,1.6905338e-08,0.99996877,1.9896936e-06,9.924767e-06,2.6623975e-06,1.6312055e-05,4.5033224e-11,3.41262e-07,2.7781788e-09
Chottogram/ctg161.wav,test,1.8300506e-08,0.9999529,7.959722e-07,2.7040556e-05,6.411331e-06,1.2676532e-05,3.30024e-11,1.6718202e-07,2.146158e-09
Chottogram/ctg167.wav,test,1.1063281e-08,0.9999707,1.7163865e-06,8.462801e-06,3.2096334e-06,1.5549329e-05,3.8473065e-11,4.7741213e-07,2.6171652e-09
Chottogram/ctg169.wav,test,2.424024e-08,0.99996173,1.4700149e-06,1.7185781e-05,3.3684842e-06,1.6022761e-05,4.88711e-11,2.1446282e-07,2.6271545e-09
Chottogram/ctg170.wav,val,1.3652572e-08,0.9999647,2.313861e-06,1.9968835e-05,1.7304517e-06,1.1079786e-05,3.4904597e-11,1.977815e-07,2.7322857e-09
Chottogram/ctg174.wav,test,3.4004497e-08,0.9999758,4.2929023e-06,6.1028227e-06,1.6121488e-06,1.126526e-05,6.553341e-11,8.517038e-07,8.868116e-09
Chottogram/ctg180.wav,val,1.08934906e-08,0.99996364,5.1086995e-06,1.812335e-05,9.666878e-07,1.18617245e-05,4.2803743e-11,2.5685296e-07,3.1287144e-09
Chottogram/ctg185.wav,test,1.2267798e-08,0.9999691,1.5291172e-06,5.9024533e-06,4.0552736e-06,1.8697412e-05,4.1216978e-11,6.58427e-07,2.717335e-09
Chottogram/ctg186.wav,test,1.138467e-08,0.9999757,1.1412347e-06,8.346733e-06,4.09721e-06,1.02607555e-05,3.0671153e-11,5.2699676e-07,3.7805226e-09
Chottogram/ctg188.wav,test,0.00033096474,0.008873314,6.375939e-05,0.98969436,3.404396e-06,2.1802047e-07,2.2885116e-07,2.2460668e-08,0.0010337027
Chottogram/ctg19.wav,test,1.8293278e-08,0.9999603,1.8129598e-05,4.9066925e-06,4.9122053e-07,1.3844246e-05,1.4400699e-10,2.2545926e-06,2.8832112e-08
Chottogram/ctg190.wav,test,2.46601e-05,0.06680021,1.6283033e-05,0.9330888,3.984214e-06,2.7259586e-07,8.517236e-09,9.271896e-09,6.587105e-05
Chottogram/ctg197.wav,val,1.2954801e-08,0.99997437,2.258879e-06,5.1010957e-06,2.2618603e-06,1.5162484e-05,3.7943836e-11,8.619173e-07,5.5433818e-09
Chottogram/ctg199.wav,test,1.1574299e-08,0.99998105,2.0559642e-06,8.929083e-06,2.0147527e-06,5.1539955e-06,2.5976152e-11,8.29154e-07,1.1667212e-08
Chottogram/ctg200.wav,test,1.3377791e-08,0.9999689,8.862991e-07,5.318414e-06,9.158127e-06,1.3419097e-05,3.5018304e-11,2.2549793e-06,6.8269754e-09
Chottogram/ctg218.wav,test,4.2051457e-08,0.99993277,3.60313e-05,3.197816e-06,3.8885884e-07,2.5079455e-05,1.747689e-10,2.541508e-06,1.9490988e-08
Chottogram/ctg219.wav,test,2.3364723e-08,0.9999621,2.1470244e-06,2.7078495e-06,3.7167617e-06,2.7859664e-05,6.231676e-11,1.4805491e-06,5.0934226e-09
Chottogram/ctg224.wav,test,3.6070352e-07,0.9995943,4.0472534e-07,0.00036599042,3.5361594e-05,3.4198194e-06,7.150284e-11,1.2569448e-07,5.262391e-08
Chottogram/ctg237.wav,test,0.0013901507,0.030338692,3.199877e-05,0.63414466,0.00015950589,5.2774993e-08,2.0169654e-07,2.3607413e-06,0.3339323
Chottogram/ctg242.wav,test,8.053144e-09,0.9999542,2.2257625e-05,3.34605e-06,3.760675e-07,1.7776696e-05,7.110135e-11,2.0366267e-06,1.2190991e-08
Chottogram/ctg244.wav,test,0.00023876126,0.00025014544,2.5616524e-07,0.99949336,1.6253285e-05,4.5188852e-07,4.6522363e-08,7.631456e-11,7.679746e-07
Chottogram/ctg245.wav,val,9.921835e-09,0.9999752,9.072878e-06,8.0038935e-06,4.6301892e-07,6.624244e-06,3.9603987e-11,6.2473373e-07,1.0467381e-08
Chottogram/ctg249.wav,test,1.12417675e-08,0.99996686,9.427422e-06,4.253911e-06,6.7531937e-07,1.7681426e-05,5.129896e-11,1.154283e-06,6.6045107e-09
Chottogram/ctg257.wav,val,1.4916168e-08,0.999972,1.1772067e-06,5.533373e-06,6.0455905e-06,1.4233196e-05,3.656302e-11,9.817759e-07,5.085872e-09
Chottogram/ctg268.wav,test,6.3491605e-08,0.9996674,5.9235294e-06,0.00032018407,1.4868003e-06,4.833763e-06,7.4994726e-11,6.3870324e-08,1.9069784e-08
Chottogram/ctg269.wav,val,3.3690572e-08,0.9999002,9.442072e-06,8.241065e-05,8.038131e-07,6.92842e-06,7.565014e-11,1.4268855e-07,1.218322e-08
Chottogram/ctg270.wav,test,3.229933e-08,0.9999211,7.921496e-06,6.423903e-05,8.3042806e-07,5.7589236e-06,6.600864e-11,1.565342e-07,1.5109459e-08
Chottogram/ctg275.wav,val,2.8376771e-08,0.9999049,1.296047e-05,7.239697e-05,6.114761e-07,8.958502e-06,9.076864e-11,1.734673e-07,1.4177423e-08
Chottogram/ctg276.wav,val,1.7215704e-08,0.99995375,8.958692e-06,2.9873616e-05,6.71385e-07,6.463988e-06,6.073492e-11,2.8691252e-07,1.1518704e-08
Chottogram/ctg278.wav,test,1.2364801e-08,0.9999659,1.1706531e-05,9.817535e-06,5.5017705e-07,1.1363425e-05,7.554062e-11,6.6862896e-07,9.67641e-09
Chottogram/ctg280.wav,test,2.408194e-08,0.9998872,2.049055e-05,8.2055805e-05,3.2656826e-07,9.603662e-06,9.834719e-11,1.3220208e-07,1.2982017e-08
Chottogram/ctg283.wav,val,2.3883187e-08,0.99997306,3.904418e-06,3.3363308e-06,2.0629693e-06,1.5949901e-05,6.245358e-11,1.6336077e-06,9.035069e-09
Chottogram/ctg286.wav,test,1.1932094e-08,0.9999598,1.7181063e-05,6.4113387e-06,4.7762734e-07,1.5294187e-05,6.076298e-11,8.5338706e-07,7.4617175e-09
Chottogram/ctg291.wav,test,3.2634183e-08,0.9999639,1.6382636e-06,1.8685692e-05,4.3800164e-06,1.0910509e-05,6.6333945e-11,3.641261e-07,6.2902203e-09
Chottogram/ctg30.wav,val,2.5640796e-08,0.99997437,1.7610231e-06,8.983252e-06,5.4991237e-06,6.643491e-06,7.8358646e-11,2.669297e-06,4.262706e-08
Chottogram/ctg305.wav,test,1.8087167e-08,0.9999703,1.6880748e-06,1.2261141e-05,3.5815187e-06,1.1756705e-05,3.7629306e-11,4.2224494e-07,4.4369672e-09
Chottogram/ctg306.wav,val,1.5508622e-08,0.99997234,1.1960773e-06,8.2657725e-06,6.245667e-06,1.125663e-05,3.647262e-11,7.2188334e-07,5.5427787e-09
Chottogram/ctg313.wav,test,4.0527954e-08,0.99994934,3.2252365e-07,8.451691e-06,2.5922523e-05,1.5095995e-05,5.199182e-11,7.260964e-07,5.1925775e-09
Chottogram/ctg314.wav,test,1.0436e-06,0.99966884,2.0892553e-07,8.884693e-05,0.00022386808,1.678402e-05,2.1177336e-10,3.5880734e-07,1.8892164e-08
Chottogram/ctg315.wav,test,3.7499884e-08,0.99996614,6.64766e-07,7.844792e-06,1.1915052e-05,1.2641169e-05,5.991643e-11,7.611999e-07,6.2522094e-09
Chottogram/ctg322.wav,val,1.1413106e-08,0.99997735,1.9788918e-06,5.517347e-06,2.2954912e-06,1.1962836e-05,3.7068938e-11,9.021272e-07,6.979181e-09
Chottogram/ctg324.wav,test,2.4762116e-08,0.99994993,1.5861106e-06,2.6382274e-06,5.772104e-06,3.785686e-05,8.111124e-11,2.1033723e-06,6.0529937e-09
Chottogram/ctg326.wav,val,1.20225545e-08,0.999967,1.7507684e-06,2.4424012e-06,4.7167046e-06,2.166192e-05,4.825862e-11,2.4121582e-06,5.789725e-09
Chottogram/ctg335.wav,val,8.410724e-09,0.9999783,4.7596036e-06,3.6904341e-06,1.4124669e-06,9.23351e-06,5.5081117e-11,2.6171044e-06,1.5044408e-08
Chottogram/ctg34.wav,test,3.9101455e-08,0.99996567,3.3023398e-06,1.930559e-05,4.3687273e-06,4.4702306e-06,1.11080596e-10,2.6679606e-06,1.4569412e-07
Chottogram/ctg343.wav,test,8.172318e-09,0.99998057,1.6982034e-06,6.572315e-06,3.0252852e-06,6.656679e-06,3.8279036e-11,1.3713181e-06,1.1591812e-08
Chottogram/ctg347.wav,test,8.496196e-09,0.99998045,3.3498e-06,6.2058302e-06,1.4614471e-06,6.879193e-06,4.142449e-11,1.5367966e-06,1.2988702e-08
Chottogram/ctg352.wav,test,7.0639374e-09,0.99997306,2.6264595e-06,2.1091437e-06,3.26717e-06,1.4288442e-05,5.4807932e-11,4.5491774e-06,1.2475996e-08
Chottogram/ctg353.wav,test,9.89795e-09,0.999974,2.0884754e-06,3.6182557e-06,4.225255e-06,1.3333581e-05,5.5516272e-11,2.7068954e-06,9.028393e-09
Chottogram/ctg355.wav,test,1.111942e-08,0.9999721,1.7926618e-06,3.736834e-06,3.1275042e-06,1.7760103e-05,4.5747253e-11,1.5254805e-06,6.0053575e-09
Chottogram/ctg359.wav,test,1.14141265e-08,0.9999714,6.1596825e-06,1.3388042e-05,5.452737e-07,8.281663e-06,3.9974336e-11,3.5504007e-07,6.227677e-09
Chottogram/ctg361.wav,val,3.0491464e-08,0.9999461,6.038726e-06,2.5045563e-05,2.1722856e-06,2.0005155e-05,1.9726326e-10,6.4082275e-07,1.2468666e-08
Chottogram/ctg362.wav,test,0.00015491704,3.1740143e-08,2.5740366e-05,2.5220952e-06,2.1915825e-05,2.1444128e-05,0.9988701,0.0003040163,0.0005992493
Chottogram/ctg363.wav,test,5.2253832e-05,0.9958056,3.1839903e-07,6.827954e-05,0.0038867188,0.00018398014,3.9145935e-09,2.7295594e-06,5.097402e-08
Chottogram/ctg365.wav,val,1.1155113e-05,1.6219574e-05,1.9867036e-08,3.7491766e-08,0.51732063,7.055662e-05,1.5774256e-05,0.48254037,2.5144354e-05
Chottogram/ctg366.wav,test,2.0043615e-06,0.9934336,1.539067e-05,8.4850535e-06,0.00045233473,2.7878896e-05,2.0413886e-08,0.006022141,3.8188482e-05
Chottogram/ctg368.wav,test,1.0890557e-08,0.9999517,2.0675765e-05,2.0785666e-05,1.9145148e-07,6.376463e-06,4.779711e-11,3.3820805e-07,1.0202806e-08
Chottogram/ctg37.wav,val,5.696351e-08,0.9967056,3.0824976e-05,4.8691563e-06,4.5474603e-06,0.003250012,2.266434e-09,4.19249e-06,2.1014852e-09
Chottogram/ctg374.wav,val,1.0609388e-08,0.99993515,4.7414247e-05,3.9126676e-06,2.0782646e-07,9.747414e-06,1.0453763e-10,3.446449e-06,2.998676e-08
Chottogram/ctg377.wav,test,1.470745e-07,0.99989045,1.0496692e-06,1.4543912e-05,6.580224e-05,5.9586746e-06,2.5195915e-10,2.1846661e-05,2.6906008e-07
Chottogram/ctg380.wav,val,2.4771076e-08,0.9999703,7.225451e-07,1.2030619e-05,1.0283692e-05,5.531929e-06,3.509371e-11,1.1072037e-06,1.7007531e-08
Chottogram/ctg381.wav,val,1.177812e-07,0.999941,4.6936725e-07,1.8242466e-05,3.0932642e-05,7.91334e-06,8.1056696e-11,1.2946058e-06,3.600595e-08
Chottogram/ctg390.wav,test,2.8076245e-08,0.99996376,7.904857e-07,2.1490325e-05,8.889658e-06,4.0074756e-06,3.453313e-11,8.7885917e-07,2.7597082e-08
Chottogram/ctg391.wav,test,3.4584698e-07,0.9999385,7.532505e-07,2.7338432e-05,2.2049344e-05,1.0102505e-05,1.673197e-10,8.2353694e-07,4.1619213e-08
Chottogram/ctg394.wav,val,3.2839032e-06,0.99988127,2.9192572e-06,4.086913e-05,2.2959899e-05,4.692654e-05,1.4716126e-09,1.5193269e-06,1.5333073e-07
Chottogram/ctg399.wav,test,3.3217045e-08,0.9999683,6.7086995e-07,6.584387e-06,1.4070704e-05,8.532588e-06,4.6132268e-11,1.8096172e-06,1.9741464e-08
Chottogram/ctg407.wav,val,0.77380896,0.020794155,0.00081087695,0.0010268575,0.05117124,0.0010647515,0.003035659,0.08757714,0.06071032
Chottogram/ctg408.wav,test,4.8103843e-08,0.99995744,6.062514e-07,8.543105e-06,2.0920044e-05,9.953641e-06,7.296715e-11,2.3864372e-06,2.7404038e-08
Chottogram/ctg409.wav,test,1.2240125e-08,0.99997115,5.702229e-07,9.997492e-06,1.00847865e-05,6.975016e-06,2.629824e-11,1.0324133e-06,1.1752952e-08
Chottogram/ctg414.wav,test,1.3415008e-08,0.999966,2.9777173e-06,1.0165293e-05,2.7377291e-06,1.7487235e-05,5.375291e-11,5.412199e-07,3.773469e-09
Chottogram/ctg415.wav,val,1.33715155e-08,0.9999479,2.309304e-05,9.840877e-06,4.189772e-07,1.8140061e-05,8.5351025e-11,5.921302e-07,6.7592247e-09
Chottogram/ctg417.wav,test,8.879017e-09,0.99996436,5.1397683e-06,1.4304406e-05,1.3106239e-06,1.4566989e-05,4.2335767e-11,3.5111918e-07,3.3892527e-09
Chottogram/ctg419.wav,val,2.195705e-08,0.99995303,1.7643189e-06,3.6526017e-05,3.0917931e-06,5.4147486e-06,3.607851e-11,1.8715288e-07,7.090699e-09
Chottogram/ctg42.wav,test,2.0144846e-08,0.9999815,2.083518e-06,5.0578496e-06,3.1368536e-06,6.1126434e-06,4.7669885e-11,2.1204094e-06,2.400542e-08
Chottogram/ctg420.wav,test,2.4080526e-08,0.99992394,2.515266e-06,6.598122e-05,1.8708257e-06,5.651846e-06,3.819759e-11,1.011352e-07,6.0234107e-09
Chottogram/ctg425.wav,test,2.299685e-08,0.99996114,5.1690614e-07,1.0645925e-05,1.9042265e-05,7.912949e-06,3.7991853e-11,7.5734386e-07,7.1693202e-09
Chottogram/ctg428.wav,test,1.2163442e-06,0.9351812,3.4624754e-06,0.064772815,3.7651636e-05,3.044858e-06,4.674027e-10,4.325734e-08,6.266818e-07
Chottogram/ctg430.wav,val,1.6305982e-08,0.99997556,1.2661105e-06,1.18114185e-05,5.4561747e-06,4.537477e-06,3.6825116e-11,1.2612767e-06,2.0751669e-08
Chottogram/ctg432.wav,val,1.5485542e-08,0.9999709,3.465382e-06,1.2359035e-05,1.7180884e-06,1.1123369e-05,4.704945e-11,3.848908e-07,4.871962e-09
Chottogram/ctg434.wav,test,1.8372946e-08,0.99995327,1.615423e-06,3.6551322e-05,3.4571542e-06,4.841162e-06,3.1502356e-11,2.0926738e-07,7.797555e-09
Chottogram/ctg437.wav,test,4.5600174e-08,0.9997315,0.00013131298,0.00012154429,1.7501567e-07,1.5309635e-05,2.6406233e-10,1.8559228e-07,1.558806e-08
Chottogram/ctg438.wav,test,1.3790356e-08,0.9999641,1.1099145e-05,1.2208536e-05,7.056025e-07,1.1317268e-05,6.432914e-11,5.173214e-07,4.940304e-09
Chottogram/ctg439.wav,val,9.9612905e-09,0.99997663,6.839916e-06,5.212861e-06,9.1284414e-07,9.473272e-06,4.5447764e-11,1.0228352e-06,8.453151e-09
Chottogram/ctg444.wav,test,1.7206212e-08,0.9999726,1.4323655e-06,1.11515465e-05,4.0542004e-06,1.0396704e-05,4.437887e-11,4.253953e-07,4.712843e-09
Chottogram/ctg447.wav,val,1.3312575e-08,0.9999763,1.7163993e-06,4.726551e-06,3.0252954e-06,1.3270462e-05,3.424039e-11,9.961791e-07,4.814796e-09
Chottogram/ctg448.wav,test,1.4550485e-08,0.9999747,2.5533343e-06,4.1394383e-06,2.3301823e-06,1.4972984e-05,4.307268e-11,1.1715999e-06,5.172711e-09
Chottogram/ctg45.wav,test,4.026117e-08,0.9998832,3.8245682e-07,9.524659e-05,1.6858934e-05,3.9088577e-06,4.6832867e-11,2.8960687e-07,2.1624984e-08
Chottogram/ctg453.wav,test,1.1905101e-08,0.99997425,3.5638598e-06,7.780066e-06,1.1813053e-06,1.26645e-05,3.7671536e-11,5.408817e-07,5.3880793e-09
Chottogram/ctg457.wav,test,0.00023996475,0.00013735,4.9108206e-05,4.4069557e-06,0.00022313716,3.5201035e-07,4.8250356e-05,0.19631746,0.80297995
Chottogram/ctg460.wav,test,9.555423e-05,0.00039404337,4.088603e-05,6.214512e-05,7.196105e-06,1.7194937e-08,1.6462884e-06,0.00048540792,0.9989133
Chottogram/ctg465.wav,val,0.020778995,9.650743e-06,3.4331413e-05,0.18936856,5.50241e-06,9.7664525e-09,2.7776505e-05,1.3575635e-07,0.7897751
Chottogram/ctg466.wav,val,0.0060310173,3.4878893e-05,2.5175283e-05,0.7241516,3.4515322e-06,6.615291e-09,5.925067e-06,2.9922525e-08,0.26974797
Chottogram/ctg467.wav,test,3.823373e-06,0.9988403,4.0976327e-05,0.0009505891,7.4176287e-06,7.3085755e-07,3.7444425e-09,1.1304505e-05,0.00014493107
Chottogram/ctg468.wav,test,1.677871e-08,0.9999747,2.0510827e-06,4.69301e-06,3.4552013e-06,1.342386e-05,5.456687e-11,1.6226962e-06,9.499276e-09
Chottogram/ctg469.wav,test,1.7493038e-08,0.9999684,1.8866081e-06,3.267535e-06,4.285139e-06,2.0426514e-05,5.829053e-11,1.7311218e-06,6.7937704e-09
Chottogram/ctg470.wav,val,1.1877988e-08,0.99997544,6.5904837e-06,7.1290638e-06,7.089074e-07,9.273558e-06,4.749743e-11,8.268554e-07,1.1601927e-08
Chottogram/ctg474.wav,val,8.929345e-09,0.99997663,1.5087677e-06,4.6974696e-06,3.3417466e-06,1.2655862e-05,3.3534862e-11,1.1401795e-06,5.5532254e-09
Chottogram/ctg476.wav,val,1.5387625e-08,0.9999696,6.858186e-07,6.3092934e-06,8.599054e-06,1.3774865e-05,3.3932253e-11,9.771378e-07,4.885933e-09
Chottogram/ctg486.wav,val,7.757444e-09,0.99996674,3.2610978e-06,2.5581458e-05,1.3203813e-06,2.2572513e-06,2.211759e-11,7.0787365e-07,2.14616e-08
Chottogram/ctg487.wav,val,5.0697487e-08,0.99993193,3.9383885e-06,5.4204702e-05,1.7791759e-06,8.00702e-06,6.7773634e-11,1.8576569e-07,1.2438323e-08
Chottogram/ctg49.wav,val,7.0220444e-06,0.30213007,9.1730914e-07,0.69767654,0.00017752663,8.004981e-07,1.4074476e-09,1.992163e-08,7.1493378e-06
Chottogram/ctg492.wav,test,1.860508e-08,0.99997365,1.628005e-06,9.541955e-06,3.5851465e-06,1.0907693e-05,3.939351e-11,6.3254316e-07,4.965404e-09
Chottogram/ctg494.wav,val,1.3067521e-08,0.9999727,1.8272199e-06,1.1756957e-05,3.004451e-06,1.0126417e-05,3.1683683e-11,5.722061e-07,4.9591242e-09
Chottogram/ctg498.wav,val,2.0271406e-08,0.99990237,6.288887e-05,2.0589152e-05,1.6446536e-07,1.3413662e-05,1.08539476e-10,5.466548e-07,1.523863e-08
Chottogram/ctg501.wav,test,9.690548e-08,0.9997528,0.00016210851,6.661185e-05,1.4841342e-07,1.762371e-05,4.1944528e-10,4.9955054e-07,3.681184e-08
Chottogram/ctg503.wav,val,2.307356e-08,0.99965405,0.0003068097,1.7743958e-05,8.569451e-08,1.994828e-05,2.808123e-10,1.3311524e-06,2.7380054e-08
Chottogram/ctg508.wav,test,1.7327791e-07,0.99993217,2.6394944e-06,9.291481e-06,5.4636594e-06,4.9316925e-05,3.1043498e-10,8.92608e-07,9.772865e-09
Chottogram/ctg511.wav,test,0.00025510963,0.000553021,0.83555835,9.2703325e-05,1.0047421e-06,0.00016317272,0.06580153,0.055551507,0.042023566
Chottogram/ctg517.wav,val,1.1222789e-08,0.99997663,4.579049e-06,1.3556357e-05,6.0975833e-07,4.0387654e-06,3.4373695e-11,5.0433874e-07,1.3304304e-08
Chottogram/ctg518.wav,val,8.715321e-09,0.99994326,3.5856923e-05,3.182495e-06,2.4309256e-07,1.3588016e-05,1.1421655e-10,3.9094693e-06,2.1472193e-08
Chottogram/ctg52.wav,val,1.9789061e-08,0.9999255,2.0471076e-05,4.520878e-05,3.6531975e-07,8.1928e-06,7.707312e-11,2.0510589e-07,1.17800205e-08
Chottogram/ctg520.wav,val,0.0011502241,0.14246534,0.83607936,0.0047250823,7.988883e-06,0.003015176,0.009819351,0.0010310906,0.0017064654
Chottogram/ctg525.wav,val,6.7658916e-06,0.6862044,0.0006449837,0.3131215,8.2804394e-07,2.0860994e-05,1.3824475e-08,1.774678e-08,6.4592393e-07
Chottogram/ctg526.wav,test,2.2849168e-05,0.000282666,3.5193082e-06,0.99968934,3.7070285e-07,1.7232676e-07,2.922237e-08,6.099721e-11,1.0599996e-06
Chottogram/ctg530.wav,val,3.8358273e-08,0.9999527,1.1989546e-06,3.482349e-05,3.2578441e-06,7.715256e-06,3.6954512e-11,1.829027e-07,5.2421516e-09
Chottogram/ctg536.wav,test,4.315161e-06,0.47083223,1.9230078e-05,0.52912617,1.3190836e-05,2.951743e-06,2.3403188e-09,1.4899179e-08,1.9278802e-06
Chottogram/ctg548.wav,val,1.00884145e-08,0.9999757,3.7065508e-06,4.8694933e-06,1.5209289e-06,1.2854769e-05,4.469024e-11,1.270923e-06,6.274286e-09
Chottogram/ctg549.wav,val,1.1997515e-08,0.9999745,2.1689546e-06,8.129658e-06,2.3927657e-06,1.2177987e-05,3.6497753e-11,6.3588544e-07,4.5924358e-09
Chottogram/ctg562.wav,val,2.5465036e-08,0.9997756,0.00015060294,1.43757115e-05,6.820405e-07,2.773463e-05,1.4361486e-09,3.0828112e-05,2.2833711e-07
Chottogram/ctg565.wav,test,5.3461573e-08,0.9999753,1.9014632e-06,6.7868536e-06,5.304508e-06,8.516177e-06,1.0131614e-10,2.2078848e-06,2.7959748e-08
Chottogram/ctg567.wav,test,1.421157e-08,0.99997973,1.6348997e-06,4.3283712e-06,3.1917816e-06,9.574071e-06,4.0566946e-11,1.4551864e-06,1.02609965e-08
Chottogram/ctg569.wav,test,3.3478346e-07,0.99984515,1.5110885e-05,1.361039e-05,1.3551459e-05,2.7744904e-06,1.5024392e-09,9.647922e-05,1.2940923e-05
Chottogram/ctg571.wav,test,4.5789317e-08,0.99997985,3.6705103e-06,5.898201e-06,2.071332e-06,6.394943e-06,9.463399e-11,1.9619733e-06,3.9419742e-08
Chottogram/ctg572.wav,test,1.22926185e-08,0.99998,1.0275207e-06,6.054524e-06,5.5985206e-06,5.4579787e-06,3.6408817e-11,1.7578029e-06,1.8404757e-08
Chottogram/ctg578.wav,val,3.099281e-08,0.99998116,4.043366e-06,5.079068e-06,1.6608918e-06,5.8045616e-06,7.55693e-11,2.1276321e-06,4.78254e-08
Chottogram/ctg585.wav,val,1.24312365e-08,0.999982,1.3990684e-06,4.463211e-06,3.7831956e-06,6.6739844e-06,3.9175194e-11,1.6594856e-06,1.5584444e-08
Chottogram/ctg588.wav,test,3.320104e-08,0.99997854,1.6259866e-06,4.214436e-06,4.305538e-06,9.466832e-06,6.60001e-11,1.8998307e-06,2.0198112e-08
Chottogram/ctg593.wav,test,2.4691053e-08,0.9999751,7.452238e-07,7.5454677e-06,1.0248837e-05,3.7418304e-06,4.435774e-11,2.6023945e-06,4.924997e-08
Chottogram/ctg595.wav,val,1.26986395e-08,0.99998033,2.3427087e-06,3.3455728e-06,2.596129e-06,9.281557e-06,4.7758103e-11,2.0101547e-06,1.3683417e-08
Chottogram/ctg598.wav,val,1.6776323e-08,0.99997926,1.2881367e-06,8.8611105e-06,4.0109207e-06,5.4101265e-06,3.8666285e-11,1.1875236e-06,1.8439989e-08
Chottogram/ctg599.wav,test,1.496301e-08,0.9999814,2.0524405e-06,4.4422823e-06,2.7565902e-06,7.2571843e-06,5.1886592e-11,1.9481995e-06,1.9267787e-08
Chottogram/ctg6.wav,test,9.871473e-09,0.9999752,1.3676995e-06,6.9662888e-06,3.7682807e-06,1.1802665e-05,2.9831262e-11,8.76238e-07,7.078155e-09
Chottogram/ctg603.wav,val,3.23906e-07,0.9999032,5.7085035e-06,1.34622305e-05,2.1416925e-05,2.579491e-06,5.935705e-10,4.7422403e-05,5.7651782e-06
Chottogram/ctg604.wav,test,2.4526457e-07,0.99996746,1.7814667e-06,1.259601e-05,1.009337e-05,4.8266497e-06,1.6206367e-10,2.9448436e-06,1.8698145e-07
Chottogram/ctg623.wav,test,2.6339386e-08,0.999931,1.5320965e-06,5.4655473e-05,4.9896557e-06,7.662623e-06,4.3038358e-11,1.4940763e-07,5.7498233e-09
Chottogram/ctg624.wav,test,1.3619424e-08,0.99996376,6.6109283e-06,1.9753834e-05,9.272658e-07,8.690539e-06,5.0529116e-11,3.2605047e-07,6.7373604e-09
Chottogram/ctg629.wav,val,1.2916625e-08,0.99996626,4.7448443e-06,1.4227673e-05,1.7045834e-06,1.2689412e-05,5.902072e-11,4.2751765e-07,4.763567e-09
Chottogram/ctg631.wav,test,4.1100442e-08,0.9999286,9.327363e-07,2.9290754e-06,4.211022e-05,1.4159094e-05,1.02254316e-10,1.1147111e-05,2.8749815e-08
Chottogram/ctg638.wav,val,1.8686414e-08,0.9999527,1.0538186e-05,2.2726646e-05,7.099209e-07,1.3005043e-05,7.310443e-11,2.7343228e-07,6.0231358e-09
Chottogram/ctg64.wav,test,1.787003e-08,0.9999777,2.7642511e-06,6.961233e-06,2.0139894e-06,9.691498e-06,4.5522593e-11,9.542051e-07,1.1582894e-08
Chottogram/ctg652.wav,test,1.749284e-07,0.9999031,4.185395e-07,5.4396136e-05,3.6813602e-05,4.398356e-06,7.323702e-11,6.485453e-07,5.2772265e-08
Chottogram/ctg654.wav,val,3.5908858e-08,0.9999702,1.4763834e-06,3.0918993e-06,5.3635185e-06,1.7355542e-05,7.195846e-11,2.3625728e-06,1.2672476e-08
Chottogram/ctg66.wav,val,3.2903348e-08,0.9999782,2.2893607e-06,5.678161e-06,2.7719846e-06,9.630796e-06,5.914528e-11,1.4000722e-06,1.4715792e-08
Chottogram/ctg664.wav,val,5.5549993e-08,0.9999236,1.181313e-06,4.534801e-06,1.86557e-05,4.814566e-05,1.9595982e-10,3.759511e-06,1.2471761e-08
Chottogram/ctg666.wav,test,1.356378e-07,0.9993523,6.337785e-06,0.00063285744,1.7672116e-06,6.713169e-06,1.10167896e-10,3.1618388e-08,1.6144103e-08
Chottogram/ctg675.wav,val,1.2745991e-08,0.99997723,2.9136825e-06,6.936881e-06,2.1415253e-06,9.993873e-06,4.2901915e-11,7.3830284e-07,6.8687505e-09
Chottogram/ctg685.wav,test,1.4327787e-08,0.9999759,1.6572155e-06,9.862651e-06,3.5414505e-06,8.309874e-06,3.5893056e-11,6.4658605e-07,6.768109e-09
Chottogram/ctg687.wav,val,2.357275e-08,0.99992657,6.6228226e-06,5.535743e-05,1.0430482e-06,1.0274977e-05,5.877472e-11,1.264449e-07,5.248538e-09
Chottogram/ctg689.wav,test,2.3056932e-08,0.99996305,4.3110217e-06,2.4154579e-05,1.2695598e-06,6.9597363e-06,4.7475825e-11,2.6481393e-07,8.244977e-09
Chottogram/ctg69.wav,val,1.7169436e-08,0.9999769,1.6551292e-06,5.379337e-06,3.842962e-06,1.09031525e-05,5.2584864e-11,1.431155e-06,1.0424324e-08
Chottogram/ctg693.wav,test,9.3148856e-08,0.999204,7.4994687e-06,0.00078129687,1.4560264e-06,5.717845e-06,9.276522e-11,3.2286017e-08,1.538212e-08
Chottogram/ctg694.wav,test,4.376257e-08,0.99980325,5.411945e-06,0.00018531158,1.3594934e-06,4.572351e-06,6.04021e-11,8.3297245e-08,1.4487735e-08
Chottogram/ctg699.wav,val,2.0903169e-08,0.9999541,7.434723e-06,3.1607804e-05,7.15539e-07,5.8545834e-06,5.1662695e-11,2.2255372e-07,1.1200297e-08
Chottogram/ctg7.wav,test,1.027194e-08,0.9999776,2.161583e-06,9.853566e-06,1.9667852e-06,7.769942e-06,3.2283797e-11,6.820703e-07,1.07348415e-08
Chottogram/ctg700.wav,test,1.944932e-08,0.9999442,6.14626e-06,4.0999126e-05,8.371362e-07,7.669539e-06,5.1327456e-11,1.4947744e-07,7.2742816e-09
Chottogram/ctg704.wav,val,2.3230172e-08,0.99997926,3.2177888e-06,8.290161e-06,2.2494937e-06,5.2477917e-06,6.736957e-11,1.7802275e-06,3.437836e-08
Chottogram/ctg711.wav,test,1.45398324e-08,0.9999633,3.8585795e-06,2.1668577e-05,1.2286156e-06,9.658089e-06,4.5899454e-11,2.1171104e-07,4.6166853e-09
Chottogram/ctg714.wav,val,2.0851136e-08,0.99996996,3.6481986e-06,1.1973579e-05,1.5451881e-06,1.2519132e-05,5.3124345e-11,3.5469807e-07,5.306384e-09
Chottogram/ctg717.wav,val,1.2828138e-08,0.9999738,5.4093794e-06,3.201316e-06,1.308975e-06,1.4549938e-05,5.2454877e-11,1.7234316e-06,8.51962e-09
Chottogram/ctg718.wav,val,9.77873e-09,0.9999789,4.4505055e-06,3.7250638e-06,1.3374864e-06,9.56302e-06,4.5935904e-11,1.982034e-06,1.1334658e-08
Chottogram/ctg722.wav,test,9.078149e-09,0.99998236,2.9391613e-06,4.3362124e-06,1.7731505e-06,6.666544e-06,3.7515026e-11,1.8077124e-06,1.3354568e-08
Chottogram/ctg724.wav,val,8.47877e-09,0.9999682,2.2399552e-06,4.5246006e-06,2.9796784e-06,2.0372196e-05,5.193254e-11,1.6284183e-06,4.9240962e-09
Chottogram/ctg725.wav,test,7.892304e-09,0.99995947,4.5015786e-06,2.741646e-06,2.134054e-06,2.7380205e-05,7.824487e-11,3.659583e-06,7.4469284e-09
Chottogram/ctg728.wav,test,8.193546e-08,0.9999403,1.4030981e-05,3.224162e-05,1.0423286e-06,1.1317052e-05,2.040895e-10,9.843088e-07,3.1740587e-08
Chottogram/ctg735.wav,test,9.743982e-09,0.9999783,1.4129978e-06,8.1376875e-06,3.3208066e-06,8.027891e-06,2.4220362e-11,7.463806e-07,5.574215e-09
Chottogram/ctg742.wav,val,2.2664304e-08,0.99997485,9.159758e-07,7.799928e-06,5.777546e-06,9.92285e-06,4.542541e-11,7.8274894e-07,7.53464e-09
Chottogram/ctg743.wav,val,1.05048485e-07,0.9999391,3.6301415e-07,1.9020537e-05,2.9718627e-05,1.1226452e-05,8.5357436e-11,5.847802e-07,1.2039865e-08
Chottogram/ctg745.wav,test,3.0512926e-08,0.99995756,5.700003e-07,7.0038764e-06,1.1159069e-05,2.2901206e-05,5.5966676e-11,7.0853577e-07,4.495844e-09
Chottogram/ctg747.wav,test,1.02690876e-07,0.9998615,6.0096255e-07,0.000110861634,1.6636961e-05,1.009746e-05,7.7340315e-11,1.4394823e-07,1.004623e-08
Chottogram/ctg752.wav,val,7.069405e-07,0.9965593,1.4677352e-07,6.601443e-05,0.0032271338,0.00014469321,9.1083263e-10,1.8875763e-06,1.2359163e-08
Chottogram/ctg754.wav,val,3.8309146e-08,0.99997187,9.0031654e-07,1.058138e-05,5.8803325e-06,1.0200167e-05,5.0871467e-11,5.421581e-07,8.089279e-09
Chottogram/ctg758.wav,test,6.5124546e-08,0.9999603,4.6792377e-07,1.5772705e-05,1.7244978e-05,5.182876e-06,5.903241e-11,1.0060868e-06,2.1149054e-08
Chottogram/ctg765.wav,val,3.728946e-08,0.99996567,6.443824e-07,1.653813e-05,8.5013835e-06,8.050245e-06,4.498209e-11,4.486907e-07,9.064935e-09
Chottogram/ctg766.wav,val,4.5809536e-08,0.99996734,8.017807e-07,7.028709e-06,9.244652e-06,1.43925445e-05,8.008269e-11,1.0469156e-06,1.1679409e-08
Chottogram/ctg780.wav,test,1.5321962e-08,0.999977,1.6765426e-06,8.102017e-06,2.3560392e-06,1.023444e-05,3.591747e-11,6.296744e-07,7.187425e-09
Chottogram/ctg784.wav,test,3.6442543e-08,0.9998934,1.0039325e-05,9.203949e-05,1.0821263e-06,2.8781178e-06,6.917336e-11,4.4953458e-07,7.824982e-08
Chottogram/ctg791.wav,test,0.0009814126,5.5539463e-06,3.111537e-07,0.9989201,5.0253593e-06,1.8360826e-08,4.2496097e-07,1.2993465e-10,8.718061e-05
Chottogram/ctg794.wav,test,1.0330689e-08,0.9999682,5.5004166e-06,2.721699e-06,1.3936015e-06,2.0159021e-05,5.7615693e-11,2.0864427e-06,6.8553643e-09
Chottogram/ctg80.wav,val,7.0116016e-08,0.99995565,1.1275454e-06,3.6488352e-06,1.8465413e-05,9.393707e-06,1.5570588e-10,1.160871e-05,6.4673415e-08
Chottogram/ctg81.wav,test,1.15755405e-08,0.999974,1.6300407e-06,1.8517845e-05,2.2963616e-06,2.8996e-06,2.7227618e-11,6.186777e-07,1.9223522e-08
Chottogram/ctg85.wav,val,1.6621005e-08,0.99996483,2.853697e-06,2.7854107e-05,1.2897135e-06,2.6963714e-06,3.3944198e-11,4.4363046e-07,2.7336428e-08
Chottogram/ctg94.wav,test,1.1533237e-08,0.99995375,2.0557933e-05,6.9841667e-06,3.9818593e-07,1.7572833e-05,9.009211e-11,7.6616465e-07,8.709995e-09
Chottogram/ctg98.wav,val,1.0224676e-08,0.9999548,7.0808096e-06,6.677432e-06,9.509284e-07,2.9923634e-05,6.9455525e-11,5.7047026e-07,3.141519e-09
